"module","gene"
"hepatic_inflammatory_module","TNF"
"hepatic_inflammatory_module","NFKB1"
"hepatic_inflammatory_module","NFKB2"
"hepatic_inflammatory_module","RELA"
"hepatic_inflammatory_module","RELB"
"hepatic_inflammatory_module","NFKBIA"
"hepatic_inflammatory_module","NFKBIE"
"hepatic_inflammatory_module","IKBKG"
"hepatic_inflammatory_module","CHUK"
"hepatic_inflammatory_module","IKBKB"
"hepatic_inflammatory_module","MAP3K7"
"hepatic_inflammatory_module","TRAF2"
"hepatic_inflammatory_module","TRAF6"
"hepatic_inflammatory_module","RIPK1"
"hepatic_inflammatory_module","BCL3"
"hepatic_inflammatory_module","ICAM1"
"hepatic_inflammatory_module","VCAM1"
"hepatic_inflammatory_module","SELE"
"hepatic_inflammatory_module","CSF1"
"hepatic_inflammatory_module","CSF2"
"hepatic_inflammatory_module","TNFAIP3"
"hepatic_inflammatory_module","TNFRSF1A"
"hepatic_inflammatory_module","TNFRSF1B"
"hepatic_inflammatory_module","CCL2"
"hepatic_inflammatory_module","CCL5"
"hepatic_inflammatory_module","CXCL1"
"hepatic_inflammatory_module","CXCL2"
"hepatic_inflammatory_module","CXCL8"
"hepatic_inflammatory_module","CXCL10"
"hepatic_inflammatory_module","IL1A"
"hepatic_inflammatory_module","IL1B"
"hepatic_inflammatory_module","IL6"
"hepatic_inflammatory_module","IL7R"
"hepatic_inflammatory_module","PTGS2"
"hepatic_inflammatory_module","NOS2"
"hepatic_inflammatory_module","MMP3"
"hepatic_inflammatory_module","MMP9"
"hepatic_inflammatory_module","GZMB"
"hepatic_inflammatory_module","FAS"
"hepatic_inflammatory_module","FASLG"
"hepatic_inflammatory_module","BIRC2"
"hepatic_inflammatory_module","BIRC3"
"hepatic_inflammatory_module","XIAP"
"hepatic_inflammatory_module","GADD45B"
"hepatic_inflammatory_module","GADD45A"
"hepatic_inflammatory_module","EGR1"
"hepatic_inflammatory_module","ATF3"
"hepatic_inflammatory_module","JUN"
"hepatic_inflammatory_module","FOS"
"hepatic_inflammatory_module","FOSB"
"hepatic_inflammatory_module","IER3"
"hepatic_inflammatory_module","KLF6"
"hepatic_inflammatory_module","NR4A1"
"hepatic_inflammatory_module","NR4A2"
"hepatic_inflammatory_module","PLAU"
"hepatic_inflammatory_module","SERPINB2"
"hepatic_inflammatory_module","BCL2A1"
"hepatic_inflammatory_module","CCL20"
"hepatic_inflammatory_module","CXCL3"
"hepatic_inflammatory_module","EDN1"
"hepatic_inflammatory_module","IRF1"
"hepatic_inflammatory_module","PTX3"
"hepatic_inflammatory_module","STAT5A"
"hepatic_inflammatory_module","VEGFA"
"hepatic_inflammatory_module","IL6R"
"hepatic_inflammatory_module","IL6ST"
"hepatic_inflammatory_module","JAK1"
"hepatic_inflammatory_module","JAK2"
"hepatic_inflammatory_module","TYK2"
"hepatic_inflammatory_module","STAT1"
"hepatic_inflammatory_module","STAT3"
"hepatic_inflammatory_module","SOCS1"
"hepatic_inflammatory_module","SOCS3"
"hepatic_inflammatory_module","SAA1"
"hepatic_inflammatory_module","CRP"
"hepatic_inflammatory_module","FGB"
"hepatic_inflammatory_module","FGA"
"hepatic_inflammatory_module","SERPINA3"
"hepatic_inflammatory_module","HP"
"hepatic_inflammatory_module","LBP"
"hepatic_inflammatory_module","ORM1"
"hepatic_inflammatory_module","A2M"
"hepatic_inflammatory_module","C3"
"hepatic_inflammatory_module","IFIT3"
"hepatic_inflammatory_module","CD14"
"hepatic_inflammatory_module","CD163"
"hepatic_inflammatory_module","TLR1"
"hepatic_inflammatory_module","TLR2"
"hepatic_inflammatory_module","TLR4"
"hepatic_inflammatory_module","TLR5"
"hepatic_inflammatory_module","TLR7"
"hepatic_inflammatory_module","MYD88"
"hepatic_inflammatory_module","IRAK1"
"hepatic_inflammatory_module","IRAK4"
"hepatic_inflammatory_module","TICAM1"
"hepatic_inflammatory_module","NLRP3"
"hepatic_inflammatory_module","CASP1"
"hepatic_inflammatory_module","PYCARD"
"hepatic_inflammatory_module","IL18"
"hepatic_inflammatory_module","IL33"
"hepatic_inflammatory_module","IL10"
"hepatic_inflammatory_module","IL12A"
"hepatic_inflammatory_module","IL12B"
"hepatic_inflammatory_module","IFNG"
"hepatic_inflammatory_module","IFNB1"
"hepatic_inflammatory_module","CCL3"
"hepatic_inflammatory_module","CCL4"
"hepatic_inflammatory_module","CCL7"
"hepatic_inflammatory_module","CCL8"
"hepatic_inflammatory_module","CXCL9"
"hepatic_inflammatory_module","CXCL11"
"hepatic_inflammatory_module","HMOX1"
"hepatic_inflammatory_module","NFE2L2"
"hepatic_inflammatory_module","AREG"
"hepatic_inflammatory_module","BTC"
"hepatic_inflammatory_module","CSF3"
"hepatic_inflammatory_module","LIF"
"hepatic_inflammatory_module","OSM"
"hepatic_inflammatory_module","CX3CL1"
"hepatic_inflammatory_module","CCL17"
"hepatic_inflammatory_module","ABCA1"
"hepatic_inflammatory_module","ACKR3"
"hepatic_inflammatory_module","ATP2B1"
"hepatic_inflammatory_module","B4GALT1"
"hepatic_inflammatory_module","B4GALT5"
"hepatic_inflammatory_module","BCL6"
"hepatic_inflammatory_module","BHLHE40"
"hepatic_inflammatory_module","BMP2"
"hepatic_inflammatory_module","BTG1"
"hepatic_inflammatory_module","BTG2"
"hepatic_inflammatory_module","BTG3"
"hepatic_inflammatory_module","CCN1"
"hepatic_inflammatory_module","CCND1"
"hepatic_inflammatory_module","CCNL1"
"hepatic_inflammatory_module","CCRL2"
"hepatic_inflammatory_module","CD44"
"hepatic_inflammatory_module","CD69"
"hepatic_inflammatory_module","CD80"
"hepatic_inflammatory_module","CD83"
"hepatic_inflammatory_module","CDKN1A"
"hepatic_inflammatory_module","CEBPB"
"hepatic_inflammatory_module","CEBPD"
"hepatic_inflammatory_module","CFLAR"
"hepatic_inflammatory_module","CLCF1"
"hepatic_inflammatory_module","CXCL6"
"hepatic_inflammatory_module","DENND5A"
"hepatic_inflammatory_module","DNAJB4"
"hepatic_inflammatory_module","DRAM1"
"hepatic_inflammatory_module","DUSP1"
"hepatic_inflammatory_module","DUSP2"
"hepatic_inflammatory_module","DUSP4"
"hepatic_inflammatory_module","DUSP5"
"hepatic_inflammatory_module","EFNA1"
"hepatic_inflammatory_module","EGR2"
"hepatic_inflammatory_module","EGR3"
"hepatic_inflammatory_module","EHD1"
"hepatic_inflammatory_module","EIF1"
"hepatic_inflammatory_module","ETS2"
"hepatic_inflammatory_module","F2RL1"
"hepatic_inflammatory_module","F3"
"hepatic_inflammatory_module","FJX1"
"hepatic_inflammatory_module","FOSL1"
"hepatic_inflammatory_module","FOSL2"
"hepatic_inflammatory_module","FUT4"
"hepatic_inflammatory_module","G0S2"
"hepatic_inflammatory_module","GCH1"
"hepatic_inflammatory_module","GEM"
"hepatic_inflammatory_module","GFPT2"
"hepatic_inflammatory_module","GPR183"
"hepatic_inflammatory_module","HBEGF"
"hepatic_inflammatory_module","HES1"
"hepatic_inflammatory_module","ICOSLG"
"hepatic_inflammatory_module","ID2"
"hepatic_inflammatory_module","IER2"
"hepatic_inflammatory_module","IER5"
"hepatic_inflammatory_module","IFIH1"
"hepatic_inflammatory_module","IFIT2"
"hepatic_inflammatory_module","IFNGR2"
"hepatic_inflammatory_module","IL15RA"
"hepatic_inflammatory_module","IL23A"
"hepatic_inflammatory_module","INHBA"
"hepatic_inflammatory_module","IRS2"
"hepatic_inflammatory_module","JAG1"
"hepatic_inflammatory_module","JUNB"
"hepatic_inflammatory_module","KDM6B"
"hepatic_inflammatory_module","KLF10"
"hepatic_inflammatory_module","KLF2"
"hepatic_inflammatory_module","KLF4"
"hepatic_inflammatory_module","KLF9"
"hepatic_inflammatory_module","KYNU"
"hepatic_inflammatory_module","LAMB3"
"hepatic_inflammatory_module","LDLR"
"hepatic_inflammatory_module","LITAF"
"hepatic_inflammatory_module","MAFF"
"hepatic_inflammatory_module","MAP2K3"
"hepatic_inflammatory_module","MAP3K8"
"hepatic_inflammatory_module","MARCKS"
"hepatic_inflammatory_module","MCL1"
"hepatic_inflammatory_module","MSC"
"hepatic_inflammatory_module","MXD1"
"hepatic_inflammatory_module","MYC"
"hepatic_inflammatory_module","NAMPT"
"hepatic_inflammatory_module","NFAT5"
"hepatic_inflammatory_module","NFIL3"
"hepatic_inflammatory_module","NINJ1"
"hepatic_inflammatory_module","NR4A3"
"hepatic_inflammatory_module","OLR1"
"hepatic_inflammatory_module","PANX1"
"hepatic_inflammatory_module","PDE4B"
"hepatic_inflammatory_module","PDLIM5"
"hepatic_inflammatory_module","PER1"
"hepatic_inflammatory_module","PFKFB3"
"hepatic_inflammatory_module","PHLDA1"
"hepatic_inflammatory_module","PHLDA2"
"hepatic_inflammatory_module","PLAUR"
"hepatic_inflammatory_module","PLEK"
"hepatic_inflammatory_module","PLK2"
"hepatic_inflammatory_module","PLPP3"
"hepatic_inflammatory_module","PMEPA1"
"hepatic_inflammatory_module","PNRC1"
"hepatic_inflammatory_module","PPP1R15A"
"hepatic_inflammatory_module","PTGER4"
"hepatic_inflammatory_module","PTPRE"
"hepatic_inflammatory_module","RCAN1"
"hepatic_inflammatory_module","REL"
"hepatic_inflammatory_module","RHOB"
"hepatic_inflammatory_module","RIGI"
"hepatic_inflammatory_module","RIPK2"
"hepatic_inflammatory_module","RNF19B"
"hepatic_inflammatory_module","SAT1"
"hepatic_inflammatory_module","SDC4"
"hepatic_inflammatory_module","SERPINB8"
"hepatic_inflammatory_module","SERPINE1"
"hepatic_inflammatory_module","SGK1"
"hepatic_inflammatory_module","SIK1"
"hepatic_inflammatory_module","SLC16A6"
"hepatic_inflammatory_module","SLC2A3"
"hepatic_inflammatory_module","SLC2A6"
"hepatic_inflammatory_module","SMAD3"
"hepatic_inflammatory_module","SNN"
"hepatic_inflammatory_module","SPHK1"
"hepatic_inflammatory_module","SPSB1"
"hepatic_inflammatory_module","SQSTM1"
"hepatic_inflammatory_module","TANK"
"hepatic_inflammatory_module","TAP1"
"hepatic_inflammatory_module","TGIF1"
"hepatic_inflammatory_module","TIPARP"
"hepatic_inflammatory_module","TNC"
"hepatic_inflammatory_module","TNFAIP2"
"hepatic_inflammatory_module","TNFAIP6"
"hepatic_inflammatory_module","TNFAIP8"
"hepatic_inflammatory_module","TNFRSF9"
"hepatic_inflammatory_module","TNFSF9"
"hepatic_inflammatory_module","TNIP1"
"hepatic_inflammatory_module","TNIP2"
"hepatic_inflammatory_module","TRAF1"
"hepatic_inflammatory_module","TRIB1"
"hepatic_inflammatory_module","TRIP10"
"hepatic_inflammatory_module","TSC22D1"
"hepatic_inflammatory_module","TUBB2A"
"hepatic_inflammatory_module","YRDC"
"hepatic_inflammatory_module","ZBTB10"
"hepatic_inflammatory_module","ZC3H12A"
"hepatic_inflammatory_module","ZFP36"
"hepatic_inflammatory_module","ABI1"
"hepatic_inflammatory_module","ACVR1B"
"hepatic_inflammatory_module","ACVR2A"
"hepatic_inflammatory_module","ADGRE1"
"hepatic_inflammatory_module","ADM"
"hepatic_inflammatory_module","ADORA2B"
"hepatic_inflammatory_module","ADRM1"
"hepatic_inflammatory_module","AHR"
"hepatic_inflammatory_module","APLNR"
"hepatic_inflammatory_module","AQP9"
"hepatic_inflammatory_module","ATP2A2"
"hepatic_inflammatory_module","ATP2C1"
"hepatic_inflammatory_module","AXL"
"hepatic_inflammatory_module","BDKRB1"
"hepatic_inflammatory_module","BEST1"
"hepatic_inflammatory_module","BST2"
"hepatic_inflammatory_module","C3AR1"
"hepatic_inflammatory_module","C5AR1"
"hepatic_inflammatory_module","CALCRL"
"hepatic_inflammatory_module","CCL22"
"hepatic_inflammatory_module","CCL24"
"hepatic_inflammatory_module","CCR7"
"hepatic_inflammatory_module","CD40"
"hepatic_inflammatory_module","CD48"
"hepatic_inflammatory_module","CD55"
"hepatic_inflammatory_module","CD70"
"hepatic_inflammatory_module","CD82"
"hepatic_inflammatory_module","CHST2"
"hepatic_inflammatory_module","CLEC5A"
"hepatic_inflammatory_module","CMKLR1"
"hepatic_inflammatory_module","CSF3R"
"hepatic_inflammatory_module","CXCR6"
"hepatic_inflammatory_module","CYBB"
"hepatic_inflammatory_module","DCBLD2"
"hepatic_inflammatory_module","EBI3"
"hepatic_inflammatory_module","EIF2AK2"
"hepatic_inflammatory_module","EMP3"
"hepatic_inflammatory_module","EREG"
"hepatic_inflammatory_module","FFAR2"
"hepatic_inflammatory_module","FPR1"
"hepatic_inflammatory_module","FZD5"
"hepatic_inflammatory_module","GABBR1"
"hepatic_inflammatory_module","GNA15"
"hepatic_inflammatory_module","GNAI3"
"hepatic_inflammatory_module","GP1BA"
"hepatic_inflammatory_module","GPC3"
"hepatic_inflammatory_module","GPR132"
"hepatic_inflammatory_module","HAS2"
"hepatic_inflammatory_module","HIF1A"
"hepatic_inflammatory_module","HPN"
"hepatic_inflammatory_module","HRH1"
"hepatic_inflammatory_module","ICAM4"
"hepatic_inflammatory_module","IFITM1"
"hepatic_inflammatory_module","IFNAR1"
"hepatic_inflammatory_module","IL10RA"
"hepatic_inflammatory_module","IL15"
"hepatic_inflammatory_module","IL18R1"
"hepatic_inflammatory_module","IL18RAP"
"hepatic_inflammatory_module","IL1R1"
"hepatic_inflammatory_module","IL2RB"
"hepatic_inflammatory_module","IL4R"
"hepatic_inflammatory_module","IRAK2"
"hepatic_inflammatory_module","IRF7"
"hepatic_inflammatory_module","ITGA5"
"hepatic_inflammatory_module","ITGB3"
"hepatic_inflammatory_module","ITGB8"
"hepatic_inflammatory_module","KCNA3"
"hepatic_inflammatory_module","KCNJ2"
"hepatic_inflammatory_module","KCNMB2"
"hepatic_inflammatory_module","KIF1B"
"hepatic_inflammatory_module","LAMP3"
"hepatic_inflammatory_module","LCK"
"hepatic_inflammatory_module","LCP2"
"hepatic_inflammatory_module","LPAR1"
"hepatic_inflammatory_module","LTA"
"hepatic_inflammatory_module","LY6E"
"hepatic_inflammatory_module","LYN"
"hepatic_inflammatory_module","MARCO"
"hepatic_inflammatory_module","MEFV"
"hepatic_inflammatory_module","MEP1A"
"hepatic_inflammatory_module","MET"
"hepatic_inflammatory_module","MMP14"
"hepatic_inflammatory_module","MSR1"
"hepatic_inflammatory_module","NDP"
"hepatic_inflammatory_module","NMI"
"hepatic_inflammatory_module","NMUR1"
"hepatic_inflammatory_module","NOD2"
"hepatic_inflammatory_module","NPFFR2"
"hepatic_inflammatory_module","OPRK1"
"hepatic_inflammatory_module","OSMR"
"hepatic_inflammatory_module","P2RX4"
"hepatic_inflammatory_module","P2RX7"
"hepatic_inflammatory_module","P2RY2"
"hepatic_inflammatory_module","PCDH7"
"hepatic_inflammatory_module","PDPN"
"hepatic_inflammatory_module","PIK3R5"
"hepatic_inflammatory_module","PROK2"
"hepatic_inflammatory_module","PSEN1"
"hepatic_inflammatory_module","PTAFR"
"hepatic_inflammatory_module","PTGER2"
"hepatic_inflammatory_module","PTGIR"
"hepatic_inflammatory_module","PVR"
"hepatic_inflammatory_module","RAF1"
"hepatic_inflammatory_module","RASGRP1"
"hepatic_inflammatory_module","RGS1"
"hepatic_inflammatory_module","RGS16"
"hepatic_inflammatory_module","RHOG"
"hepatic_inflammatory_module","RNF144B"
"hepatic_inflammatory_module","ROS1"
"hepatic_inflammatory_module","RTP4"
"hepatic_inflammatory_module","SCARF1"
"hepatic_inflammatory_module","SCN1B"
"hepatic_inflammatory_module","SELENOS"
"hepatic_inflammatory_module","SELL"
"hepatic_inflammatory_module","SEMA4D"
"hepatic_inflammatory_module","SGMS2"
"hepatic_inflammatory_module","SLAMF1"
"hepatic_inflammatory_module","SLC11A2"
"hepatic_inflammatory_module","SLC1A2"
"hepatic_inflammatory_module","SLC28A2"
"hepatic_inflammatory_module","SLC31A1"
"hepatic_inflammatory_module","SLC31A2"
"hepatic_inflammatory_module","SLC4A4"
"hepatic_inflammatory_module","SLC7A1"
"hepatic_inflammatory_module","SLC7A2"
"hepatic_inflammatory_module","SRI"
"hepatic_inflammatory_module","STAB1"
"hepatic_inflammatory_module","TACR1"
"hepatic_inflammatory_module","TACR3"
"hepatic_inflammatory_module","TAPBP"
"hepatic_inflammatory_module","TIMP1"
"hepatic_inflammatory_module","TLR3"
"hepatic_inflammatory_module","TNFSF10"
"hepatic_inflammatory_module","TNFSF15"
"hepatic_inflammatory_module","TPBG"
"hepatic_inflammatory_module","VIP"
"hepatic_inflammatory_module","ACVRL1"
"hepatic_inflammatory_module","BAK1"
"hepatic_inflammatory_module","CBL"
"hepatic_inflammatory_module","CCR1"
"hepatic_inflammatory_module","CD36"
"hepatic_inflammatory_module","CD38"
"hepatic_inflammatory_module","CD9"
"hepatic_inflammatory_module","CNTFR"
"hepatic_inflammatory_module","CRLF2"
"hepatic_inflammatory_module","CSF2RA"
"hepatic_inflammatory_module","CSF2RB"
"hepatic_inflammatory_module","CXCL13"
"hepatic_inflammatory_module","DNTT"
"hepatic_inflammatory_module","GRB2"
"hepatic_inflammatory_module","HAX1"
"hepatic_inflammatory_module","IFNGR1"
"hepatic_inflammatory_module","IL10RB"
"hepatic_inflammatory_module","IL12RB1"
"hepatic_inflammatory_module","IL13RA1"
"hepatic_inflammatory_module","IL17RA"
"hepatic_inflammatory_module","IL17RB"
"hepatic_inflammatory_module","IL1R2"
"hepatic_inflammatory_module","IL2RA"
"hepatic_inflammatory_module","IL2RG"
"hepatic_inflammatory_module","IL3RA"
"hepatic_inflammatory_module","IL7"
"hepatic_inflammatory_module","IL9R"
"hepatic_inflammatory_module","INHBE"
"hepatic_inflammatory_module","IRF9"
"hepatic_inflammatory_module","ITGA4"
"hepatic_inflammatory_module","LEPR"
"hepatic_inflammatory_module","LTB"
"hepatic_inflammatory_module","LTBR"
"hepatic_inflammatory_module","PDGFC"
"hepatic_inflammatory_module","PF4"
"hepatic_inflammatory_module","PIM1"
"hepatic_inflammatory_module","PLA2G2A"
"hepatic_inflammatory_module","PTPN1"
"hepatic_inflammatory_module","PTPN11"
"hepatic_inflammatory_module","PTPN2"
"hepatic_inflammatory_module","REG1A"
"hepatic_inflammatory_module","STAM2"
"hepatic_inflammatory_module","STAT2"
"hepatic_inflammatory_module","TGFB1"
"hepatic_inflammatory_module","TNFRSF12A"
"hepatic_inflammatory_module","TNFRSF21"
"hepatic_complement_coagulation_module","C1QA"
"hepatic_complement_coagulation_module","C1QB"
"hepatic_complement_coagulation_module","C1QC"
"hepatic_complement_coagulation_module","C1R"
"hepatic_complement_coagulation_module","C1S"
"hepatic_complement_coagulation_module","C2"
"hepatic_complement_coagulation_module","C3"
"hepatic_complement_coagulation_module","C4A"
"hepatic_complement_coagulation_module","C4B"
"hepatic_complement_coagulation_module","C4BPA"
"hepatic_complement_coagulation_module","C4BPB"
"hepatic_complement_coagulation_module","C5"
"hepatic_complement_coagulation_module","C6"
"hepatic_complement_coagulation_module","C7"
"hepatic_complement_coagulation_module","C8A"
"hepatic_complement_coagulation_module","C8B"
"hepatic_complement_coagulation_module","C8G"
"hepatic_complement_coagulation_module","C9"
"hepatic_complement_coagulation_module","MBL2"
"hepatic_complement_coagulation_module","MASP1"
"hepatic_complement_coagulation_module","MASP2"
"hepatic_complement_coagulation_module","SERPING1"
"hepatic_complement_coagulation_module","CFB"
"hepatic_complement_coagulation_module","CFD"
"hepatic_complement_coagulation_module","CFH"
"hepatic_complement_coagulation_module","CFHR1"
"hepatic_complement_coagulation_module","CFHR2"
"hepatic_complement_coagulation_module","CFHR3"
"hepatic_complement_coagulation_module","CFHR4"
"hepatic_complement_coagulation_module","CFHR5"
"hepatic_complement_coagulation_module","CFI"
"hepatic_complement_coagulation_module","CFP"
"hepatic_complement_coagulation_module","CD46"
"hepatic_complement_coagulation_module","CD55"
"hepatic_complement_coagulation_module","CD59"
"hepatic_complement_coagulation_module","C3AR1"
"hepatic_complement_coagulation_module","C5AR1"
"hepatic_complement_coagulation_module","C5AR2"
"hepatic_complement_coagulation_module","FCN1"
"hepatic_complement_coagulation_module","FCN2"
"hepatic_complement_coagulation_module","FCN3"
"hepatic_complement_coagulation_module","CLEC4M"
"hepatic_complement_coagulation_module","F2"
"hepatic_complement_coagulation_module","F3"
"hepatic_complement_coagulation_module","F5"
"hepatic_complement_coagulation_module","F7"
"hepatic_complement_coagulation_module","F8"
"hepatic_complement_coagulation_module","F9"
"hepatic_complement_coagulation_module","F10"
"hepatic_complement_coagulation_module","F11"
"hepatic_complement_coagulation_module","F12"
"hepatic_complement_coagulation_module","F13A1"
"hepatic_complement_coagulation_module","F13B"
"hepatic_complement_coagulation_module","SERPINC1"
"hepatic_complement_coagulation_module","PROC"
"hepatic_complement_coagulation_module","PROS1"
"hepatic_complement_coagulation_module","PROZ"
"hepatic_complement_coagulation_module","THBD"
"hepatic_complement_coagulation_module","THBS1"
"hepatic_complement_coagulation_module","FGB"
"hepatic_complement_coagulation_module","FGA"
"hepatic_complement_coagulation_module","FGG"
"hepatic_complement_coagulation_module","PLAT"
"hepatic_complement_coagulation_module","PLAU"
"hepatic_complement_coagulation_module","PLG"
"hepatic_complement_coagulation_module","SERPINE1"
"hepatic_complement_coagulation_module","SERPINF2"
"hepatic_complement_coagulation_module","KNG1"
"hepatic_complement_coagulation_module","KLKB1"
"hepatic_complement_coagulation_module","GP1BA"
"hepatic_complement_coagulation_module","GP5"
"hepatic_complement_coagulation_module","GP9"
"hepatic_complement_coagulation_module","ITGA2B"
"hepatic_complement_coagulation_module","ITGB3"
"hepatic_complement_coagulation_module","VWF"
"hepatic_complement_coagulation_module","ADAMTS13"
"hepatic_lipid_dysregulation_module","ACACA"
"hepatic_lipid_dysregulation_module","ACACB"
"hepatic_lipid_dysregulation_module","ACADM"
"hepatic_lipid_dysregulation_module","ACADS"
"hepatic_lipid_dysregulation_module","ACADL"
"hepatic_lipid_dysregulation_module","ACADVL"
"hepatic_lipid_dysregulation_module","ACLY"
"hepatic_lipid_dysregulation_module","ADIPOR1"
"hepatic_lipid_dysregulation_module","ADIPOR2"
"hepatic_lipid_dysregulation_module","AMPD2"
"hepatic_lipid_dysregulation_module","ANGPTL4"
"hepatic_lipid_dysregulation_module","APOB"
"hepatic_lipid_dysregulation_module","APOC3"
"hepatic_lipid_dysregulation_module","CPT1A"
"hepatic_lipid_dysregulation_module","CPT2"
"hepatic_lipid_dysregulation_module","CYP4A11"
"hepatic_lipid_dysregulation_module","CYP4A22"
"hepatic_lipid_dysregulation_module","DGAT1"
"hepatic_lipid_dysregulation_module","DGAT2"
"hepatic_lipid_dysregulation_module","EHHADH"
"hepatic_lipid_dysregulation_module","ELOVL6"
"hepatic_lipid_dysregulation_module","FABP1"
"hepatic_lipid_dysregulation_module","FABP2"
"hepatic_lipid_dysregulation_module","FABP4"
"hepatic_lipid_dysregulation_module","FABP5"
"hepatic_lipid_dysregulation_module","FASN"
"hepatic_lipid_dysregulation_module","HADHA"
"hepatic_lipid_dysregulation_module","HADHB"
"hepatic_lipid_dysregulation_module","HMGCS1"
"hepatic_lipid_dysregulation_module","HMGCS2"
"hepatic_lipid_dysregulation_module","HSD17B4"
"hepatic_lipid_dysregulation_module","ILK"
"hepatic_lipid_dysregulation_module","IRS2"
"hepatic_lipid_dysregulation_module","LEP"
"hepatic_lipid_dysregulation_module","LEPR"
"hepatic_lipid_dysregulation_module","LPL"
"hepatic_lipid_dysregulation_module","ME1"
"hepatic_lipid_dysregulation_module","MLXIPL"
"hepatic_lipid_dysregulation_module","MMP1"
"hepatic_lipid_dysregulation_module","PCK1"
"hepatic_lipid_dysregulation_module","PCK2"
"hepatic_lipid_dysregulation_module","PDK4"
"hepatic_lipid_dysregulation_module","PDP2"
"hepatic_lipid_dysregulation_module","PPARA"
"hepatic_lipid_dysregulation_module","PPARG"
"hepatic_lipid_dysregulation_module","PPARGC1A"
"hepatic_lipid_dysregulation_module","PPARGC1B"
"hepatic_lipid_dysregulation_module","PRKAA1"
"hepatic_lipid_dysregulation_module","PRKAA2"
"hepatic_lipid_dysregulation_module","RXRA"
"hepatic_lipid_dysregulation_module","SCD"
"hepatic_lipid_dysregulation_module","SLC27A1"
"hepatic_lipid_dysregulation_module","SLC27A4"
"hepatic_lipid_dysregulation_module","SLC27A5"
"hepatic_lipid_dysregulation_module","SREBF1"
"hepatic_lipid_dysregulation_module","SREBF2"
"hepatic_lipid_dysregulation_module","THRSP"
"hepatic_lipid_dysregulation_module","UCP1"
"hepatic_lipid_dysregulation_module","UCP2"
"hepatic_lipid_dysregulation_module","UCP3"
"hepatic_lipid_dysregulation_module","GPAM"
"hepatic_lipid_dysregulation_module","AGPAT1"
"hepatic_lipid_dysregulation_module","AGPAT2"
"hepatic_lipid_dysregulation_module","MOGAT1"
"hepatic_lipid_dysregulation_module","MOGAT2"
"hepatic_lipid_dysregulation_module","PNPLA3"
"hepatic_lipid_dysregulation_module","TM6SF2"
"hepatic_lipid_dysregulation_module","MBOAT7"
"hepatic_lipid_dysregulation_module","HSD17B13"
"hepatic_lipid_dysregulation_module","CYP7A1"
"hepatic_lipid_dysregulation_module","CYP8B1"
"hepatic_lipid_dysregulation_module","CYP27A1"
"hepatic_lipid_dysregulation_module","CYP7B1"
"hepatic_lipid_dysregulation_module","BAAT"
"hepatic_lipid_dysregulation_module","SLC10A1"
"hepatic_lipid_dysregulation_module","SLC10A2"
"hepatic_lipid_dysregulation_module","ABCB11"
"hepatic_lipid_dysregulation_module","ABCB4"
"hepatic_lipid_dysregulation_module","ABCC2"
"hepatic_lipid_dysregulation_module","ABCC3"
"hepatic_lipid_dysregulation_module","ABCG5"
"hepatic_lipid_dysregulation_module","ABCG8"
"hepatic_lipid_dysregulation_module","NR0B2"
"hepatic_lipid_dysregulation_module","NR1H4"
"hepatic_lipid_dysregulation_module","NR1H3"
"hepatic_lipid_dysregulation_module","FGF19"
"hepatic_lipid_dysregulation_module","KLB"
"hepatic_lipid_dysregulation_module","SLC51A"
"hepatic_lipid_dysregulation_module","SLC51B"
"hepatic_lipid_dysregulation_module","GPBAR1"
"hepatic_lipid_dysregulation_module","PPARD"
"hepatic_lipid_dysregulation_module","RXRB"
"hepatic_lipid_dysregulation_module","ACSL1"
"hepatic_lipid_dysregulation_module","ACSL4"
"hepatic_lipid_dysregulation_module","ACSL5"
"hepatic_lipid_dysregulation_module","ADIPOQ"
"hepatic_lipid_dysregulation_module","CD36"
"hepatic_lipid_dysregulation_module","CPT1B"
"hepatic_lipid_dysregulation_module","DBI"
"hepatic_lipid_dysregulation_module","FABP3"
"hepatic_lipid_dysregulation_module","PLTP"
"hepatic_lipid_dysregulation_module","SORBS1"
"hepatic_lipid_dysregulation_module","ACOX1"
"hepatic_lipid_dysregulation_module","ACOX2"
"hepatic_lipid_dysregulation_module","ACOX3"
"hepatic_lipid_dysregulation_module","HMGCR"
"hepatic_lipid_dysregulation_module","LDLR"
"hepatic_lipid_dysregulation_module","PCSK9"
"hepatic_lipid_dysregulation_module","SQLE"
"hepatic_lipid_dysregulation_module","LSS"
"hepatic_lipid_dysregulation_module","DHCR7"
"hepatic_lipid_dysregulation_module","DHCR24"
"hepatic_lipid_dysregulation_module","CYP51A1"
"hepatic_lipid_dysregulation_module","LBR"
"hepatic_lipid_dysregulation_module","AADAT"
"hepatic_lipid_dysregulation_module","ACAA1"
"hepatic_lipid_dysregulation_module","ACAA2"
"hepatic_lipid_dysregulation_module","ACAT2"
"hepatic_lipid_dysregulation_module","ACO2"
"hepatic_lipid_dysregulation_module","ACOT2"
"hepatic_lipid_dysregulation_module","ACOT8"
"hepatic_lipid_dysregulation_module","ACSM3"
"hepatic_lipid_dysregulation_module","ACSS1"
"hepatic_lipid_dysregulation_module","ADH1C"
"hepatic_lipid_dysregulation_module","ADH7"
"hepatic_lipid_dysregulation_module","ADSL"
"hepatic_lipid_dysregulation_module","ALAD"
"hepatic_lipid_dysregulation_module","ALDH1A1"
"hepatic_lipid_dysregulation_module","ALDH3A1"
"hepatic_lipid_dysregulation_module","ALDH3A2"
"hepatic_lipid_dysregulation_module","ALDH9A1"
"hepatic_lipid_dysregulation_module","ALDOA"
"hepatic_lipid_dysregulation_module","AOC3"
"hepatic_lipid_dysregulation_module","APEX1"
"hepatic_lipid_dysregulation_module","AQP7"
"hepatic_lipid_dysregulation_module","AUH"
"hepatic_lipid_dysregulation_module","BCKDHB"
"hepatic_lipid_dysregulation_module","BLVRA"
"hepatic_lipid_dysregulation_module","BMPR1B"
"hepatic_lipid_dysregulation_module","BPHL"
"hepatic_lipid_dysregulation_module","CA2"
"hepatic_lipid_dysregulation_module","CA4"
"hepatic_lipid_dysregulation_module","CA6"
"hepatic_lipid_dysregulation_module","CBR1"
"hepatic_lipid_dysregulation_module","CBR3"
"hepatic_lipid_dysregulation_module","CD1D"
"hepatic_lipid_dysregulation_module","CEL"
"hepatic_lipid_dysregulation_module","CIDEA"
"hepatic_lipid_dysregulation_module","CPOX"
"hepatic_lipid_dysregulation_module","CRAT"
"hepatic_lipid_dysregulation_module","CRYZ"
"hepatic_lipid_dysregulation_module","CYP1A1"
"hepatic_lipid_dysregulation_module","D2HGDH"
"hepatic_lipid_dysregulation_module","DECR1"
"hepatic_lipid_dysregulation_module","DLD"
"hepatic_lipid_dysregulation_module","DLST"
"hepatic_lipid_dysregulation_module","ECH1"
"hepatic_lipid_dysregulation_module","ECHS1"
"hepatic_lipid_dysregulation_module","ECI1"
"hepatic_lipid_dysregulation_module","ECI2"
"hepatic_lipid_dysregulation_module","ELOVL5"
"hepatic_lipid_dysregulation_module","ENO2"
"hepatic_lipid_dysregulation_module","ENO3"
"hepatic_lipid_dysregulation_module","EPHX1"
"hepatic_lipid_dysregulation_module","ERP29"
"hepatic_lipid_dysregulation_module","ETFDH"
"hepatic_lipid_dysregulation_module","FH"
"hepatic_lipid_dysregulation_module","FMO1"
"hepatic_lipid_dysregulation_module","G0S2"
"hepatic_lipid_dysregulation_module","GABARAPL1"
"hepatic_lipid_dysregulation_module","GAD2"
"hepatic_lipid_dysregulation_module","GAPDHS"
"hepatic_lipid_dysregulation_module","GCDH"
"hepatic_lipid_dysregulation_module","GLUL"
"hepatic_lipid_dysregulation_module","GPD1"
"hepatic_lipid_dysregulation_module","GPD2"
"hepatic_lipid_dysregulation_module","GRHPR"
"hepatic_lipid_dysregulation_module","GSTZ1"
"hepatic_lipid_dysregulation_module","H2AZ1"
"hepatic_lipid_dysregulation_module","HADH"
"hepatic_lipid_dysregulation_module","HAO2"
"hepatic_lipid_dysregulation_module","HCCS"
"hepatic_lipid_dysregulation_module","HIBCH"
"hepatic_lipid_dysregulation_module","HMGCL"
"hepatic_lipid_dysregulation_module","HPGD"
"hepatic_lipid_dysregulation_module","HSD17B10"
"hepatic_lipid_dysregulation_module","HSD17B11"
"hepatic_lipid_dysregulation_module","HSD17B7"
"hepatic_lipid_dysregulation_module","HSDL2"
"hepatic_lipid_dysregulation_module","HSP90AA1"
"hepatic_lipid_dysregulation_module","HSPH1"
"hepatic_lipid_dysregulation_module","IDH1"
"hepatic_lipid_dysregulation_module","IDH3B"
"hepatic_lipid_dysregulation_module","IDH3G"
"hepatic_lipid_dysregulation_module","IDI1"
"hepatic_lipid_dysregulation_module","IL4I1"
"hepatic_lipid_dysregulation_module","INMT"
"hepatic_lipid_dysregulation_module","KMT5A"
"hepatic_lipid_dysregulation_module","LDHA"
"hepatic_lipid_dysregulation_module","LGALS1"
"hepatic_lipid_dysregulation_module","LTC4S"
"hepatic_lipid_dysregulation_module","MAOA"
"hepatic_lipid_dysregulation_module","MCEE"
"hepatic_lipid_dysregulation_module","MDH1"
"hepatic_lipid_dysregulation_module","MDH2"
"hepatic_lipid_dysregulation_module","METAP1"
"hepatic_lipid_dysregulation_module","MGLL"
"hepatic_lipid_dysregulation_module","MIF"
"hepatic_lipid_dysregulation_module","MIX23"
"hepatic_lipid_dysregulation_module","MLYCD"
"hepatic_lipid_dysregulation_module","NBN"
"hepatic_lipid_dysregulation_module","NCAPH2"
"hepatic_lipid_dysregulation_module","NSDHL"
"hepatic_lipid_dysregulation_module","NTHL1"
"hepatic_lipid_dysregulation_module","ODC1"
"hepatic_lipid_dysregulation_module","OSTC"
"hepatic_lipid_dysregulation_module","PCBD1"
"hepatic_lipid_dysregulation_module","PDHA1"
"hepatic_lipid_dysregulation_module","PDHB"
"hepatic_lipid_dysregulation_module","PRDX6"
"hepatic_lipid_dysregulation_module","PSME1"
"hepatic_lipid_dysregulation_module","PTPRG"
"hepatic_lipid_dysregulation_module","PTS"
"hepatic_lipid_dysregulation_module","RAP1GDS1"
"hepatic_lipid_dysregulation_module","RDH11"
"hepatic_lipid_dysregulation_module","RDH16"
"hepatic_lipid_dysregulation_module","REEP6"
"hepatic_lipid_dysregulation_module","RETSAT"
"hepatic_lipid_dysregulation_module","S100A10"
"hepatic_lipid_dysregulation_module","SDHA"
"hepatic_lipid_dysregulation_module","SDHC"
"hepatic_lipid_dysregulation_module","SDHD"
"hepatic_lipid_dysregulation_module","SERINC1"
"hepatic_lipid_dysregulation_module","SLC22A5"
"hepatic_lipid_dysregulation_module","SMS"
"hepatic_lipid_dysregulation_module","SUCLA2"
"hepatic_lipid_dysregulation_module","SUCLG1"
"hepatic_lipid_dysregulation_module","SUCLG2"
"hepatic_lipid_dysregulation_module","TDO2"
"hepatic_lipid_dysregulation_module","TP53INP2"
"hepatic_lipid_dysregulation_module","UBE2L6"
"hepatic_lipid_dysregulation_module","UGDH"
"hepatic_lipid_dysregulation_module","UROD"
"hepatic_lipid_dysregulation_module","UROS"
"hepatic_lipid_dysregulation_module","VNN1"
"hepatic_lipid_dysregulation_module","XIST"
"hepatic_lipid_dysregulation_module","YWHAH"
"hepatic_lipid_dysregulation_module","ABCA1"
"hepatic_lipid_dysregulation_module","ABCA2"
"hepatic_lipid_dysregulation_module","ABCA3"
"hepatic_lipid_dysregulation_module","ABCA4"
"hepatic_lipid_dysregulation_module","ABCA5"
"hepatic_lipid_dysregulation_module","ABCA6"
"hepatic_lipid_dysregulation_module","ABCA8"
"hepatic_lipid_dysregulation_module","ABCA9"
"hepatic_lipid_dysregulation_module","ABCD1"
"hepatic_lipid_dysregulation_module","ABCD2"
"hepatic_lipid_dysregulation_module","ABCD3"
"hepatic_lipid_dysregulation_module","ABCG4"
"hepatic_lipid_dysregulation_module","AGXT"
"hepatic_lipid_dysregulation_module","AKR1D1"
"hepatic_lipid_dysregulation_module","ALDH8A1"
"hepatic_lipid_dysregulation_module","AMACR"
"hepatic_lipid_dysregulation_module","APOA1"
"hepatic_lipid_dysregulation_module","AQP9"
"hepatic_lipid_dysregulation_module","AR"
"hepatic_lipid_dysregulation_module","ATXN1"
"hepatic_lipid_dysregulation_module","BBOX1"
"hepatic_lipid_dysregulation_module","BCAR3"
"hepatic_lipid_dysregulation_module","BMP6"
"hepatic_lipid_dysregulation_module","CAT"
"hepatic_lipid_dysregulation_module","CH25H"
"hepatic_lipid_dysregulation_module","CROT"
"hepatic_lipid_dysregulation_module","CYP39A1"
"hepatic_lipid_dysregulation_module","CYP46A1"
"hepatic_lipid_dysregulation_module","DIO1"
"hepatic_lipid_dysregulation_module","DIO2"
"hepatic_lipid_dysregulation_module","EFHC1"
"hepatic_lipid_dysregulation_module","EPHX2"
"hepatic_lipid_dysregulation_module","FADS1"
"hepatic_lipid_dysregulation_module","FADS2"
"hepatic_lipid_dysregulation_module","FDXR"
"hepatic_lipid_dysregulation_module","GC"
"hepatic_lipid_dysregulation_module","GCLM"
"hepatic_lipid_dysregulation_module","GNMT"
"hepatic_lipid_dysregulation_module","GNPAT"
"hepatic_lipid_dysregulation_module","GSTK1"
"hepatic_lipid_dysregulation_module","HACL1"
"hepatic_lipid_dysregulation_module","HAO1"
"hepatic_lipid_dysregulation_module","HSD17B6"
"hepatic_lipid_dysregulation_module","HSD3B1"
"hepatic_lipid_dysregulation_module","HSD3B7"
"hepatic_lipid_dysregulation_module","IDH2"
"hepatic_lipid_dysregulation_module","ISOC1"
"hepatic_lipid_dysregulation_module","KLF1"
"hepatic_lipid_dysregulation_module","LCK"
"hepatic_lipid_dysregulation_module","LIPE"
"hepatic_lipid_dysregulation_module","LONP2"
"hepatic_lipid_dysregulation_module","NEDD4"
"hepatic_lipid_dysregulation_module","NPC1"
"hepatic_lipid_dysregulation_module","NR1I2"
"hepatic_lipid_dysregulation_module","NR3C2"
"hepatic_lipid_dysregulation_module","NUDT12"
"hepatic_lipid_dysregulation_module","OPTN"
"hepatic_lipid_dysregulation_module","PAOX"
"hepatic_lipid_dysregulation_module","PECR"
"hepatic_lipid_dysregulation_module","PEX1"
"hepatic_lipid_dysregulation_module","PEX11A"
"hepatic_lipid_dysregulation_module","PEX11G"
"hepatic_lipid_dysregulation_module","PEX12"
"hepatic_lipid_dysregulation_module","PEX13"
"hepatic_lipid_dysregulation_module","PEX16"
"hepatic_lipid_dysregulation_module","PEX19"
"hepatic_lipid_dysregulation_module","PEX26"
"hepatic_lipid_dysregulation_module","PEX6"
"hepatic_lipid_dysregulation_module","PEX7"
"hepatic_lipid_dysregulation_module","PFKM"
"hepatic_lipid_dysregulation_module","PHYH"
"hepatic_lipid_dysregulation_module","PIPOX"
"hepatic_lipid_dysregulation_module","PNPLA8"
"hepatic_lipid_dysregulation_module","PRDX5"
"hepatic_lipid_dysregulation_module","PXMP2"
"hepatic_lipid_dysregulation_module","RBP1"
"hepatic_lipid_dysregulation_module","RXRG"
"hepatic_lipid_dysregulation_module","SCP2"
"hepatic_lipid_dysregulation_module","SERPINA6"
"hepatic_lipid_dysregulation_module","SLC23A1"
"hepatic_lipid_dysregulation_module","SLC23A2"
"hepatic_lipid_dysregulation_module","SLC27A2"
"hepatic_lipid_dysregulation_module","SLC29A1"
"hepatic_lipid_dysregulation_module","SLC35B2"
"hepatic_lipid_dysregulation_module","SLC67A1"
"hepatic_lipid_dysregulation_module","SLCO1A2"
"hepatic_lipid_dysregulation_module","SOAT2"
"hepatic_lipid_dysregulation_module","SOD1"
"hepatic_lipid_dysregulation_module","SULT1B1"
"hepatic_lipid_dysregulation_module","SULT2B1"
"hepatic_lipid_dysregulation_module","TFCP2L1"
"hepatic_lipid_dysregulation_module","TTR"
"hepatic_ECM_fibrosis_module","ACTA2"
"hepatic_ECM_fibrosis_module","AREG"
"hepatic_ECM_fibrosis_module","BAMBI"
"hepatic_ECM_fibrosis_module","BMP1"
"hepatic_ECM_fibrosis_module","CALD1"
"hepatic_ECM_fibrosis_module","CAP2"
"hepatic_ECM_fibrosis_module","CDH1"
"hepatic_ECM_fibrosis_module","CDH2"
"hepatic_ECM_fibrosis_module","CDH11"
"hepatic_ECM_fibrosis_module","COL1A1"
"hepatic_ECM_fibrosis_module","COL1A2"
"hepatic_ECM_fibrosis_module","COL3A1"
"hepatic_ECM_fibrosis_module","COL5A1"
"hepatic_ECM_fibrosis_module","COL5A2"
"hepatic_ECM_fibrosis_module","COL6A1"
"hepatic_ECM_fibrosis_module","COL6A2"
"hepatic_ECM_fibrosis_module","COL6A3"
"hepatic_ECM_fibrosis_module","DSC2"
"hepatic_ECM_fibrosis_module","DSP"
"hepatic_ECM_fibrosis_module","EMP3"
"hepatic_ECM_fibrosis_module","FBN1"
"hepatic_ECM_fibrosis_module","FGFR1"
"hepatic_ECM_fibrosis_module","FN1"
"hepatic_ECM_fibrosis_module","FOXC2"
"hepatic_ECM_fibrosis_module","GNG11"
"hepatic_ECM_fibrosis_module","GSC"
"hepatic_ECM_fibrosis_module","IGFBP3"
"hepatic_ECM_fibrosis_module","IGFBP4"
"hepatic_ECM_fibrosis_module","IL15"
"hepatic_ECM_fibrosis_module","ITGA5"
"hepatic_ECM_fibrosis_module","ITGAV"
"hepatic_ECM_fibrosis_module","ITGB1"
"hepatic_ECM_fibrosis_module","ITGB3"
"hepatic_ECM_fibrosis_module","ITGB5"
"hepatic_ECM_fibrosis_module","JAG1"
"hepatic_ECM_fibrosis_module","KRT14"
"hepatic_ECM_fibrosis_module","KRT19"
"hepatic_ECM_fibrosis_module","KRT7"
"hepatic_ECM_fibrosis_module","LAMA1"
"hepatic_ECM_fibrosis_module","LAMA3"
"hepatic_ECM_fibrosis_module","LAMB1"
"hepatic_ECM_fibrosis_module","LAMC1"
"hepatic_ECM_fibrosis_module","LAMC2"
"hepatic_ECM_fibrosis_module","LOX"
"hepatic_ECM_fibrosis_module","LOXL1"
"hepatic_ECM_fibrosis_module","LOXL2"
"hepatic_ECM_fibrosis_module","MMP2"
"hepatic_ECM_fibrosis_module","MMP3"
"hepatic_ECM_fibrosis_module","MMP9"
"hepatic_ECM_fibrosis_module","MSX1"
"hepatic_ECM_fibrosis_module","NOTCH1"
"hepatic_ECM_fibrosis_module","NRCAM"
"hepatic_ECM_fibrosis_module","OCLN"
"hepatic_ECM_fibrosis_module","PDGFB"
"hepatic_ECM_fibrosis_module","PDGFRA"
"hepatic_ECM_fibrosis_module","PLEK2"
"hepatic_ECM_fibrosis_module","POSTN"
"hepatic_ECM_fibrosis_module","PRRX1"
"hepatic_ECM_fibrosis_module","RAC1"
"hepatic_ECM_fibrosis_module","SERPINE1"
"hepatic_ECM_fibrosis_module","SFRP1"
"hepatic_ECM_fibrosis_module","SNAI1"
"hepatic_ECM_fibrosis_module","SNAI2"
"hepatic_ECM_fibrosis_module","SOX10"
"hepatic_ECM_fibrosis_module","SPARC"
"hepatic_ECM_fibrosis_module","SPP1"
"hepatic_ECM_fibrosis_module","SRI"
"hepatic_ECM_fibrosis_module","STEAP1"
"hepatic_ECM_fibrosis_module","STEAP2"
"hepatic_ECM_fibrosis_module","TFPI2"
"hepatic_ECM_fibrosis_module","TGFB1"
"hepatic_ECM_fibrosis_module","TGFB2"
"hepatic_ECM_fibrosis_module","TGFB3"
"hepatic_ECM_fibrosis_module","TGFBR1"
"hepatic_ECM_fibrosis_module","TGFBR2"
"hepatic_ECM_fibrosis_module","TIMP1"
"hepatic_ECM_fibrosis_module","TIMP3"
"hepatic_ECM_fibrosis_module","TMEM132A"
"hepatic_ECM_fibrosis_module","TWIST1"
"hepatic_ECM_fibrosis_module","TWIST2"
"hepatic_ECM_fibrosis_module","VIM"
"hepatic_ECM_fibrosis_module","VSIR"
"hepatic_ECM_fibrosis_module","WNT5A"
"hepatic_ECM_fibrosis_module","WNT5B"
"hepatic_ECM_fibrosis_module","ZEB1"
"hepatic_ECM_fibrosis_module","ZEB2"
"hepatic_ECM_fibrosis_module","ACVR1"
"hepatic_ECM_fibrosis_module","ACVR1B"
"hepatic_ECM_fibrosis_module","ACVR2A"
"hepatic_ECM_fibrosis_module","ACVR2B"
"hepatic_ECM_fibrosis_module","APC"
"hepatic_ECM_fibrosis_module","ARID4A"
"hepatic_ECM_fibrosis_module","BMP2"
"hepatic_ECM_fibrosis_module","BMP4"
"hepatic_ECM_fibrosis_module","BMP6"
"hepatic_ECM_fibrosis_module","BMP7"
"hepatic_ECM_fibrosis_module","BMPR1A"
"hepatic_ECM_fibrosis_module","BMPR2"
"hepatic_ECM_fibrosis_module","CDKN1A"
"hepatic_ECM_fibrosis_module","CDKN2B"
"hepatic_ECM_fibrosis_module","CHRD"
"hepatic_ECM_fibrosis_module","CKAP2"
"hepatic_ECM_fibrosis_module","CTNNB1"
"hepatic_ECM_fibrosis_module","CUL1"
"hepatic_ECM_fibrosis_module","DAXX"
"hepatic_ECM_fibrosis_module","DCN"
"hepatic_ECM_fibrosis_module","E2F4"
"hepatic_ECM_fibrosis_module","E2F5"
"hepatic_ECM_fibrosis_module","EMD"
"hepatic_ECM_fibrosis_module","FKBP1A"
"hepatic_ECM_fibrosis_module","FNTA"
"hepatic_ECM_fibrosis_module","FURIN"
"hepatic_ECM_fibrosis_module","GDF11"
"hepatic_ECM_fibrosis_module","GDF15"
"hepatic_ECM_fibrosis_module","GDF5"
"hepatic_ECM_fibrosis_module","GDF7"
"hepatic_ECM_fibrosis_module","GDF9"
"hepatic_ECM_fibrosis_module","HIPK2"
"hepatic_ECM_fibrosis_module","ID1"
"hepatic_ECM_fibrosis_module","ID2"
"hepatic_ECM_fibrosis_module","ID3"
"hepatic_ECM_fibrosis_module","IFNG"
"hepatic_ECM_fibrosis_module","JUN"
"hepatic_ECM_fibrosis_module","LEFTY1"
"hepatic_ECM_fibrosis_module","LEFTY2"
"hepatic_ECM_fibrosis_module","LTBP1"
"hepatic_ECM_fibrosis_module","LTBP2"
"hepatic_ECM_fibrosis_module","LTBP3"
"hepatic_ECM_fibrosis_module","LTBP4"
"hepatic_ECM_fibrosis_module","MAP3K7"
"hepatic_ECM_fibrosis_module","NCOR2"
"hepatic_ECM_fibrosis_module","NOG"
"hepatic_ECM_fibrosis_module","PMEPA1"
"hepatic_ECM_fibrosis_module","PPP2CA"
"hepatic_ECM_fibrosis_module","PPP2R1A"
"hepatic_ECM_fibrosis_module","PRDM4"
"hepatic_ECM_fibrosis_module","RAB31"
"hepatic_ECM_fibrosis_module","RBL1"
"hepatic_ECM_fibrosis_module","RBL2"
"hepatic_ECM_fibrosis_module","RBX1"
"hepatic_ECM_fibrosis_module","RHOA"
"hepatic_ECM_fibrosis_module","ROCK1"
"hepatic_ECM_fibrosis_module","RPS6KB2"
"hepatic_ECM_fibrosis_module","SKP1"
"hepatic_ECM_fibrosis_module","SKP2"
"hepatic_ECM_fibrosis_module","SMAD1"
"hepatic_ECM_fibrosis_module","SMAD2"
"hepatic_ECM_fibrosis_module","SMAD3"
"hepatic_ECM_fibrosis_module","SMAD4"
"hepatic_ECM_fibrosis_module","SMAD5"
"hepatic_ECM_fibrosis_module","SMAD6"
"hepatic_ECM_fibrosis_module","SMAD7"
"hepatic_ECM_fibrosis_module","SMAD9"
"hepatic_ECM_fibrosis_module","SMURF1"
"hepatic_ECM_fibrosis_module","SMURF2"
"hepatic_ECM_fibrosis_module","SPTBN1"
"hepatic_ECM_fibrosis_module","TGFBR3"
"hepatic_ECM_fibrosis_module","THBS1"
"hepatic_ECM_fibrosis_module","TNF"
"hepatic_ECM_fibrosis_module","TRIM33"
"hepatic_ECM_fibrosis_module","UBE2D1"
"hepatic_ECM_fibrosis_module","UBE2D3"
"hepatic_ECM_fibrosis_module","WWTR1"
"hepatic_ECM_fibrosis_module","XIAP"
"hepatic_ECM_fibrosis_module","ZFYVE9"
"hepatic_ECM_fibrosis_module","COL4A1"
"hepatic_ECM_fibrosis_module","COL4A2"
"hepatic_ECM_fibrosis_module","COL4A3"
"hepatic_ECM_fibrosis_module","COL4A4"
"hepatic_ECM_fibrosis_module","COL5A3"
"hepatic_ECM_fibrosis_module","COL7A1"
"hepatic_ECM_fibrosis_module","COL8A1"
"hepatic_ECM_fibrosis_module","COL8A2"
"hepatic_ECM_fibrosis_module","COL11A1"
"hepatic_ECM_fibrosis_module","COL12A1"
"hepatic_ECM_fibrosis_module","COL14A1"
"hepatic_ECM_fibrosis_module","COL15A1"
"hepatic_ECM_fibrosis_module","COL16A1"
"hepatic_ECM_fibrosis_module","COL18A1"
"hepatic_ECM_fibrosis_module","MMP1"
"hepatic_ECM_fibrosis_module","MMP7"
"hepatic_ECM_fibrosis_module","MMP8"
"hepatic_ECM_fibrosis_module","MMP10"
"hepatic_ECM_fibrosis_module","MMP11"
"hepatic_ECM_fibrosis_module","MMP12"
"hepatic_ECM_fibrosis_module","MMP14"
"hepatic_ECM_fibrosis_module","MMP15"
"hepatic_ECM_fibrosis_module","MMP16"
"hepatic_ECM_fibrosis_module","MMP17"
"hepatic_ECM_fibrosis_module","TIMP2"
"hepatic_ECM_fibrosis_module","TIMP4"
"hepatic_ECM_fibrosis_module","PDGFRB"
"hepatic_ECM_fibrosis_module","HGF"
"hepatic_ECM_fibrosis_module","ADAM12"
"hepatic_ECM_fibrosis_module","THY1"
"hepatic_ECM_fibrosis_module","THBS2"
"hepatic_ECM_fibrosis_module","HAS2"
"hepatic_ECM_fibrosis_module","ABI3BP"
"hepatic_ECM_fibrosis_module","ANPEP"
"hepatic_ECM_fibrosis_module","APLP1"
"hepatic_ECM_fibrosis_module","BASP1"
"hepatic_ECM_fibrosis_module","BDNF"
"hepatic_ECM_fibrosis_module","BGN"
"hepatic_ECM_fibrosis_module","CADM1"
"hepatic_ECM_fibrosis_module","CALU"
"hepatic_ECM_fibrosis_module","CAPG"
"hepatic_ECM_fibrosis_module","CCN1"
"hepatic_ECM_fibrosis_module","CCN2"
"hepatic_ECM_fibrosis_module","CD44"
"hepatic_ECM_fibrosis_module","CD59"
"hepatic_ECM_fibrosis_module","CDH6"
"hepatic_ECM_fibrosis_module","COLGALT1"
"hepatic_ECM_fibrosis_module","COMP"
"hepatic_ECM_fibrosis_module","COPA"
"hepatic_ECM_fibrosis_module","CRLF1"
"hepatic_ECM_fibrosis_module","CTHRC1"
"hepatic_ECM_fibrosis_module","CXCL1"
"hepatic_ECM_fibrosis_module","CXCL12"
"hepatic_ECM_fibrosis_module","CXCL6"
"hepatic_ECM_fibrosis_module","CXCL8"
"hepatic_ECM_fibrosis_module","DAB2"
"hepatic_ECM_fibrosis_module","DKK1"
"hepatic_ECM_fibrosis_module","DPYSL3"
"hepatic_ECM_fibrosis_module","DST"
"hepatic_ECM_fibrosis_module","ECM1"
"hepatic_ECM_fibrosis_module","ECM2"
"hepatic_ECM_fibrosis_module","EDIL3"
"hepatic_ECM_fibrosis_module","EFEMP2"
"hepatic_ECM_fibrosis_module","ELN"
"hepatic_ECM_fibrosis_module","ENO2"
"hepatic_ECM_fibrosis_module","FAP"
"hepatic_ECM_fibrosis_module","FAS"
"hepatic_ECM_fibrosis_module","FBLN1"
"hepatic_ECM_fibrosis_module","FBLN2"
"hepatic_ECM_fibrosis_module","FBLN5"
"hepatic_ECM_fibrosis_module","FBN2"
"hepatic_ECM_fibrosis_module","FERMT2"
"hepatic_ECM_fibrosis_module","FGF2"
"hepatic_ECM_fibrosis_module","FLNA"
"hepatic_ECM_fibrosis_module","FMOD"
"hepatic_ECM_fibrosis_module","FSTL1"
"hepatic_ECM_fibrosis_module","FSTL3"
"hepatic_ECM_fibrosis_module","FUCA1"
"hepatic_ECM_fibrosis_module","FZD8"
"hepatic_ECM_fibrosis_module","GADD45A"
"hepatic_ECM_fibrosis_module","GADD45B"
"hepatic_ECM_fibrosis_module","GAS1"
"hepatic_ECM_fibrosis_module","GEM"
"hepatic_ECM_fibrosis_module","GJA1"
"hepatic_ECM_fibrosis_module","GLIPR1"
"hepatic_ECM_fibrosis_module","GPC1"
"hepatic_ECM_fibrosis_module","GPX7"
"hepatic_ECM_fibrosis_module","GREM1"
"hepatic_ECM_fibrosis_module","HTRA1"
"hepatic_ECM_fibrosis_module","IGFBP2"
"hepatic_ECM_fibrosis_module","IL32"
"hepatic_ECM_fibrosis_module","IL6"
"hepatic_ECM_fibrosis_module","INHBA"
"hepatic_ECM_fibrosis_module","ITGA2"
"hepatic_ECM_fibrosis_module","LAMA2"
"hepatic_ECM_fibrosis_module","LGALS1"
"hepatic_ECM_fibrosis_module","LRP1"
"hepatic_ECM_fibrosis_module","LRRC15"
"hepatic_ECM_fibrosis_module","LUM"
"hepatic_ECM_fibrosis_module","MAGEE1"
"hepatic_ECM_fibrosis_module","MATN2"
"hepatic_ECM_fibrosis_module","MATN3"
"hepatic_ECM_fibrosis_module","MCM7"
"hepatic_ECM_fibrosis_module","MEST"
"hepatic_ECM_fibrosis_module","MFAP5"
"hepatic_ECM_fibrosis_module","MGP"
"hepatic_ECM_fibrosis_module","MXRA5"
"hepatic_ECM_fibrosis_module","MYL9"
"hepatic_ECM_fibrosis_module","MYLK"
"hepatic_ECM_fibrosis_module","NID2"
"hepatic_ECM_fibrosis_module","NNMT"
"hepatic_ECM_fibrosis_module","NOTCH2"
"hepatic_ECM_fibrosis_module","NT5E"
"hepatic_ECM_fibrosis_module","NTM"
"hepatic_ECM_fibrosis_module","OXTR"
"hepatic_ECM_fibrosis_module","P3H1"
"hepatic_ECM_fibrosis_module","PCOLCE"
"hepatic_ECM_fibrosis_module","PCOLCE2"
"hepatic_ECM_fibrosis_module","PDLIM4"
"hepatic_ECM_fibrosis_module","PFN2"
"hepatic_ECM_fibrosis_module","PLAUR"
"hepatic_ECM_fibrosis_module","PLOD1"
"hepatic_ECM_fibrosis_module","PLOD2"
"hepatic_ECM_fibrosis_module","PLOD3"
"hepatic_ECM_fibrosis_module","PMP22"
"hepatic_ECM_fibrosis_module","PPIB"
"hepatic_ECM_fibrosis_module","PRSS2"
"hepatic_ECM_fibrosis_module","PTHLH"
"hepatic_ECM_fibrosis_module","PTX3"
"hepatic_ECM_fibrosis_module","PVR"
"hepatic_ECM_fibrosis_module","QSOX1"
"hepatic_ECM_fibrosis_module","RGS4"
"hepatic_ECM_fibrosis_module","RHOB"
"hepatic_ECM_fibrosis_module","SAT1"
"hepatic_ECM_fibrosis_module","SCG2"
"hepatic_ECM_fibrosis_module","SDC1"
"hepatic_ECM_fibrosis_module","SDC4"
"hepatic_ECM_fibrosis_module","SERPINE2"
"hepatic_ECM_fibrosis_module","SERPINH1"
"hepatic_ECM_fibrosis_module","SFRP4"
"hepatic_ECM_fibrosis_module","SGCB"
"hepatic_ECM_fibrosis_module","SGCD"
"hepatic_ECM_fibrosis_module","SGCG"
"hepatic_ECM_fibrosis_module","SLC6A8"
"hepatic_ECM_fibrosis_module","SLIT2"
"hepatic_ECM_fibrosis_module","SLIT3"
"hepatic_ECM_fibrosis_module","SNTB1"
"hepatic_ECM_fibrosis_module","SPOCK1"
"hepatic_ECM_fibrosis_module","TAGLN"
"hepatic_ECM_fibrosis_module","TGFBI"
"hepatic_ECM_fibrosis_module","TGM2"
"hepatic_ECM_fibrosis_module","TNC"
"hepatic_ECM_fibrosis_module","TNFAIP3"
"hepatic_ECM_fibrosis_module","TNFRSF11B"
"hepatic_ECM_fibrosis_module","TNFRSF12A"
"hepatic_ECM_fibrosis_module","TPM1"
"hepatic_ECM_fibrosis_module","TPM2"
"hepatic_ECM_fibrosis_module","TPM4"
"hepatic_ECM_fibrosis_module","VCAM1"
"hepatic_ECM_fibrosis_module","VCAN"
"hepatic_ECM_fibrosis_module","VEGFA"
"hepatic_ECM_fibrosis_module","VEGFC"
"hepatic_ECM_fibrosis_module","WIPF1"
"hepatic_ECM_fibrosis_module","ARID4B"
"hepatic_ECM_fibrosis_module","BCAR3"
"hepatic_ECM_fibrosis_module","CDK9"
"hepatic_ECM_fibrosis_module","CDKN1C"
"hepatic_ECM_fibrosis_module","ENG"
"hepatic_ECM_fibrosis_module","HDAC1"
"hepatic_ECM_fibrosis_module","IFNGR2"
"hepatic_ECM_fibrosis_module","JUNB"
"hepatic_ECM_fibrosis_module","KLF10"
"hepatic_ECM_fibrosis_module","PPM1A"
"hepatic_ECM_fibrosis_module","PPP1CA"
"hepatic_ECM_fibrosis_module","PPP1R15A"
"hepatic_ECM_fibrosis_module","SKI"
"hepatic_ECM_fibrosis_module","SKIL"
"hepatic_ECM_fibrosis_module","SLC20A1"
"hepatic_ECM_fibrosis_module","TGIF1"
"hepatic_ECM_fibrosis_module","TJP1"
"hepatic_mitochondrial_dysfunction_module","ATP5F1A"
"hepatic_mitochondrial_dysfunction_module","ATP5F1B"
"hepatic_mitochondrial_dysfunction_module","ATP5F1C"
"hepatic_mitochondrial_dysfunction_module","ATP5F1D"
"hepatic_mitochondrial_dysfunction_module","ATP5F1E"
"hepatic_mitochondrial_dysfunction_module","ATP5IF1"
"hepatic_mitochondrial_dysfunction_module","ATP5MC1"
"hepatic_mitochondrial_dysfunction_module","ATP5MC2"
"hepatic_mitochondrial_dysfunction_module","ATP5MC3"
"hepatic_mitochondrial_dysfunction_module","ATP5ME"
"hepatic_mitochondrial_dysfunction_module","ATP5MF"
"hepatic_mitochondrial_dysfunction_module","ATP5MG"
"hepatic_mitochondrial_dysfunction_module","ATP5PB"
"hepatic_mitochondrial_dysfunction_module","ATP5PD"
"hepatic_mitochondrial_dysfunction_module","ATP5PF"
"hepatic_mitochondrial_dysfunction_module","ATP5PO"
"hepatic_mitochondrial_dysfunction_module","COX10"
"hepatic_mitochondrial_dysfunction_module","COX11"
"hepatic_mitochondrial_dysfunction_module","COX15"
"hepatic_mitochondrial_dysfunction_module","COX17"
"hepatic_mitochondrial_dysfunction_module","COX4I1"
"hepatic_mitochondrial_dysfunction_module","COX5A"
"hepatic_mitochondrial_dysfunction_module","COX5B"
"hepatic_mitochondrial_dysfunction_module","COX6A1"
"hepatic_mitochondrial_dysfunction_module","COX6A2"
"hepatic_mitochondrial_dysfunction_module","COX6B1"
"hepatic_mitochondrial_dysfunction_module","COX6C"
"hepatic_mitochondrial_dysfunction_module","COX7A1"
"hepatic_mitochondrial_dysfunction_module","COX7A2"
"hepatic_mitochondrial_dysfunction_module","COX7B"
"hepatic_mitochondrial_dysfunction_module","COX7C"
"hepatic_mitochondrial_dysfunction_module","COX8A"
"hepatic_mitochondrial_dysfunction_module","CYC1"
"hepatic_mitochondrial_dysfunction_module","CYCS"
"hepatic_mitochondrial_dysfunction_module","DLD"
"hepatic_mitochondrial_dysfunction_module","DLST"
"hepatic_mitochondrial_dysfunction_module","FXYD2"
"hepatic_mitochondrial_dysfunction_module","GDAP1L1"
"hepatic_mitochondrial_dysfunction_module","IDH1"
"hepatic_mitochondrial_dysfunction_module","IDH2"
"hepatic_mitochondrial_dysfunction_module","IDH3A"
"hepatic_mitochondrial_dysfunction_module","IDH3B"
"hepatic_mitochondrial_dysfunction_module","IDH3G"
"hepatic_mitochondrial_dysfunction_module","LDHA"
"hepatic_mitochondrial_dysfunction_module","LDHB"
"hepatic_mitochondrial_dysfunction_module","NDUFA1"
"hepatic_mitochondrial_dysfunction_module","NDUFA2"
"hepatic_mitochondrial_dysfunction_module","NDUFA3"
"hepatic_mitochondrial_dysfunction_module","NDUFA5"
"hepatic_mitochondrial_dysfunction_module","NDUFA6"
"hepatic_mitochondrial_dysfunction_module","NDUFA7"
"hepatic_mitochondrial_dysfunction_module","NDUFA8"
"hepatic_mitochondrial_dysfunction_module","NDUFA9"
"hepatic_mitochondrial_dysfunction_module","NDUFA10"
"hepatic_mitochondrial_dysfunction_module","NDUFA11"
"hepatic_mitochondrial_dysfunction_module","NDUFA12"
"hepatic_mitochondrial_dysfunction_module","NDUFA13"
"hepatic_mitochondrial_dysfunction_module","NDUFAB1"
"hepatic_mitochondrial_dysfunction_module","NDUFB1"
"hepatic_mitochondrial_dysfunction_module","NDUFB2"
"hepatic_mitochondrial_dysfunction_module","NDUFB3"
"hepatic_mitochondrial_dysfunction_module","NDUFB4"
"hepatic_mitochondrial_dysfunction_module","NDUFB5"
"hepatic_mitochondrial_dysfunction_module","NDUFB6"
"hepatic_mitochondrial_dysfunction_module","NDUFB7"
"hepatic_mitochondrial_dysfunction_module","NDUFB8"
"hepatic_mitochondrial_dysfunction_module","NDUFB9"
"hepatic_mitochondrial_dysfunction_module","NDUFB10"
"hepatic_mitochondrial_dysfunction_module","NDUFB11"
"hepatic_mitochondrial_dysfunction_module","NDUFC1"
"hepatic_mitochondrial_dysfunction_module","NDUFC2"
"hepatic_mitochondrial_dysfunction_module","NDUFS1"
"hepatic_mitochondrial_dysfunction_module","NDUFS2"
"hepatic_mitochondrial_dysfunction_module","NDUFS3"
"hepatic_mitochondrial_dysfunction_module","NDUFS4"
"hepatic_mitochondrial_dysfunction_module","NDUFS5"
"hepatic_mitochondrial_dysfunction_module","NDUFS6"
"hepatic_mitochondrial_dysfunction_module","NDUFS7"
"hepatic_mitochondrial_dysfunction_module","NDUFS8"
"hepatic_mitochondrial_dysfunction_module","NDUFV1"
"hepatic_mitochondrial_dysfunction_module","NDUFV2"
"hepatic_mitochondrial_dysfunction_module","NDUFV3"
"hepatic_mitochondrial_dysfunction_module","NUBPL"
"hepatic_mitochondrial_dysfunction_module","OXA1L"
"hepatic_mitochondrial_dysfunction_module","PDHA1"
"hepatic_mitochondrial_dysfunction_module","PDHB"
"hepatic_mitochondrial_dysfunction_module","PDHX"
"hepatic_mitochondrial_dysfunction_module","SCO1"
"hepatic_mitochondrial_dysfunction_module","SDHA"
"hepatic_mitochondrial_dysfunction_module","SDHB"
"hepatic_mitochondrial_dysfunction_module","SDHC"
"hepatic_mitochondrial_dysfunction_module","SDHD"
"hepatic_mitochondrial_dysfunction_module","SLC25A11"
"hepatic_mitochondrial_dysfunction_module","SLC25A12"
"hepatic_mitochondrial_dysfunction_module","UQCRC1"
"hepatic_mitochondrial_dysfunction_module","UQCRC2"
"hepatic_mitochondrial_dysfunction_module","UQCRFS1"
"hepatic_mitochondrial_dysfunction_module","UQCRH"
"hepatic_mitochondrial_dysfunction_module","UQCRQ"
"hepatic_mitochondrial_dysfunction_module","VDAC1"
"hepatic_mitochondrial_dysfunction_module","VDAC2"
"hepatic_mitochondrial_dysfunction_module","VDAC3"
"hepatic_mitochondrial_dysfunction_module","PINK1"
"hepatic_mitochondrial_dysfunction_module","PRKN"
"hepatic_mitochondrial_dysfunction_module","BNIP3"
"hepatic_mitochondrial_dysfunction_module","BNIP3L"
"hepatic_mitochondrial_dysfunction_module","FUNDC1"
"hepatic_mitochondrial_dysfunction_module","MAP1LC3A"
"hepatic_mitochondrial_dysfunction_module","MAP1LC3B"
"hepatic_mitochondrial_dysfunction_module","BECN1"
"hepatic_mitochondrial_dysfunction_module","ATG5"
"hepatic_mitochondrial_dysfunction_module","ATG7"
"hepatic_mitochondrial_dysfunction_module","ATG12"
"hepatic_mitochondrial_dysfunction_module","SQSTM1"
"hepatic_mitochondrial_dysfunction_module","OPTN"
"hepatic_mitochondrial_dysfunction_module","NBR1"
"hepatic_mitochondrial_dysfunction_module","TAX1BP1"
"hepatic_mitochondrial_dysfunction_module","CALCOCO2"
"hepatic_mitochondrial_dysfunction_module","MFN1"
"hepatic_mitochondrial_dysfunction_module","MFN2"
"hepatic_mitochondrial_dysfunction_module","OPA1"
"hepatic_mitochondrial_dysfunction_module","DNM1L"
"hepatic_mitochondrial_dysfunction_module","FIS1"
"hepatic_mitochondrial_dysfunction_module","MFF"
"hepatic_mitochondrial_dysfunction_module","MIEF1"
"hepatic_mitochondrial_dysfunction_module","MIEF2"
"hepatic_mitochondrial_dysfunction_module","GDAP1"
"hepatic_mitochondrial_dysfunction_module","ACADM"
"hepatic_mitochondrial_dysfunction_module","ACADS"
"hepatic_mitochondrial_dysfunction_module","ACADL"
"hepatic_mitochondrial_dysfunction_module","ACADVL"
"hepatic_mitochondrial_dysfunction_module","ACAD8"
"hepatic_mitochondrial_dysfunction_module","ACAD9"
"hepatic_mitochondrial_dysfunction_module","ACAD10"
"hepatic_mitochondrial_dysfunction_module","ACAD11"
"hepatic_mitochondrial_dysfunction_module","CPT1A"
"hepatic_mitochondrial_dysfunction_module","CPT1B"
"hepatic_mitochondrial_dysfunction_module","CPT2"
"hepatic_mitochondrial_dysfunction_module","HADHA"
"hepatic_mitochondrial_dysfunction_module","HADHB"
"hepatic_mitochondrial_dysfunction_module","ECHS1"
"hepatic_mitochondrial_dysfunction_module","EHHADH"
"hepatic_mitochondrial_dysfunction_module","ACOX1"
"hepatic_mitochondrial_dysfunction_module","ACOX2"
"hepatic_mitochondrial_dysfunction_module","ACOX3"
"hepatic_mitochondrial_dysfunction_module","HMGCL"
"hepatic_mitochondrial_dysfunction_module","HMGCS2"
"hepatic_mitochondrial_dysfunction_module","ABCB7"
"hepatic_mitochondrial_dysfunction_module","ACAA1"
"hepatic_mitochondrial_dysfunction_module","ACAA2"
"hepatic_mitochondrial_dysfunction_module","ACADSB"
"hepatic_mitochondrial_dysfunction_module","ACAT1"
"hepatic_mitochondrial_dysfunction_module","ACO2"
"hepatic_mitochondrial_dysfunction_module","AFG3L2"
"hepatic_mitochondrial_dysfunction_module","AIFM1"
"hepatic_mitochondrial_dysfunction_module","ALAS1"
"hepatic_mitochondrial_dysfunction_module","ALDH6A1"
"hepatic_mitochondrial_dysfunction_module","ATP1B1"
"hepatic_mitochondrial_dysfunction_module","ATP6AP1"
"hepatic_mitochondrial_dysfunction_module","ATP6V0B"
"hepatic_mitochondrial_dysfunction_module","ATP6V0C"
"hepatic_mitochondrial_dysfunction_module","ATP6V0E1"
"hepatic_mitochondrial_dysfunction_module","ATP6V1C1"
"hepatic_mitochondrial_dysfunction_module","ATP6V1D"
"hepatic_mitochondrial_dysfunction_module","ATP6V1E1"
"hepatic_mitochondrial_dysfunction_module","ATP6V1F"
"hepatic_mitochondrial_dysfunction_module","ATP6V1G1"
"hepatic_mitochondrial_dysfunction_module","ATP6V1H"
"hepatic_mitochondrial_dysfunction_module","BAX"
"hepatic_mitochondrial_dysfunction_module","BCKDHA"
"hepatic_mitochondrial_dysfunction_module","BDH2"
"hepatic_mitochondrial_dysfunction_module","CASP7"
"hepatic_mitochondrial_dysfunction_module","COX7A2L"
"hepatic_mitochondrial_dysfunction_module","CS"
"hepatic_mitochondrial_dysfunction_module","CYB5A"
"hepatic_mitochondrial_dysfunction_module","CYB5R3"
"hepatic_mitochondrial_dysfunction_module","DECR1"
"hepatic_mitochondrial_dysfunction_module","DLAT"
"hepatic_mitochondrial_dysfunction_module","ECH1"
"hepatic_mitochondrial_dysfunction_module","ECI1"
"hepatic_mitochondrial_dysfunction_module","ETFA"
"hepatic_mitochondrial_dysfunction_module","ETFB"
"hepatic_mitochondrial_dysfunction_module","ETFDH"
"hepatic_mitochondrial_dysfunction_module","FDX1"
"hepatic_mitochondrial_dysfunction_module","FH"
"hepatic_mitochondrial_dysfunction_module","FXN"
"hepatic_mitochondrial_dysfunction_module","GLUD1"
"hepatic_mitochondrial_dysfunction_module","GOT2"
"hepatic_mitochondrial_dysfunction_module","GPI"
"hepatic_mitochondrial_dysfunction_module","GPX4"
"hepatic_mitochondrial_dysfunction_module","GRPEL1"
"hepatic_mitochondrial_dysfunction_module","HCCS"
"hepatic_mitochondrial_dysfunction_module","HSD17B10"
"hepatic_mitochondrial_dysfunction_module","HSPA9"
"hepatic_mitochondrial_dysfunction_module","HTRA2"
"hepatic_mitochondrial_dysfunction_module","IMMT"
"hepatic_mitochondrial_dysfunction_module","ISCA1"
"hepatic_mitochondrial_dysfunction_module","ISCU"
"hepatic_mitochondrial_dysfunction_module","LRPPRC"
"hepatic_mitochondrial_dysfunction_module","MAOB"
"hepatic_mitochondrial_dysfunction_module","MDH1"
"hepatic_mitochondrial_dysfunction_module","MDH2"
"hepatic_mitochondrial_dysfunction_module","MGST3"
"hepatic_mitochondrial_dysfunction_module","MPC1"
"hepatic_mitochondrial_dysfunction_module","MRPL11"
"hepatic_mitochondrial_dysfunction_module","MRPL15"
"hepatic_mitochondrial_dysfunction_module","MRPL34"
"hepatic_mitochondrial_dysfunction_module","MRPL35"
"hepatic_mitochondrial_dysfunction_module","MRPS11"
"hepatic_mitochondrial_dysfunction_module","MRPS12"
"hepatic_mitochondrial_dysfunction_module","MRPS15"
"hepatic_mitochondrial_dysfunction_module","MRPS22"
"hepatic_mitochondrial_dysfunction_module","MRPS30"
"hepatic_mitochondrial_dysfunction_module","MTRF1"
"hepatic_mitochondrial_dysfunction_module","MTRR"
"hepatic_mitochondrial_dysfunction_module","MTX2"
"hepatic_mitochondrial_dysfunction_module","NNT"
"hepatic_mitochondrial_dysfunction_module","NQO2"
"hepatic_mitochondrial_dysfunction_module","OAT"
"hepatic_mitochondrial_dysfunction_module","OGDH"
"hepatic_mitochondrial_dysfunction_module","PDK4"
"hepatic_mitochondrial_dysfunction_module","PDP1"
"hepatic_mitochondrial_dysfunction_module","PHB2"
"hepatic_mitochondrial_dysfunction_module","PHYH"
"hepatic_mitochondrial_dysfunction_module","PMPCA"
"hepatic_mitochondrial_dysfunction_module","POLR2F"
"hepatic_mitochondrial_dysfunction_module","POR"
"hepatic_mitochondrial_dysfunction_module","PRDX3"
"hepatic_mitochondrial_dysfunction_module","RETSAT"
"hepatic_mitochondrial_dysfunction_module","RHOT1"
"hepatic_mitochondrial_dysfunction_module","RHOT2"
"hepatic_mitochondrial_dysfunction_module","SLC25A20"
"hepatic_mitochondrial_dysfunction_module","SLC25A3"
"hepatic_mitochondrial_dysfunction_module","SLC25A4"
"hepatic_mitochondrial_dysfunction_module","SLC25A5"
"hepatic_mitochondrial_dysfunction_module","SLC25A6"
"hepatic_mitochondrial_dysfunction_module","SUCLA2"
"hepatic_mitochondrial_dysfunction_module","SUCLG1"
"hepatic_mitochondrial_dysfunction_module","SUPV3L1"
"hepatic_mitochondrial_dysfunction_module","SURF1"
"hepatic_mitochondrial_dysfunction_module","TCIRG1"
"hepatic_mitochondrial_dysfunction_module","TIMM10"
"hepatic_mitochondrial_dysfunction_module","TIMM13"
"hepatic_mitochondrial_dysfunction_module","TIMM17A"
"hepatic_mitochondrial_dysfunction_module","TIMM50"
"hepatic_mitochondrial_dysfunction_module","TIMM8B"
"hepatic_mitochondrial_dysfunction_module","TIMM9"
"hepatic_mitochondrial_dysfunction_module","TOMM22"
"hepatic_mitochondrial_dysfunction_module","TOMM70"
"hepatic_mitochondrial_dysfunction_module","UQCR10"
"hepatic_mitochondrial_dysfunction_module","UQCR11"
"hepatic_mitochondrial_dysfunction_module","UQCRB"
"hepatic_acute_phase_response_module","C1QA"
"hepatic_acute_phase_response_module","C1QB"
"hepatic_acute_phase_response_module","C1QC"
"hepatic_acute_phase_response_module","C1R"
"hepatic_acute_phase_response_module","C1S"
"hepatic_acute_phase_response_module","C2"
"hepatic_acute_phase_response_module","C3"
"hepatic_acute_phase_response_module","C4A"
"hepatic_acute_phase_response_module","C4B"
"hepatic_acute_phase_response_module","C4BPA"
"hepatic_acute_phase_response_module","C5"
"hepatic_acute_phase_response_module","C6"
"hepatic_acute_phase_response_module","C7"
"hepatic_acute_phase_response_module","C8A"
"hepatic_acute_phase_response_module","C8B"
"hepatic_acute_phase_response_module","C8G"
"hepatic_acute_phase_response_module","C9"
"hepatic_acute_phase_response_module","C1QBP"
"hepatic_acute_phase_response_module","C1QL1"
"hepatic_acute_phase_response_module","C1QL2"
"hepatic_acute_phase_response_module","C1QL3"
"hepatic_acute_phase_response_module","C1QTNF1"
"hepatic_acute_phase_response_module","C1QTNF2"
"hepatic_acute_phase_response_module","C1QTNF3"
"hepatic_acute_phase_response_module","C1QTNF4"
"hepatic_acute_phase_response_module","C1QTNF6"
"hepatic_acute_phase_response_module","C1QTNF7"
"hepatic_acute_phase_response_module","C1QTNF8"
"hepatic_acute_phase_response_module","C1QTNF9"
"hepatic_acute_phase_response_module","CFB"
"hepatic_acute_phase_response_module","CFD"
"hepatic_acute_phase_response_module","CFH"
"hepatic_acute_phase_response_module","CFHR1"
"hepatic_acute_phase_response_module","CFHR2"
"hepatic_acute_phase_response_module","CFHR3"
"hepatic_acute_phase_response_module","CFHR4"
"hepatic_acute_phase_response_module","CFHR5"
"hepatic_acute_phase_response_module","CFI"
"hepatic_acute_phase_response_module","MBL2"
"hepatic_acute_phase_response_module","MASP1"
"hepatic_acute_phase_response_module","MASP2"
"hepatic_acute_phase_response_module","CD46"
"hepatic_acute_phase_response_module","CD55"
"hepatic_acute_phase_response_module","CD59"
"hepatic_acute_phase_response_module","CRP"
"hepatic_acute_phase_response_module","SAA1"
"hepatic_acute_phase_response_module","SAA2"
"hepatic_acute_phase_response_module","SAA4"
"hepatic_acute_phase_response_module","SERPINA1"
"hepatic_acute_phase_response_module","SERPINA3"
"hepatic_acute_phase_response_module","SERPINC1"
"hepatic_acute_phase_response_module","SERPIND1"
"hepatic_acute_phase_response_module","SERPINE1"
"hepatic_acute_phase_response_module","HP"
"hepatic_acute_phase_response_module","HPR"
"hepatic_acute_phase_response_module","HAMP"
"hepatic_acute_phase_response_module","FGA"
"hepatic_acute_phase_response_module","FGB"
"hepatic_acute_phase_response_module","FGG"
"hepatic_acute_phase_response_module","ORM1"
"hepatic_acute_phase_response_module","ORM2"
"hepatic_acute_phase_response_module","A2M"
"hepatic_acute_phase_response_module","AMBP"
"hepatic_acute_phase_response_module","ITIH1"
"hepatic_acute_phase_response_module","ITIH2"
"hepatic_acute_phase_response_module","ITIH3"
"hepatic_acute_phase_response_module","ITIH4"
"hepatic_acute_phase_response_module","ITIH5"
"hepatic_acute_phase_response_module","KNG1"
"hepatic_acute_phase_response_module","AFM"
"hepatic_acute_phase_response_module","ALB"
"hepatic_acute_phase_response_module","APOA1"
"hepatic_acute_phase_response_module","APOA2"
"hepatic_acute_phase_response_module","APOH"
"hepatic_acute_phase_response_module","TF"
"hepatic_acute_phase_response_module","CP"
"hepatic_acute_phase_response_module","RBP4"
"hepatic_acute_phase_response_module","PZP"
"hepatic_acute_phase_response_module","IL6"
"hepatic_acute_phase_response_module","IL1B"
"hepatic_acute_phase_response_module","TNF"
"hepatic_acute_phase_response_module","IL6ST"
"hepatic_acute_phase_response_module","STAT3"
"hepatic_acute_phase_response_module","HNF1A"
"hepatic_acute_phase_response_module","HNF4A"
"hepatic_acute_phase_response_module","CEBPB"
"hepatic_acute_phase_response_module","CEBPD"
"hepatic_acute_phase_response_module","SOCS3"
"hepatic_acute_phase_response_module","AGT"
"hepatic_acute_phase_response_module","GC"
"hepatic_acute_phase_response_module","VTN"
"hepatic_acute_phase_response_module","ACTN2"
"hepatic_acute_phase_response_module","ADAM9"
"hepatic_acute_phase_response_module","ADRA2B"
"hepatic_acute_phase_response_module","AKAP10"
"hepatic_acute_phase_response_module","ANG"
"hepatic_acute_phase_response_module","ANXA5"
"hepatic_acute_phase_response_module","APOA4"
"hepatic_acute_phase_response_module","APOBEC3F"
"hepatic_acute_phase_response_module","APOBEC3G"
"hepatic_acute_phase_response_module","APOC1"
"hepatic_acute_phase_response_module","ATOX1"
"hepatic_acute_phase_response_module","BRPF3"
"hepatic_acute_phase_response_module","C4BPB"
"hepatic_acute_phase_response_module","CA2"
"hepatic_acute_phase_response_module","CALM1"
"hepatic_acute_phase_response_module","CALM3"
"hepatic_acute_phase_response_module","CASP1"
"hepatic_acute_phase_response_module","CASP10"
"hepatic_acute_phase_response_module","CASP3"
"hepatic_acute_phase_response_module","CASP4"
"hepatic_acute_phase_response_module","CASP5"
"hepatic_acute_phase_response_module","CASP7"
"hepatic_acute_phase_response_module","CASP9"
"hepatic_acute_phase_response_module","CBLB"
"hepatic_acute_phase_response_module","CCL5"
"hepatic_acute_phase_response_module","CD36"
"hepatic_acute_phase_response_module","CD40LG"
"hepatic_acute_phase_response_module","CDA"
"hepatic_acute_phase_response_module","CDH13"
"hepatic_acute_phase_response_module","CDK5R1"
"hepatic_acute_phase_response_module","CLU"
"hepatic_acute_phase_response_module","COL4A2"
"hepatic_acute_phase_response_module","CPM"
"hepatic_acute_phase_response_module","CPQ"
"hepatic_acute_phase_response_module","CR1"
"hepatic_acute_phase_response_module","CR2"
"hepatic_acute_phase_response_module","CSRP1"
"hepatic_acute_phase_response_module","CTSB"
"hepatic_acute_phase_response_module","CTSC"
"hepatic_acute_phase_response_module","CTSD"
"hepatic_acute_phase_response_module","CTSH"
"hepatic_acute_phase_response_module","CTSL"
"hepatic_acute_phase_response_module","CTSO"
"hepatic_acute_phase_response_module","CTSS"
"hepatic_acute_phase_response_module","CTSV"
"hepatic_acute_phase_response_module","CXCL1"
"hepatic_acute_phase_response_module","DGKG"
"hepatic_acute_phase_response_module","DGKH"
"hepatic_acute_phase_response_module","DOCK10"
"hepatic_acute_phase_response_module","DOCK4"
"hepatic_acute_phase_response_module","DOCK9"
"hepatic_acute_phase_response_module","DPP4"
"hepatic_acute_phase_response_module","DUSP5"
"hepatic_acute_phase_response_module","DUSP6"
"hepatic_acute_phase_response_module","DYRK2"
"hepatic_acute_phase_response_module","EHD1"
"hepatic_acute_phase_response_module","ERAP2"
"hepatic_acute_phase_response_module","F10"
"hepatic_acute_phase_response_module","F2"
"hepatic_acute_phase_response_module","F3"
"hepatic_acute_phase_response_module","F5"
"hepatic_acute_phase_response_module","F7"
"hepatic_acute_phase_response_module","F8"
"hepatic_acute_phase_response_module","FCER1G"
"hepatic_acute_phase_response_module","FCN1"
"hepatic_acute_phase_response_module","FDX1"
"hepatic_acute_phase_response_module","FN1"
"hepatic_acute_phase_response_module","FYN"
"hepatic_acute_phase_response_module","GATA3"
"hepatic_acute_phase_response_module","GCA"
"hepatic_acute_phase_response_module","GMFB"
"hepatic_acute_phase_response_module","GNAI2"
"hepatic_acute_phase_response_module","GNAI3"
"hepatic_acute_phase_response_module","GNB2"
"hepatic_acute_phase_response_module","GNB4"
"hepatic_acute_phase_response_module","GNG2"
"hepatic_acute_phase_response_module","GNGT2"
"hepatic_acute_phase_response_module","GP1BA"
"hepatic_acute_phase_response_module","GP9"
"hepatic_acute_phase_response_module","GPD2"
"hepatic_acute_phase_response_module","GRB2"
"hepatic_acute_phase_response_module","GZMA"
"hepatic_acute_phase_response_module","GZMB"
"hepatic_acute_phase_response_module","GZMK"
"hepatic_acute_phase_response_module","HPCAL4"
"hepatic_acute_phase_response_module","HSPA1A"
"hepatic_acute_phase_response_module","HSPA5"
"hepatic_acute_phase_response_module","IRF1"
"hepatic_acute_phase_response_module","IRF2"
"hepatic_acute_phase_response_module","IRF7"
"hepatic_acute_phase_response_module","ITGAM"
"hepatic_acute_phase_response_module","JAK2"
"hepatic_acute_phase_response_module","KCNIP2"
"hepatic_acute_phase_response_module","KCNIP3"
"hepatic_acute_phase_response_module","KIF2A"
"hepatic_acute_phase_response_module","KLK1"
"hepatic_acute_phase_response_module","KLKB1"
"hepatic_acute_phase_response_module","KYNU"
"hepatic_acute_phase_response_module","L3MBTL4"
"hepatic_acute_phase_response_module","LAMP2"
"hepatic_acute_phase_response_module","LAP3"
"hepatic_acute_phase_response_module","LCK"
"hepatic_acute_phase_response_module","LCP2"
"hepatic_acute_phase_response_module","LGALS3"
"hepatic_acute_phase_response_module","LGMN"
"hepatic_acute_phase_response_module","LIPA"
"hepatic_acute_phase_response_module","LRP1"
"hepatic_acute_phase_response_module","LTA4H"
"hepatic_acute_phase_response_module","LTF"
"hepatic_acute_phase_response_module","LYN"
"hepatic_acute_phase_response_module","MAFF"
"hepatic_acute_phase_response_module","ME1"
"hepatic_acute_phase_response_module","MMP12"
"hepatic_acute_phase_response_module","MMP14"
"hepatic_acute_phase_response_module","MMP15"
"hepatic_acute_phase_response_module","MMP8"
"hepatic_acute_phase_response_module","MSRB1"
"hepatic_acute_phase_response_module","MT3"
"hepatic_acute_phase_response_module","NOTCH4"
"hepatic_acute_phase_response_module","OLR1"
"hepatic_acute_phase_response_module","PCLO"
"hepatic_acute_phase_response_module","PCSK9"
"hepatic_acute_phase_response_module","PDGFB"
"hepatic_acute_phase_response_module","PDP1"
"hepatic_acute_phase_response_module","PFN1"
"hepatic_acute_phase_response_module","PHEX"
"hepatic_acute_phase_response_module","PIK3CA"
"hepatic_acute_phase_response_module","PIK3CG"
"hepatic_acute_phase_response_module","PIK3R5"
"hepatic_acute_phase_response_module","PIM1"
"hepatic_acute_phase_response_module","PLA2G4A"
"hepatic_acute_phase_response_module","PLA2G7"
"hepatic_acute_phase_response_module","PLAT"
"hepatic_acute_phase_response_module","PLAUR"
"hepatic_acute_phase_response_module","PLEK"
"hepatic_acute_phase_response_module","PLG"
"hepatic_acute_phase_response_module","PLSCR1"
"hepatic_acute_phase_response_module","PPP2CB"
"hepatic_acute_phase_response_module","PPP4C"
"hepatic_acute_phase_response_module","PRCP"
"hepatic_acute_phase_response_module","PRDM4"
"hepatic_acute_phase_response_module","PREP"
"hepatic_acute_phase_response_module","PRKCD"
"hepatic_acute_phase_response_module","PRSS3"
"hepatic_acute_phase_response_module","PRSS36"
"hepatic_acute_phase_response_module","PSEN1"
"hepatic_acute_phase_response_module","PSMB9"
"hepatic_acute_phase_response_module","RABIF"
"hepatic_acute_phase_response_module","RAF1"
"hepatic_acute_phase_response_module","RASGRP1"
"hepatic_acute_phase_response_module","RBSN"
"hepatic_acute_phase_response_module","RCE1"
"hepatic_acute_phase_response_module","RHOG"
"hepatic_acute_phase_response_module","RNF4"
"hepatic_acute_phase_response_module","S100A12"
"hepatic_acute_phase_response_module","S100A13"
"hepatic_acute_phase_response_module","S100A9"
"hepatic_acute_phase_response_module","SCG3"
"hepatic_acute_phase_response_module","SERPINB2"
"hepatic_acute_phase_response_module","SERPING1"
"hepatic_acute_phase_response_module","SH2B3"
"hepatic_acute_phase_response_module","SIRT6"
"hepatic_acute_phase_response_module","SPOCK2"
"hepatic_acute_phase_response_module","SRC"
"hepatic_acute_phase_response_module","STX4"
"hepatic_acute_phase_response_module","TFPI2"
"hepatic_acute_phase_response_module","TIMP1"
"hepatic_acute_phase_response_module","TIMP2"
"hepatic_acute_phase_response_module","TMPRSS6"
"hepatic_acute_phase_response_module","TNFAIP3"
"hepatic_acute_phase_response_module","USP14"
"hepatic_acute_phase_response_module","USP15"
"hepatic_acute_phase_response_module","USP16"
"hepatic_acute_phase_response_module","USP8"
"hepatic_acute_phase_response_module","VCPIP1"
"hepatic_acute_phase_response_module","WAS"
"hepatic_acute_phase_response_module","XPNPEP1"
"hepatic_acute_phase_response_module","ZEB1"
"hepatic_acute_phase_response_module","ZFPM2"
"hepatic_endothelial_vascular_activation_module","VCAM1"
"hepatic_endothelial_vascular_activation_module","ICAM1"
"hepatic_endothelial_vascular_activation_module","ICAM2"
"hepatic_endothelial_vascular_activation_module","SELE"
"hepatic_endothelial_vascular_activation_module","SELP"
"hepatic_endothelial_vascular_activation_module","SELL"
"hepatic_endothelial_vascular_activation_module","PECAM1"
"hepatic_endothelial_vascular_activation_module","CDH5"
"hepatic_endothelial_vascular_activation_module","NRP1"
"hepatic_endothelial_vascular_activation_module","NRP2"
"hepatic_endothelial_vascular_activation_module","THBD"
"hepatic_endothelial_vascular_activation_module","VWF"
"hepatic_endothelial_vascular_activation_module","NOS3"
"hepatic_endothelial_vascular_activation_module","PROC"
"hepatic_endothelial_vascular_activation_module","PROS1"
"hepatic_endothelial_vascular_activation_module","SERPINE1"
"hepatic_endothelial_vascular_activation_module","THBS1"
"hepatic_endothelial_vascular_activation_module","THBS2"
"hepatic_endothelial_vascular_activation_module","ADAMTS1"
"hepatic_endothelial_vascular_activation_module","ADAMTS13"
"hepatic_endothelial_vascular_activation_module","VEGFA"
"hepatic_endothelial_vascular_activation_module","VEGFB"
"hepatic_endothelial_vascular_activation_module","VEGFC"
"hepatic_endothelial_vascular_activation_module","VEGFD"
"hepatic_endothelial_vascular_activation_module","FLT1"
"hepatic_endothelial_vascular_activation_module","KDR"
"hepatic_endothelial_vascular_activation_module","FLT4"
"hepatic_endothelial_vascular_activation_module","ANGPT1"
"hepatic_endothelial_vascular_activation_module","ANGPT2"
"hepatic_endothelial_vascular_activation_module","TEK"
"hepatic_endothelial_vascular_activation_module","TIE1"
"hepatic_endothelial_vascular_activation_module","HIF1A"
"hepatic_endothelial_vascular_activation_module","EPAS1"
"hepatic_endothelial_vascular_activation_module","VEZF1"
"hepatic_endothelial_vascular_activation_module","ETS1"
"hepatic_endothelial_vascular_activation_module","ETS2"
"hepatic_endothelial_vascular_activation_module","ERG"
"hepatic_endothelial_vascular_activation_module","FLI1"
"hepatic_endothelial_vascular_activation_module","GATA2"
"hepatic_endothelial_vascular_activation_module","SOX17"
"hepatic_endothelial_vascular_activation_module","SOX18"
"hepatic_endothelial_vascular_activation_module","CD34"
"hepatic_endothelial_vascular_activation_module","EMCN"
"hepatic_endothelial_vascular_activation_module","ROBO4"
"hepatic_endothelial_vascular_activation_module","DLL4"
"hepatic_endothelial_vascular_activation_module","JAG1"
"hepatic_endothelial_vascular_activation_module","NOTCH1"
"hepatic_endothelial_vascular_activation_module","NOTCH4"
"hepatic_endothelial_vascular_activation_module","HEY1"
"hepatic_endothelial_vascular_activation_module","HEYL"
"hepatic_endothelial_vascular_activation_module","HES1"
"hepatic_endothelial_vascular_activation_module","CXCL1"
"hepatic_endothelial_vascular_activation_module","CXCL2"
"hepatic_endothelial_vascular_activation_module","CXCL8"
"hepatic_endothelial_vascular_activation_module","CCL2"
"hepatic_endothelial_vascular_activation_module","CCL5"
"hepatic_endothelial_vascular_activation_module","IL6"
"hepatic_endothelial_vascular_activation_module","IL1B"
"hepatic_endothelial_vascular_activation_module","TNF"
"hepatic_endothelial_vascular_activation_module","NFKB1"
"hepatic_endothelial_vascular_activation_module","RELA"
"hepatic_endothelial_vascular_activation_module","PTGS2"
"hepatic_endothelial_vascular_activation_module","NOS2"
"hepatic_endothelial_vascular_activation_module","EDN1"
"hepatic_endothelial_vascular_activation_module","EDN2"
"hepatic_endothelial_vascular_activation_module","EDNRB"
"hepatic_endothelial_vascular_activation_module","STAB1"
"hepatic_endothelial_vascular_activation_module","STAB2"
"hepatic_endothelial_vascular_activation_module","CLEC4G"
"hepatic_endothelial_vascular_activation_module","CLEC4M"
"hepatic_endothelial_vascular_activation_module","FCN3"
"hepatic_endothelial_vascular_activation_module","LYVE1"
"hepatic_endothelial_vascular_activation_module","FCGR2B"
"hepatic_endothelial_vascular_activation_module","MRC1"
"hepatic_endothelial_vascular_activation_module","MARCO"
"hepatic_endothelial_vascular_activation_module","CD163"
"hepatic_endothelial_vascular_activation_module","ACTA2"
"hepatic_endothelial_vascular_activation_module","MYH11"
"hepatic_endothelial_vascular_activation_module","CNN1"
"hepatic_endothelial_vascular_activation_module","TAGLN"
"hepatic_endothelial_vascular_activation_module","DES"
"hepatic_endothelial_vascular_activation_module","MYOCD"
"hepatic_secretome_hepatokine_module","FGF21"
"hepatic_secretome_hepatokine_module","SELENOP"
"hepatic_secretome_hepatokine_module","MANF"
"hepatic_secretome_hepatokine_module","IGFBP1"
"hepatic_secretome_hepatokine_module","IGFBP2"
"hepatic_secretome_hepatokine_module","IGFBP3"
"hepatic_secretome_hepatokine_module","LECT2"
"hepatic_secretome_hepatokine_module","ANGPTL3"
"hepatic_secretome_hepatokine_module","ANGPTL4"
"hepatic_secretome_hepatokine_module","ANGPTL6"
"hepatic_secretome_hepatokine_module","ANGPTL8"
"hepatic_secretome_hepatokine_module","SHBG"
"hepatic_secretome_hepatokine_module","AHSG"
"hepatic_secretome_hepatokine_module","ADIPOQ"
"hepatic_secretome_hepatokine_module","RBP4"
"hepatic_secretome_hepatokine_module","LIFR"
"hepatic_secretome_hepatokine_module","OSM"
"hepatic_secretome_hepatokine_module","CTF1"
"hepatic_secretome_hepatokine_module","CNTF"
"hepatic_secretome_hepatokine_module","FGF19"
"hepatic_secretome_hepatokine_module","FGF23"
"hepatic_secretome_hepatokine_module","BMP6"
"hepatic_secretome_hepatokine_module","BMP2"
"hepatic_secretome_hepatokine_module","GDF15"
"hepatic_secretome_hepatokine_module","GDF11"
"hepatic_secretome_hepatokine_module","INHBA"
"hepatic_secretome_hepatokine_module","INHBB"
"hepatic_secretome_hepatokine_module","INHBC"
"hepatic_secretome_hepatokine_module","SPP1"
"hepatic_secretome_hepatokine_module","POSTN"
"hepatic_secretome_hepatokine_module","SPARC"
"hepatic_secretome_hepatokine_module","SERPINE1"
"hepatic_secretome_hepatokine_module","COMP"
"hepatic_secretome_hepatokine_module","IGF1"
"hepatic_secretome_hepatokine_module","IGF2"
"hepatic_secretome_hepatokine_module","IGFBP4"
"hepatic_secretome_hepatokine_module","IGFBP5"
"hepatic_secretome_hepatokine_module","IGFBP6"
"hepatic_secretome_hepatokine_module","IGFBP7"
"hepatic_secretome_hepatokine_module","IGFALS"
"hepatic_secretome_hepatokine_module","SAA1"
"hepatic_secretome_hepatokine_module","SAA2"
"hepatic_secretome_hepatokine_module","CRP"
"hepatic_secretome_hepatokine_module","HP"
"hepatic_secretome_hepatokine_module","SERPINA1"
"hepatic_secretome_hepatokine_module","SERPINA3"
"hepatic_secretome_hepatokine_module","ORM1"
"hepatic_secretome_hepatokine_module","ORM2"
"hepatic_secretome_hepatokine_module","A2M"
"hepatic_secretome_hepatokine_module","FETUB"
"hepatic_secretome_hepatokine_module","AFM"
"hepatic_secretome_hepatokine_module","GC"
"hepatic_secretome_hepatokine_module","APOA1"
"hepatic_secretome_hepatokine_module","APOA2"
"hepatic_secretome_hepatokine_module","APOA4"
"hepatic_secretome_hepatokine_module","APOA5"
"hepatic_secretome_hepatokine_module","APOB"
"hepatic_secretome_hepatokine_module","APOC1"
"hepatic_secretome_hepatokine_module","APOC2"
"hepatic_secretome_hepatokine_module","APOC3"
"hepatic_secretome_hepatokine_module","APOC4"
"hepatic_secretome_hepatokine_module","APOE"
"hepatic_secretome_hepatokine_module","APOM"
"hepatic_secretome_hepatokine_module","APOH"
"hepatic_secretome_hepatokine_module","PCSK9"
"hepatic_secretome_hepatokine_module","CETP"
"hepatic_secretome_hepatokine_module","LCAT"
"hepatic_secretome_hepatokine_module","PLTP"
"hepatic_secretome_hepatokine_module","ABCA1"
"hepatic_secretome_hepatokine_module","LEP"
"hepatic_secretome_hepatokine_module","INS"
"hepatic_secretome_hepatokine_module","INSL3"
"hepatic_secretome_hepatokine_module","INSL5"
"hepatic_secretome_hepatokine_module","REN"
"hepatic_secretome_hepatokine_module","AGT"
"hepatic_secretome_hepatokine_module","EPO"
"hepatic_secretome_hepatokine_module","THPO"
"hepatic_secretome_hepatokine_module","HAMP"
"hepatic_secretome_hepatokine_module","TRIB3"
"hepatic_secretome_hepatokine_module","FSTL3"
"hepatic_secretome_hepatokine_module","FST"
"hepatic_secretome_hepatokine_module","DKK1"
"hepatic_secretome_hepatokine_module","DKK3"
"hepatic_secretome_hepatokine_module","SFRP1"
"hepatic_secretome_hepatokine_module","SFRP5"
"hepatic_secretome_hepatokine_module","WNT5A"
"hepatic_secretome_hepatokine_module","WNT10B"
"hepatic_secretome_hepatokine_module","CCN2"
"hepatic_secretome_hepatokine_module","TNC"
"hepatic_secretome_hepatokine_module","TNXB"
"hepatic_secretome_hepatokine_module","FN1"
"hepatic_secretome_hepatokine_module","FBN1"
"hepatic_secretome_hepatokine_module","LTBP1"
"hepatic_secretome_hepatokine_module","LTBP2"
"hepatic_secretome_hepatokine_module","NEGR1"
"hepatic_secretome_hepatokine_module","NID1"
"hepatic_secretome_hepatokine_module","NID2"
"WGCNA_turquoise","DPM1"
"WGCNA_turquoise","SCYL3"
"WGCNA_turquoise","FIRRM"
"WGCNA_turquoise","CFH"
"WGCNA_turquoise","FUCA2"
"WGCNA_turquoise","GCLC"
"WGCNA_turquoise","NFYA"
"WGCNA_turquoise","ENPP4"
"WGCNA_turquoise","ANKIB1"
"WGCNA_turquoise","KRIT1"
"WGCNA_turquoise","KLHL13"
"WGCNA_turquoise","ALS2"
"WGCNA_turquoise","TFPI"
"WGCNA_turquoise","NDUFAF7"
"WGCNA_turquoise","MTMR7"
"WGCNA_turquoise","SLC7A2"
"WGCNA_turquoise","RECQL"
"WGCNA_turquoise","VPS50"
"WGCNA_turquoise","PDK4"
"WGCNA_turquoise","SLC25A13"
"WGCNA_turquoise","CDC27"
"WGCNA_turquoise","CALCR"
"WGCNA_turquoise","HCCS"
"WGCNA_turquoise","SKAP2"
"WGCNA_turquoise","MCUB"
"WGCNA_turquoise","DHX33"
"WGCNA_turquoise","THSD7A"
"WGCNA_turquoise","RPAP3"
"WGCNA_turquoise","ACSM3"
"WGCNA_turquoise","PRKAR2B"
"WGCNA_turquoise","MSL3"
"WGCNA_turquoise","PON1"
"WGCNA_turquoise","CROT"
"WGCNA_turquoise","KMT2E"
"WGCNA_turquoise","IBTK"
"WGCNA_turquoise","MYCBP2"
"WGCNA_turquoise","FBXL3"
"WGCNA_turquoise","ZFX"
"WGCNA_turquoise","LAMP2"
"WGCNA_turquoise","ASB4"
"WGCNA_turquoise","RALA"
"WGCNA_turquoise","KDM7A"
"WGCNA_turquoise","ETV1"
"WGCNA_turquoise","AGK"
"WGCNA_turquoise","PHTF2"
"WGCNA_turquoise","GGCT"
"WGCNA_turquoise","DBF4"
"WGCNA_turquoise","VPS41"
"WGCNA_turquoise","SCIN"
"WGCNA_turquoise","PNPLA4"
"WGCNA_turquoise","ADIPOR2"
"WGCNA_turquoise","PAFAH1B1"
"WGCNA_turquoise","ST7L"
"WGCNA_turquoise","SELE"
"WGCNA_turquoise","FMO3"
"WGCNA_turquoise","MYLIP"
"WGCNA_turquoise","JARID2"
"WGCNA_turquoise","CDKL5"
"WGCNA_turquoise","ADAM22"
"WGCNA_turquoise","SYPL1"
"WGCNA_turquoise","SPAG9"
"WGCNA_turquoise","AASS"
"WGCNA_turquoise","SS18L2"
"WGCNA_turquoise","MGST1"
"WGCNA_turquoise","CRY1"
"WGCNA_turquoise","HEATR5B"
"WGCNA_turquoise","SEC62"
"WGCNA_turquoise","CSDE1"
"WGCNA_turquoise","REV3L"
"WGCNA_turquoise","TENM1"
"WGCNA_turquoise","IYD"
"WGCNA_turquoise","FAM76A"
"WGCNA_turquoise","VTA1"
"WGCNA_turquoise","RANBP9"
"WGCNA_turquoise","SPRTN"
"WGCNA_turquoise","ZNF207"
"WGCNA_turquoise","STARD3NL"
"WGCNA_turquoise","IDS"
"WGCNA_turquoise","ZNF200"
"WGCNA_turquoise","FYN"
"WGCNA_turquoise","HIVEP2"
"WGCNA_turquoise","BTBD7"
"WGCNA_turquoise","ABHD5"
"WGCNA_turquoise","ANOS1"
"WGCNA_turquoise","MBTD1"
"WGCNA_turquoise","UTP18"
"WGCNA_turquoise","TTC19"
"WGCNA_turquoise","PIK3C2A"
"WGCNA_turquoise","ANLN"
"WGCNA_turquoise","RABGAP1"
"WGCNA_turquoise","DCN"
"WGCNA_turquoise","CEP68"
"WGCNA_turquoise","MAP4K3"
"WGCNA_turquoise","BRCA1"
"WGCNA_turquoise","MBTPS2"
"WGCNA_turquoise","NR1H4"
"WGCNA_turquoise","ELOVL5"
"WGCNA_turquoise","UBR7"
"WGCNA_turquoise","MAP4K5"
"WGCNA_turquoise","PGM3"
"WGCNA_turquoise","RWDD2A"
"WGCNA_turquoise","POLR3B"
"WGCNA_turquoise","RNF14"
"WGCNA_turquoise","UFL1"
"WGCNA_turquoise","MDH1"
"WGCNA_turquoise","SLC30A9"
"WGCNA_turquoise","COX15"
"WGCNA_turquoise","YAF2"
"WGCNA_turquoise","ZMYND11"
"WGCNA_turquoise","MATR3"
"WGCNA_turquoise","GLT8D1"
"WGCNA_turquoise","ATP2C1"
"WGCNA_turquoise","IGF1"
"WGCNA_turquoise","RUFY3"
"WGCNA_turquoise","CNTN1"
"WGCNA_turquoise","WWTR1"
"WGCNA_turquoise","AGPS"
"WGCNA_turquoise","TTC27"
"WGCNA_turquoise","SNAI2"
"WGCNA_turquoise","HGF"
"WGCNA_turquoise","ZRANB1"
"WGCNA_turquoise","MNAT1"
"WGCNA_turquoise","SAMD4A"
"WGCNA_turquoise","MRE11"
"WGCNA_turquoise","SERPINB1"
"WGCNA_turquoise","SPAST"
"WGCNA_turquoise","AQR"
"WGCNA_turquoise","CPS1"
"WGCNA_turquoise","FHL1"
"WGCNA_turquoise","ZDHHC6"
"WGCNA_turquoise","NDUFS1"
"WGCNA_turquoise","RB1CC1"
"WGCNA_turquoise","ERP44"
"WGCNA_turquoise","BIRC3"
"WGCNA_turquoise","AKAP11"
"WGCNA_turquoise","GLRX2"
"WGCNA_turquoise","SNAPC1"
"WGCNA_turquoise","DERA"
"WGCNA_turquoise","STRAP"
"WGCNA_turquoise","ABCC2"
"WGCNA_turquoise","GCLM"
"WGCNA_turquoise","UBR2"
"WGCNA_turquoise","DEPDC1"
"WGCNA_turquoise","CCDC28A"
"WGCNA_turquoise","RRAGD"
"WGCNA_turquoise","HSF2"
"WGCNA_turquoise","PHF20"
"WGCNA_turquoise","SEC63"
"WGCNA_turquoise","FAS"
"WGCNA_turquoise","PRKCH"
"WGCNA_turquoise","IFNGR1"
"WGCNA_turquoise","VRK2"
"WGCNA_turquoise","VEZT"
"WGCNA_turquoise","TBPL1"
"WGCNA_turquoise","BMAL2"
"WGCNA_turquoise","BCLAF1"
"WGCNA_turquoise","SLC39A9"
"WGCNA_turquoise","TFB1M"
"WGCNA_turquoise","RABEP1"
"WGCNA_turquoise","NUP160"
"WGCNA_turquoise","MUSK"
"WGCNA_turquoise","IKZF2"
"WGCNA_turquoise","FAM13B"
"WGCNA_turquoise","CENPQ"
"WGCNA_turquoise","ARID4A"
"WGCNA_turquoise","IFT88"
"WGCNA_turquoise","FUT8"
"WGCNA_turquoise","UBA6"
"WGCNA_turquoise","PIAS1"
"WGCNA_turquoise","SLC4A7"
"WGCNA_turquoise","ASTE1"
"WGCNA_turquoise","RNF19A"
"WGCNA_turquoise","PEX3"
"WGCNA_turquoise","SH3YL1"
"WGCNA_turquoise","VCL"
"WGCNA_turquoise","DEPDC1B"
"WGCNA_turquoise","NSMAF"
"WGCNA_turquoise","ADSS2"
"WGCNA_turquoise","STAP1"
"WGCNA_turquoise","RFC1"
"WGCNA_turquoise","TBC1D23"
"WGCNA_turquoise","CUL3"
"WGCNA_turquoise","OTC"
"WGCNA_turquoise","ZZZ3"
"WGCNA_turquoise","NSUN2"
"WGCNA_turquoise","MFAP3"
"WGCNA_turquoise","AGA"
"WGCNA_turquoise","PI4K2B"
"WGCNA_turquoise","BOD1L1"
"WGCNA_turquoise","MAT2B"
"WGCNA_turquoise","TLL1"
"WGCNA_turquoise","VCAN"
"WGCNA_turquoise","MTREX"
"WGCNA_turquoise","ZFYVE16"
"WGCNA_turquoise","RAI14"
"WGCNA_turquoise","PHLPP2"
"WGCNA_turquoise","SPDL1"
"WGCNA_turquoise","STAU2"
"WGCNA_turquoise","INPP4A"
"WGCNA_turquoise","RAB27B"
"WGCNA_turquoise","PSMA4"
"WGCNA_turquoise","TDP1"
"WGCNA_turquoise","SPATA7"
"WGCNA_turquoise","MED17"
"WGCNA_turquoise","USH2A"
"WGCNA_turquoise","DCUN1D1"
"WGCNA_turquoise","CNTLN"
"WGCNA_turquoise","EPHA3"
"WGCNA_turquoise","DSG2"
"WGCNA_turquoise","GPM6B"
"WGCNA_turquoise","PREX2"
"WGCNA_turquoise","WDR37"
"WGCNA_turquoise","YTHDC2"
"WGCNA_turquoise","CTPS2"
"WGCNA_turquoise","ATP6V1H"
"WGCNA_turquoise","POLR2B"
"WGCNA_turquoise","ATOSA"
"WGCNA_turquoise","ARAP2"
"WGCNA_turquoise","CP"
"WGCNA_turquoise","XK"
"WGCNA_turquoise","FERRY3"
"WGCNA_turquoise","SCML1"
"WGCNA_turquoise","ARHGAP6"
"WGCNA_turquoise","GOPC"
"WGCNA_turquoise","USP28"
"WGCNA_turquoise","HDAC9"
"WGCNA_turquoise","CC2D2A"
"WGCNA_turquoise","RRM2B"
"WGCNA_turquoise","ZNF800"
"WGCNA_turquoise","MRPS10"
"WGCNA_turquoise","RSF1"
"WGCNA_turquoise","CELF2"
"WGCNA_turquoise","FAM120A"
"WGCNA_turquoise","R3HDM1"
"WGCNA_turquoise","KITLG"
"WGCNA_turquoise","ERCC8"
"WGCNA_turquoise","VAMP3"
"WGCNA_turquoise","PER3"
"WGCNA_turquoise","RCN1"
"WGCNA_turquoise","ARID1B"
"WGCNA_turquoise","NEDD4L"
"WGCNA_turquoise","HEXB"
"WGCNA_turquoise","PTCD2"
"WGCNA_turquoise","NEXMIF"
"WGCNA_turquoise","JKAMP"
"WGCNA_turquoise","NFE2L3"
"WGCNA_turquoise","MCUR1"
"WGCNA_turquoise","LIMA1"
"WGCNA_turquoise","PTGER3"
"WGCNA_turquoise","TNIP3"
"WGCNA_turquoise","MAPK9"
"WGCNA_turquoise","HERPUD1"
"WGCNA_turquoise","PIK3CB"
"WGCNA_turquoise","HEBP2"
"WGCNA_turquoise","MPHOSPH9"
"WGCNA_turquoise","PLEKHA5"
"WGCNA_turquoise","SIKE1"
"WGCNA_turquoise","FNIP2"
"WGCNA_turquoise","MSMO1"
"WGCNA_turquoise","TTC17"
"WGCNA_turquoise","FOXN3"
"WGCNA_turquoise","AP5M1"
"WGCNA_turquoise","LY75"
"WGCNA_turquoise","ARID4B"
"WGCNA_turquoise","OPN3"
"WGCNA_turquoise","SDCCAG8"
"WGCNA_turquoise","HHAT"
"WGCNA_turquoise","KIF1B"
"WGCNA_turquoise","GALC"
"WGCNA_turquoise","CUL1"
"WGCNA_turquoise","FAM114A2"
"WGCNA_turquoise","TAB2"
"WGCNA_turquoise","GINM1"
"WGCNA_turquoise","EIF2AK2"
"WGCNA_turquoise","KMT2C"
"WGCNA_turquoise","MCOLN3"
"WGCNA_turquoise","PUM2"
"WGCNA_turquoise","HPF1"
"WGCNA_turquoise","ZFR"
"WGCNA_turquoise","ZNF280C"
"WGCNA_turquoise","RC3H2"
"WGCNA_turquoise","IL17RB"
"WGCNA_turquoise","DCBLD2"
"WGCNA_turquoise","SOAT1"
"WGCNA_turquoise","GDI2"
"WGCNA_turquoise","PRDM1"
"WGCNA_turquoise","ATG5"
"WGCNA_turquoise","TMCC3"
"WGCNA_turquoise","MTA3"
"WGCNA_turquoise","USP13"
"WGCNA_turquoise","ATP11B"
"WGCNA_turquoise","CDK14"
"WGCNA_turquoise","PPP1R12A"
"WGCNA_turquoise","ATP2B4"
"WGCNA_turquoise","RIOK2"
"WGCNA_turquoise","YIPF1"
"WGCNA_turquoise","NDC1"
"WGCNA_turquoise","MXD1"
"WGCNA_turquoise","CDK17"
"WGCNA_turquoise","DNAJC25"
"WGCNA_turquoise","SLC2A3"
"WGCNA_turquoise","WNK1"
"WGCNA_turquoise","CCAR1"
"WGCNA_turquoise","PIGV"
"WGCNA_turquoise","QSER1"
"WGCNA_turquoise","MPC1"
"WGCNA_turquoise","BCAT1"
"WGCNA_turquoise","NCKAP1"
"WGCNA_turquoise","MRPS35"
"WGCNA_turquoise","GUCY1B1"
"WGCNA_turquoise","MON2"
"WGCNA_turquoise","GPBP1"
"WGCNA_turquoise","ZNF112"
"WGCNA_turquoise","WAPL"
"WGCNA_turquoise","VMP1"
"WGCNA_turquoise","APPBP2"
"WGCNA_turquoise","EIF4B"
"WGCNA_turquoise","ZNF275"
"WGCNA_turquoise","MTMR1"
"WGCNA_turquoise","CASP8"
"WGCNA_turquoise","LIMCH1"
"WGCNA_turquoise","INTS13"
"WGCNA_turquoise","SPA17"
"WGCNA_turquoise","ST3GAL6"
"WGCNA_turquoise","CDON"
"WGCNA_turquoise","TAF2"
"WGCNA_turquoise","SLC12A2"
"WGCNA_turquoise","SNX24"
"WGCNA_turquoise","DDX20"
"WGCNA_turquoise","BTBD1"
"WGCNA_turquoise","FAR2"
"WGCNA_turquoise","CALCRL"
"WGCNA_turquoise","TAF11"
"WGCNA_turquoise","BLTP3A"
"WGCNA_turquoise","GNAI3"
"WGCNA_turquoise","IPO5"
"WGCNA_turquoise","OAT"
"WGCNA_turquoise","WDR3"
"WGCNA_turquoise","PKN2"
"WGCNA_turquoise","MCM10"
"WGCNA_turquoise","ANKRD44"
"WGCNA_turquoise","MYLK"
"WGCNA_turquoise","ZC3H15"
"WGCNA_turquoise","MAP2K4"
"WGCNA_turquoise","PACC1"
"WGCNA_turquoise","SLK"
"WGCNA_turquoise","CYB5R4"
"WGCNA_turquoise","PRKCQ"
"WGCNA_turquoise","FAM107B"
"WGCNA_turquoise","ME1"
"WGCNA_turquoise","MTHFD2"
"WGCNA_turquoise","SLC9A7"
"WGCNA_turquoise","PPP2R5A"
"WGCNA_turquoise","DIP2B"
"WGCNA_turquoise","ZMYND12"
"WGCNA_turquoise","ASPM"
"WGCNA_turquoise","MPPED2"
"WGCNA_turquoise","ZBTB11"
"WGCNA_turquoise","ATXN3"
"WGCNA_turquoise","GOLGA5"
"WGCNA_turquoise","FGFR2"
"WGCNA_turquoise","LRRC40"
"WGCNA_turquoise","ISOC1"
"WGCNA_turquoise","TRMT11"
"WGCNA_turquoise","THUMPD1"
"WGCNA_turquoise","MSANTD3"
"WGCNA_turquoise","ATG2B"
"WGCNA_turquoise","ARFGEF1"
"WGCNA_turquoise","MTFR1"
"WGCNA_turquoise","MYO9A"
"WGCNA_turquoise","IDI1"
"WGCNA_turquoise","SP100"
"WGCNA_turquoise","KLF6"
"WGCNA_turquoise","PLPP1"
"WGCNA_turquoise","TRAM1"
"WGCNA_turquoise","EVI5"
"WGCNA_turquoise","DHX29"
"WGCNA_turquoise","DNTTIP2"
"WGCNA_turquoise","RRP15"
"WGCNA_turquoise","IARS2"
"WGCNA_turquoise","SYT1"
"WGCNA_turquoise","NAV3"
"WGCNA_turquoise","ROCK1"
"WGCNA_turquoise","CBFB"
"WGCNA_turquoise","PDK3"
"WGCNA_turquoise","MEF2A"
"WGCNA_turquoise","ACSL4"
"WGCNA_turquoise","INPP5A"
"WGCNA_turquoise","REEP1"
"WGCNA_turquoise","LAPTM4A"
"WGCNA_turquoise","SRBD1"
"WGCNA_turquoise","KIF2A"
"WGCNA_turquoise","PSME4"
"WGCNA_turquoise","ERLEC1"
"WGCNA_turquoise","MAST4"
"WGCNA_turquoise","NUP133"
"WGCNA_turquoise","NUCKS1"
"WGCNA_turquoise","VPS35"
"WGCNA_turquoise","DNAJA2"
"WGCNA_turquoise","ABCC9"
"WGCNA_turquoise","FUNDC1"
"WGCNA_turquoise","RORA"
"WGCNA_turquoise","DRD4"
"WGCNA_turquoise","TGFBR3"
"WGCNA_turquoise","ATP1B3"
"WGCNA_turquoise","NEDD4"
"WGCNA_turquoise","PIGB"
"WGCNA_turquoise","MAPK6"
"WGCNA_turquoise","RAB27A"
"WGCNA_turquoise","LRP6"
"WGCNA_turquoise","ELP1"
"WGCNA_turquoise","NUCB2"
"WGCNA_turquoise","PFN2"
"WGCNA_turquoise","PTPN3"
"WGCNA_turquoise","SLC44A1"
"WGCNA_turquoise","TMEM260"
"WGCNA_turquoise","EXOC5"
"WGCNA_turquoise","POLB"
"WGCNA_turquoise","CFAP20"
"WGCNA_turquoise","PTPN21"
"WGCNA_turquoise","CDC42"
"WGCNA_turquoise","RAD18"
"WGCNA_turquoise","ATP2B1"
"WGCNA_turquoise","MAP4K4"
"WGCNA_turquoise","MGAT4A"
"WGCNA_turquoise","SNX13"
"WGCNA_turquoise","ING3"
"WGCNA_turquoise","SEL1L"
"WGCNA_turquoise","HLTF"
"WGCNA_turquoise","CYBRD1"
"WGCNA_turquoise","CDH19"
"WGCNA_turquoise","PDCD2"
"WGCNA_turquoise","RDH11"
"WGCNA_turquoise","RPS6KA6"
"WGCNA_turquoise","LNX1"
"WGCNA_turquoise","ALDH3A2"
"WGCNA_turquoise","TFRC"
"WGCNA_turquoise","AFF4"
"WGCNA_turquoise","UBE2D1"
"WGCNA_turquoise","PALS1"
"WGCNA_turquoise","RHOBTB1"
"WGCNA_turquoise","HMMR"
"WGCNA_turquoise","TRHDE"
"WGCNA_turquoise","NFATC3"
"WGCNA_turquoise","TRNT1"
"WGCNA_turquoise","FBXW11"
"WGCNA_turquoise","DERL2"
"WGCNA_turquoise","TP63"
"WGCNA_turquoise","PDE8A"
"WGCNA_turquoise","CLCN4"
"WGCNA_turquoise","SMARCE1"
"WGCNA_turquoise","KDM5A"
"WGCNA_turquoise","PPP2R3A"
"WGCNA_turquoise","FERMT2"
"WGCNA_turquoise","PTGS2"
"WGCNA_turquoise","MAP3K13"
"WGCNA_turquoise","FRY"
"WGCNA_turquoise","PICALM"
"WGCNA_turquoise","NSF"
"WGCNA_turquoise","CLASP1"
"WGCNA_turquoise","CLNS1A"
"WGCNA_turquoise","EED"
"WGCNA_turquoise","NCBP3"
"WGCNA_turquoise","NTN4"
"WGCNA_turquoise","NUAK1"
"WGCNA_turquoise","DPP8"
"WGCNA_turquoise","SLC24A1"
"WGCNA_turquoise","LMAN1"
"WGCNA_turquoise","HACD3"
"WGCNA_turquoise","IPCEF1"
"WGCNA_turquoise","SLC12A1"
"WGCNA_turquoise","TUBE1"
"WGCNA_turquoise","TXK"
"WGCNA_turquoise","ACTR6"
"WGCNA_turquoise","TIPIN"
"WGCNA_turquoise","SRI"
"WGCNA_turquoise","NUP37"
"WGCNA_turquoise","SEMA3A"
"WGCNA_turquoise","SEMA3C"
"WGCNA_turquoise","ACAT1"
"WGCNA_turquoise","SLC25A40"
"WGCNA_turquoise","TIMM21"
"WGCNA_turquoise","RASAL2"
"WGCNA_turquoise","ZNF37A"
"WGCNA_turquoise","FNDC3B"
"WGCNA_turquoise","FRYL"
"WGCNA_turquoise","PLD1"
"WGCNA_turquoise","DLG1"
"WGCNA_turquoise","RAB7A"
"WGCNA_turquoise","BCAP29"
"WGCNA_turquoise","ARHGAP15"
"WGCNA_turquoise","KIFAP3"
"WGCNA_turquoise","MKRN2"
"WGCNA_turquoise","REXO2"
"WGCNA_turquoise","RBM7"
"WGCNA_turquoise","UNG"
"WGCNA_turquoise","FMO4"
"WGCNA_turquoise","KLHL20"
"WGCNA_turquoise","ANKRD13A"
"WGCNA_turquoise","TPD52"
"WGCNA_turquoise","PAG1"
"WGCNA_turquoise","NT5C2"
"WGCNA_turquoise","MBNL3"
"WGCNA_turquoise","CTTNBP2"
"WGCNA_turquoise","RARB"
"WGCNA_turquoise","TOP2B"
"WGCNA_turquoise","TM9SF3"
"WGCNA_turquoise","UBE2T"
"WGCNA_turquoise","PPP1R12B"
"WGCNA_turquoise","DNAJC10"
"WGCNA_turquoise","USP33"
"WGCNA_turquoise","DYNC1I2"
"WGCNA_turquoise","FAM76B"
"WGCNA_turquoise","POLD3"
"WGCNA_turquoise","GPR137B"
"WGCNA_turquoise","NAALAD2"
"WGCNA_turquoise","JADE1"
"WGCNA_turquoise","SLC25A43"
"WGCNA_turquoise","UBE2A"
"WGCNA_turquoise","MAP2"
"WGCNA_turquoise","PIAS2"
"WGCNA_turquoise","LAMP3"
"WGCNA_turquoise","NEBL"
"WGCNA_turquoise","ACER3"
"WGCNA_turquoise","UBE2K"
"WGCNA_turquoise","PIK3C3"
"WGCNA_turquoise","N4BP2"
"WGCNA_turquoise","TIGAR"
"WGCNA_turquoise","SYNJ2"
"WGCNA_turquoise","PPP2R5C"
"WGCNA_turquoise","MLLT10"
"WGCNA_turquoise","P2RY10"
"WGCNA_turquoise","ITM2A"
"WGCNA_turquoise","NRDC"
"WGCNA_turquoise","PCM1"
"WGCNA_turquoise","ITCH"
"WGCNA_turquoise","FKBP7"
"WGCNA_turquoise","OSBPL6"
"WGCNA_turquoise","XRCC5"
"WGCNA_turquoise","LXN"
"WGCNA_turquoise","SAR1A"
"WGCNA_turquoise","CDC14A"
"WGCNA_turquoise","SENP1"
"WGCNA_turquoise","OPHN1"
"WGCNA_turquoise","AFM"
"WGCNA_turquoise","CARMIL1"
"WGCNA_turquoise","DDX1"
"WGCNA_turquoise","STX7"
"WGCNA_turquoise","CRYBG3"
"WGCNA_turquoise","RFX3"
"WGCNA_turquoise","RIF1"
"WGCNA_turquoise","RAB21"
"WGCNA_turquoise","SLC4A4"
"WGCNA_turquoise","SMARCA2"
"WGCNA_turquoise","SESN1"
"WGCNA_turquoise","PUM3"
"WGCNA_turquoise","CPB2"
"WGCNA_turquoise","KCNN2"
"WGCNA_turquoise","CNOT4"
"WGCNA_turquoise","PSEN1"
"WGCNA_turquoise","CPOX"
"WGCNA_turquoise","CLDND1"
"WGCNA_turquoise","HSP90AA1"
"WGCNA_turquoise","RBL1"
"WGCNA_turquoise","CFHR2"
"WGCNA_turquoise","NDC80"
"WGCNA_turquoise","AP4E1"
"WGCNA_turquoise","RSBN1"
"WGCNA_turquoise","MAGI3"
"WGCNA_turquoise","COL4A4"
"WGCNA_turquoise","OSTM1"
"WGCNA_turquoise","IMPG2"
"WGCNA_turquoise","PCNP"
"WGCNA_turquoise","EXD2"
"WGCNA_turquoise","ARG2"
"WGCNA_turquoise","MEF2C"
"WGCNA_turquoise","UBA5"
"WGCNA_turquoise","STK17B"
"WGCNA_turquoise","CDC14B"
"WGCNA_turquoise","ZNF510"
"WGCNA_turquoise","ZNF506"
"WGCNA_turquoise","DUSP12"
"WGCNA_turquoise","CADPS2"
"WGCNA_turquoise","PCDHGA2"
"WGCNA_turquoise","IFT25"
"WGCNA_turquoise","PHLPP1"
"WGCNA_turquoise","ATP8B1"
"WGCNA_turquoise","WDR70"
"WGCNA_turquoise","STRADB"
"WGCNA_turquoise","BZW1"
"WGCNA_turquoise","PGR"
"WGCNA_turquoise","ME2"
"WGCNA_turquoise","C5ORF22"
"WGCNA_turquoise","CCNT2"
"WGCNA_turquoise","FAM135A"
"WGCNA_turquoise","COBLL1"
"WGCNA_turquoise","GEMIN5"
"WGCNA_turquoise","GSK3B"
"WGCNA_turquoise","XPO1"
"WGCNA_turquoise","RNF13"
"WGCNA_turquoise","TRPM3"
"WGCNA_turquoise","PALB2"
"WGCNA_turquoise","DOP1A"
"WGCNA_turquoise","LYRM2"
"WGCNA_turquoise","BCKDHB"
"WGCNA_turquoise","TUT7"
"WGCNA_turquoise","ULK2"
"WGCNA_turquoise","TNPO1"
"WGCNA_turquoise","DIS3"
"WGCNA_turquoise","PIBF1"
"WGCNA_turquoise","TDRD3"
"WGCNA_turquoise","NUFIP1"
"WGCNA_turquoise","PDS5B"
"WGCNA_turquoise","OXCT1"
"WGCNA_turquoise","RRAGB"
"WGCNA_turquoise","CYLD"
"WGCNA_turquoise","ZNF586"
"WGCNA_turquoise","ZNF264"
"WGCNA_turquoise","CHMP2B"
"WGCNA_turquoise","ZMPSTE24"
"WGCNA_turquoise","STARD7"
"WGCNA_turquoise","REST"
"WGCNA_turquoise","HAL"
"WGCNA_turquoise","FAM234B"
"WGCNA_turquoise","WBP11"
"WGCNA_turquoise","APOB"
"WGCNA_turquoise","RAB10"
"WGCNA_turquoise","CD59"
"WGCNA_turquoise","ATRX"
"WGCNA_turquoise","AK6"
"WGCNA_turquoise","MYNN"
"WGCNA_turquoise","SCAMP1"
"WGCNA_turquoise","HACE1"
"WGCNA_turquoise","SEH1L"
"WGCNA_turquoise","WDR47"
"WGCNA_turquoise","WDFY1"
"WGCNA_turquoise","SLC25A24"
"WGCNA_turquoise","MAP3K4"
"WGCNA_turquoise","CPNE3"
"WGCNA_turquoise","RRN3"
"WGCNA_turquoise","MTIF2"
"WGCNA_turquoise","DDHD2"
"WGCNA_turquoise","EPS15"
"WGCNA_turquoise","DNAJA1"
"WGCNA_turquoise","CHMP5"
"WGCNA_turquoise","DIMT1"
"WGCNA_turquoise","IPO11"
"WGCNA_turquoise","FOLH1"
"WGCNA_turquoise","EPDR1"
"WGCNA_turquoise","SNX10"
"WGCNA_turquoise","TMED2"
"WGCNA_turquoise","ERO1B"
"WGCNA_turquoise","ZFAND6"
"WGCNA_turquoise","TXLNG"
"WGCNA_turquoise","ZW10"
"WGCNA_turquoise","ALG9"
"WGCNA_turquoise","NOX4"
"WGCNA_turquoise","MTMR2"
"WGCNA_turquoise","NLK"
"WGCNA_turquoise","LPCAT2"
"WGCNA_turquoise","OGFOD1"
"WGCNA_turquoise","L2HGDH"
"WGCNA_turquoise","TXNDC16"
"WGCNA_turquoise","RTRAF"
"WGCNA_turquoise","GMCL1"
"WGCNA_turquoise","KLHL42"
"WGCNA_turquoise","DNM1L"
"WGCNA_turquoise","ERGIC2"
"WGCNA_turquoise","AURKA"
"WGCNA_turquoise","ALG6"
"WGCNA_turquoise","PTPN4"
"WGCNA_turquoise","DDX18"
"WGCNA_turquoise","FER1L4"
"WGCNA_turquoise","SLC15A1"
"WGCNA_turquoise","DOCK9"
"WGCNA_turquoise","TGDS"
"WGCNA_turquoise","ARHGAP28"
"WGCNA_turquoise","CRLS1"
"WGCNA_turquoise","FKBP1A"
"WGCNA_turquoise","XRN2"
"WGCNA_turquoise","SNX5"
"WGCNA_turquoise","P2RX7"
"WGCNA_turquoise","ESF1"
"WGCNA_turquoise","RBBP9"
"WGCNA_turquoise","SLC23A2"
"WGCNA_turquoise","TMEM230"
"WGCNA_turquoise","TASP1"
"WGCNA_turquoise","KIF16B"
"WGCNA_turquoise","TRMT6"
"WGCNA_turquoise","BRAP"
"WGCNA_turquoise","RBM41"
"WGCNA_turquoise","ZBTB25"
"WGCNA_turquoise","NECAP1"
"WGCNA_turquoise","DHX32"
"WGCNA_turquoise","RCOR1"
"WGCNA_turquoise","GPATCH2L"
"WGCNA_turquoise","SPTLC1"
"WGCNA_turquoise","PAPOLA"
"WGCNA_turquoise","RGS1"
"WGCNA_turquoise","IRAK3"
"WGCNA_turquoise","LYZ"
"WGCNA_turquoise","PDCD7"
"WGCNA_turquoise","SPG21"
"WGCNA_turquoise","ZNF268"
"WGCNA_turquoise","USP48"
"WGCNA_turquoise","EXOC1"
"WGCNA_turquoise","RBM27"
"WGCNA_turquoise","OSBPL8"
"WGCNA_turquoise","PUS7"
"WGCNA_turquoise","NRCAM"
"WGCNA_turquoise","SLC26A4"
"WGCNA_turquoise","DLD"
"WGCNA_turquoise","WDR7"
"WGCNA_turquoise","TXNL1"
"WGCNA_turquoise","IL5RA"
"WGCNA_turquoise","CMTM6"
"WGCNA_turquoise","ITGA6"
"WGCNA_turquoise","RAPGEF4"
"WGCNA_turquoise","MAP3K20"
"WGCNA_turquoise","FH"
"WGCNA_turquoise","CDV3"
"WGCNA_turquoise","APOH"
"WGCNA_turquoise","ZFHX4"
"WGCNA_turquoise","ESR1"
"WGCNA_turquoise","ANGPT2"
"WGCNA_turquoise","PPP2R3C"
"WGCNA_turquoise","SCFD1"
"WGCNA_turquoise","G2E3"
"WGCNA_turquoise","HECTD1"
"WGCNA_turquoise","HNRNPC"
"WGCNA_turquoise","GEMIN2"
"WGCNA_turquoise","TRPM7"
"WGCNA_turquoise","WDR76"
"WGCNA_turquoise","SNAP23"
"WGCNA_turquoise","RFFL"
"WGCNA_turquoise","MFSD11"
"WGCNA_turquoise","DPYSL2"
"WGCNA_turquoise","TGFB2"
"WGCNA_turquoise","GPATCH2"
"WGCNA_turquoise","NUP50"
"WGCNA_turquoise","ECHDC1"
"WGCNA_turquoise","LRRFIP2"
"WGCNA_turquoise","SEC22C"
"WGCNA_turquoise","UPRT"
"WGCNA_turquoise","CDC23"
"WGCNA_turquoise","CBX5"
"WGCNA_turquoise","FMO2"
"WGCNA_turquoise","SUCO"
"WGCNA_turquoise","MSH2"
"WGCNA_turquoise","MAP3K1"
"WGCNA_turquoise","ARCN1"
"WGCNA_turquoise","EPB41L4B"
"WGCNA_turquoise","TMEM38B"
"WGCNA_turquoise","PSMD5"
"WGCNA_turquoise","BTAF1"
"WGCNA_turquoise","IKZF5"
"WGCNA_turquoise","BLNK"
"WGCNA_turquoise","TDRD1"
"WGCNA_turquoise","SORBS1"
"WGCNA_turquoise","BAMBI"
"WGCNA_turquoise","WAC"
"WGCNA_turquoise","CREM"
"WGCNA_turquoise","HIVEP1"
"WGCNA_turquoise","SRPK1"
"WGCNA_turquoise","TMEM14A"
"WGCNA_turquoise","CDC5L"
"WGCNA_turquoise","ZNF184"
"WGCNA_turquoise","SIRT1"
"WGCNA_turquoise","IFT74"
"WGCNA_turquoise","JAK2"
"WGCNA_turquoise","SH3GLB1"
"WGCNA_turquoise","CDC7"
"WGCNA_turquoise","SYDE2"
"WGCNA_turquoise","PCSK5"
"WGCNA_turquoise","ABLIM1"
"WGCNA_turquoise","ERMP1"
"WGCNA_turquoise","RAB18"
"WGCNA_turquoise","PRTFDC1"
"WGCNA_turquoise","PALMD"
"WGCNA_turquoise","WASHC2C"
"WGCNA_turquoise","MTAP"
"WGCNA_turquoise","MADCAM1"
"WGCNA_turquoise","SNAP29"
"WGCNA_turquoise","MAPK1"
"WGCNA_turquoise","CRYBB3"
"WGCNA_turquoise","GRK3"
"WGCNA_turquoise","KDELR3"
"WGCNA_turquoise","DMC1"
"WGCNA_turquoise","XBP1"
"WGCNA_turquoise","FBXO7"
"WGCNA_turquoise","MIOX"
"WGCNA_turquoise","HMGXB4"
"WGCNA_turquoise","RBFOX2"
"WGCNA_turquoise","TNRC6B"
"WGCNA_turquoise","SLC25A17"
"WGCNA_turquoise","ST13"
"WGCNA_turquoise","FKBP3"
"WGCNA_turquoise","AP4S1"
"WGCNA_turquoise","POLE2"
"WGCNA_turquoise","SOS2"
"WGCNA_turquoise","CDKL1"
"WGCNA_turquoise","NIN"
"WGCNA_turquoise","PSMC6"
"WGCNA_turquoise","GNPNAT1"
"WGCNA_turquoise","DDHD1"
"WGCNA_turquoise","CDKN3"
"WGCNA_turquoise","CNIH1"
"WGCNA_turquoise","CGRRF1"
"WGCNA_turquoise","ATP6V1D"
"WGCNA_turquoise","CCDC198"
"WGCNA_turquoise","PIGH"
"WGCNA_turquoise","PSMA3"
"WGCNA_turquoise","VTI1B"
"WGCNA_turquoise","TIMM9"
"WGCNA_turquoise","KIAA0586"
"WGCNA_turquoise","TMED8"
"WGCNA_turquoise","DAAM1"
"WGCNA_turquoise","ALKBH1"
"WGCNA_turquoise","PPM1A"
"WGCNA_turquoise","CEP128"
"WGCNA_turquoise","ERH"
"WGCNA_turquoise","HIF1A"
"WGCNA_turquoise","SLC10A1"
"WGCNA_turquoise","EIF5"
"WGCNA_turquoise","DICER1"
"WGCNA_turquoise","ZC3H14"
"WGCNA_turquoise","PCNX1"
"WGCNA_turquoise","GSKIP"
"WGCNA_turquoise","VRK1"
"WGCNA_turquoise","RPS6KA5"
"WGCNA_turquoise","YY1"
"WGCNA_turquoise","CCNB1IP1"
"WGCNA_turquoise","TRIP11"
"WGCNA_turquoise","ARHGAP5"
"WGCNA_turquoise","SRP54"
"WGCNA_turquoise","PRORP"
"WGCNA_turquoise","BRMS1L"
"WGCNA_turquoise","SEC23A"
"WGCNA_turquoise","GINS1"
"WGCNA_turquoise","RAB5IF"
"WGCNA_turquoise","NFATC2"
"WGCNA_turquoise","STK4"
"WGCNA_turquoise","ADNP"
"WGCNA_turquoise","PFDN4"
"WGCNA_turquoise","DOK5"
"WGCNA_turquoise","CSTF1"
"WGCNA_turquoise","TUBB1"
"WGCNA_turquoise","PRELID3B"
"WGCNA_turquoise","TCFL5"
"WGCNA_turquoise","CHRNA4"
"WGCNA_turquoise","NDUFAF5"
"WGCNA_turquoise","CSNK2A1"
"WGCNA_turquoise","RSPO4"
"WGCNA_turquoise","FERMT1"
"WGCNA_turquoise","HAO1"
"WGCNA_turquoise","CRNKL1"
"WGCNA_turquoise","RPRD1B"
"WGCNA_turquoise","PIGU"
"WGCNA_turquoise","ZNF516"
"WGCNA_turquoise","ADNP2"
"WGCNA_turquoise","USP14"
"WGCNA_turquoise","VAPA"
"WGCNA_turquoise","METTL4"
"WGCNA_turquoise","LPIN2"
"WGCNA_turquoise","SMCHD1"
"WGCNA_turquoise","MYL12A"
"WGCNA_turquoise","CEP76"
"WGCNA_turquoise","CEP192"
"WGCNA_turquoise","RNMT"
"WGCNA_turquoise","LIPG"
"WGCNA_turquoise","RNF125"
"WGCNA_turquoise","ANKRD12"
"WGCNA_turquoise","NOL4"
"WGCNA_turquoise","POLI"
"WGCNA_turquoise","MIB1"
"WGCNA_turquoise","RBBP8"
"WGCNA_turquoise","RIOK3"
"WGCNA_turquoise","PSMD10"
"WGCNA_turquoise","ATG4A"
"WGCNA_turquoise","STS"
"WGCNA_turquoise","PGRMC1"
"WGCNA_turquoise","POLA1"
"WGCNA_turquoise","MID1"
"WGCNA_turquoise","NXT2"
"WGCNA_turquoise","PRPS2"
"WGCNA_turquoise","MOSPD1"
"WGCNA_turquoise","AMMECR1"
"WGCNA_turquoise","XIAP"
"WGCNA_turquoise","STAG2"
"WGCNA_turquoise","ATP11C"
"WGCNA_turquoise","F9"
"WGCNA_turquoise","PLS3"
"WGCNA_turquoise","SMARCA1"
"WGCNA_turquoise","ASB9"
"WGCNA_turquoise","ZC3H12B"
"WGCNA_turquoise","RBBP7"
"WGCNA_turquoise","FMR1"
"WGCNA_turquoise","SCML2"
"WGCNA_turquoise","MAGT1"
"WGCNA_turquoise","SMS"
"WGCNA_turquoise","EEA1"
"WGCNA_turquoise","RP2"
"WGCNA_turquoise","JADE3"
"WGCNA_turquoise","KLHL4"
"WGCNA_turquoise","RBM3"
"WGCNA_turquoise","ZDHHC15"
"WGCNA_turquoise","CENPI"
"WGCNA_turquoise","PBDC1"
"WGCNA_turquoise","ARMCX3"
"WGCNA_turquoise","BEX4"
"WGCNA_turquoise","NDFIP2"
"WGCNA_turquoise","TNFSF13B"
"WGCNA_turquoise","FNDC3A"
"WGCNA_turquoise","CDADC1"
"WGCNA_turquoise","CAB39L"
"WGCNA_turquoise","KLF5"
"WGCNA_turquoise","STK24"
"WGCNA_turquoise","DNAJC3"
"WGCNA_turquoise","UGGT2"
"WGCNA_turquoise","MRPS31"
"WGCNA_turquoise","KPNA3"
"WGCNA_turquoise","VWA8"
"WGCNA_turquoise","DGKH"
"WGCNA_turquoise","KATNAL1"
"WGCNA_turquoise","INTS6"
"WGCNA_turquoise","TSC22D1"
"WGCNA_turquoise","CLN5"
"WGCNA_turquoise","PHKB"
"WGCNA_turquoise","LYRM1"
"WGCNA_turquoise","NFAT5"
"WGCNA_turquoise","LONP2"
"WGCNA_turquoise","ARL2BP"
"WGCNA_turquoise","CTCF"
"WGCNA_turquoise","CYB5B"
"WGCNA_turquoise","CMC2"
"WGCNA_turquoise","HSDL1"
"WGCNA_turquoise","USP10"
"WGCNA_turquoise","EEF2K"
"WGCNA_turquoise","GSPT1"
"WGCNA_turquoise","CLUAP1"
"WGCNA_turquoise","CPPED1"
"WGCNA_turquoise","USP31"
"WGCNA_turquoise","SALL1"
"WGCNA_turquoise","TOX3"
"WGCNA_turquoise","RBL2"
"WGCNA_turquoise","RPGRIP1L"
"WGCNA_turquoise","CCP110"
"WGCNA_turquoise","AQP9"
"WGCNA_turquoise","AAGAB"
"WGCNA_turquoise","IQCH"
"WGCNA_turquoise","LACTB"
"WGCNA_turquoise","TRIP4"
"WGCNA_turquoise","MTFMT"
"WGCNA_turquoise","RAB11A"
"WGCNA_turquoise","HOMER2"
"WGCNA_turquoise","TMEM87A"
"WGCNA_turquoise","ZNF106"
"WGCNA_turquoise","CEP152"
"WGCNA_turquoise","ATP8B4"
"WGCNA_turquoise","DTWD1"
"WGCNA_turquoise","GABPB1"
"WGCNA_turquoise","TJP1"
"WGCNA_turquoise","DMXL2"
"WGCNA_turquoise","EIF3J"
"WGCNA_turquoise","SPG11"
"WGCNA_turquoise","OIP5"
"WGCNA_turquoise","SLC30A4"
"WGCNA_turquoise","BLOC1S6"
"WGCNA_turquoise","SGK3"
"WGCNA_turquoise","ZDHHC2"
"WGCNA_turquoise","ZFAND1"
"WGCNA_turquoise","FZD3"
"WGCNA_turquoise","RIPK2"
"WGCNA_turquoise","NBN"
"WGCNA_turquoise","DECR1"
"WGCNA_turquoise","BPNT2"
"WGCNA_turquoise","SFRP1"
"WGCNA_turquoise","LAPTM4B"
"WGCNA_turquoise","UBE2W"
"WGCNA_turquoise","POP1"
"WGCNA_turquoise","NIPAL2"
"WGCNA_turquoise","JPH1"
"WGCNA_turquoise","STK3"
"WGCNA_turquoise","GDAP1"
"WGCNA_turquoise","RAB2A"
"WGCNA_turquoise","EIF3E"
"WGCNA_turquoise","EMC2"
"WGCNA_turquoise","ZC2HC1A"
"WGCNA_turquoise","IL7"
"WGCNA_turquoise","ARMC1"
"WGCNA_turquoise","TRPS1"
"WGCNA_turquoise","SPAG1"
"WGCNA_turquoise","CHRAC1"
"WGCNA_turquoise","SNX16"
"WGCNA_turquoise","UBR5"
"WGCNA_turquoise","SQLE"
"WGCNA_turquoise","ERI1"
"WGCNA_turquoise","SLC39A14"
"WGCNA_turquoise","MTMR9"
"WGCNA_turquoise","LEPROTL1"
"WGCNA_turquoise","DCTN6"
"WGCNA_turquoise","GSR"
"WGCNA_turquoise","UBXN8"
"WGCNA_turquoise","PPP2CB"
"WGCNA_turquoise","TUSC3"
"WGCNA_turquoise","MCM4"
"WGCNA_turquoise","KCTD9"
"WGCNA_turquoise","FGL1"
"WGCNA_turquoise","ASAH1"
"WGCNA_turquoise","BNIP3L"
"WGCNA_turquoise","URI1"
"WGCNA_turquoise","PDCD5"
"WGCNA_turquoise","ANKRD27"
"WGCNA_turquoise","FSD1"
"WGCNA_turquoise","SULT2A1"
"WGCNA_turquoise","ZNF175"
"WGCNA_turquoise","ZNF14"
"WGCNA_turquoise","GRIK5"
"WGCNA_turquoise","ZNF85"
"WGCNA_turquoise","AVL9"
"WGCNA_turquoise","RUNDC3B"
"WGCNA_turquoise","GTPBP10"
"WGCNA_turquoise","CDK6"
"WGCNA_turquoise","PMPCB"
"WGCNA_turquoise","TFPI2"
"WGCNA_turquoise","BET1"
"WGCNA_turquoise","NAMPT"
"WGCNA_turquoise","POLR1F"
"WGCNA_turquoise","PON3"
"WGCNA_turquoise","PON2"
"WGCNA_turquoise","ITGB8"
"WGCNA_turquoise","HBP1"
"WGCNA_turquoise","DUS4L"
"WGCNA_turquoise","SP4"
"WGCNA_turquoise","CBLL1"
"WGCNA_turquoise","MTPN"
"WGCNA_turquoise","PTN"
"WGCNA_turquoise","PALS2"
"WGCNA_turquoise","GSDME"
"WGCNA_turquoise","ZC3HAV1"
"WGCNA_turquoise","IFT56"
"WGCNA_turquoise","TFEC"
"WGCNA_turquoise","H2AZ2"
"WGCNA_turquoise","CAV2"
"WGCNA_turquoise","CAV1"
"WGCNA_turquoise","MET"
"WGCNA_turquoise","LMBR1"
"WGCNA_turquoise","HOXA1"
"WGCNA_turquoise","DNAJB6"
"WGCNA_turquoise","HOXA5"
"WGCNA_turquoise","TSPAN12"
"WGCNA_turquoise","CPED1"
"WGCNA_turquoise","HIBADH"
"WGCNA_turquoise","TAX1BP1"
"WGCNA_turquoise","CHN2"
"WGCNA_turquoise","FKBP14"
"WGCNA_turquoise","PLEKHA8"
"WGCNA_turquoise","CASP2"
"WGCNA_turquoise","ZKSCAN1"
"WGCNA_turquoise","WASL"
"WGCNA_turquoise","USP42"
"WGCNA_turquoise","LSM5"
"WGCNA_turquoise","C1GALT1"
"WGCNA_turquoise","GLCCI1"
"WGCNA_turquoise","PHF14"
"WGCNA_turquoise","TMEM106B"
"WGCNA_turquoise","CEP41"
"WGCNA_turquoise","MEST"
"WGCNA_turquoise","MEOX2"
"WGCNA_turquoise","ANKMY2"
"WGCNA_turquoise","TSPAN13"
"WGCNA_turquoise","AHR"
"WGCNA_turquoise","GIMAP2"
"WGCNA_turquoise","PSMA2"
"WGCNA_turquoise","MRPL32"
"WGCNA_turquoise","COA1"
"WGCNA_turquoise","TMEM248"
"WGCNA_turquoise","RHEB"
"WGCNA_turquoise","PRKAG2"
"WGCNA_turquoise","SLC1A1"
"WGCNA_turquoise","FKTN"
"WGCNA_turquoise","FSD1L"
"WGCNA_turquoise","CNTNAP3"
"WGCNA_turquoise","SPIN1"
"WGCNA_turquoise","TMEM245"
"WGCNA_turquoise","PRUNE2"
"WGCNA_turquoise","MEGF9"
"WGCNA_turquoise","TGFBR1"
"WGCNA_turquoise","C5"
"WGCNA_turquoise","OGN"
"WGCNA_turquoise","ASPN"
"WGCNA_turquoise","ECM2"
"WGCNA_turquoise","TLE4"
"WGCNA_turquoise","CDC37L1"
"WGCNA_turquoise","PLGRKT"
"WGCNA_turquoise","RIC1"
"WGCNA_turquoise","KANK1"
"WGCNA_turquoise","FUBP3"
"WGCNA_turquoise","MPDZ"
"WGCNA_turquoise","RIGI"
"WGCNA_turquoise","PIP5K1B"
"WGCNA_turquoise","GLIS3"
"WGCNA_turquoise","SETX"
"WGCNA_turquoise","ABHD17B"
"WGCNA_turquoise","EXOSC3"
"WGCNA_turquoise","ZFAND5"
"WGCNA_turquoise","CCNJ"
"WGCNA_turquoise","ATRNL1"
"WGCNA_turquoise","PHYH"
"WGCNA_turquoise","RAB11FIP2"
"WGCNA_turquoise","ERLIN1"
"WGCNA_turquoise","EIF3A"
"WGCNA_turquoise","TRDMT1"
"WGCNA_turquoise","DDX50"
"WGCNA_turquoise","MAPK8"
"WGCNA_turquoise","SEC23IP"
"WGCNA_turquoise","ATE1"
"WGCNA_turquoise","PLEKHA1"
"WGCNA_turquoise","MICU1"
"WGCNA_turquoise","PPP3CB"
"WGCNA_turquoise","CCSER2"
"WGCNA_turquoise","BMPR1A"
"WGCNA_turquoise","MINPP1"
"WGCNA_turquoise","LIPA"
"WGCNA_turquoise","TNKS2"
"WGCNA_turquoise","ARHGAP21"
"WGCNA_turquoise","CPEB3"
"WGCNA_turquoise","ANKRD26"
"WGCNA_turquoise","ACBD5"
"WGCNA_turquoise","LARP4B"
"WGCNA_turquoise","GTPBP4"
"WGCNA_turquoise","EDRF1"
"WGCNA_turquoise","BCCIP"
"WGCNA_turquoise","MTPAP"
"WGCNA_turquoise","MAP3K8"
"WGCNA_turquoise","GLRX3"
"WGCNA_turquoise","TASOR2"
"WGCNA_turquoise","SMC3"
"WGCNA_turquoise","SHOC2"
"WGCNA_turquoise","TFAM"
"WGCNA_turquoise","CCDC6"
"WGCNA_turquoise","CUL2"
"WGCNA_turquoise","CCNY"
"WGCNA_turquoise","DNAJC12"
"WGCNA_turquoise","PBLD"
"WGCNA_turquoise","TBC1D12"
"WGCNA_turquoise","CYP2C18"
"WGCNA_turquoise","NUFIP2"
"WGCNA_turquoise","FBXL20"
"WGCNA_turquoise","RAD51C"
"WGCNA_turquoise","MTMR4"
"WGCNA_turquoise","TRIM37"
"WGCNA_turquoise","DHX40"
"WGCNA_turquoise","TUBD1"
"WGCNA_turquoise","RPS6KB1"
"WGCNA_turquoise","INTS2"
"WGCNA_turquoise","MED13"
"WGCNA_turquoise","NUP88"
"WGCNA_turquoise","CPD"
"WGCNA_turquoise","GOSR1"
"WGCNA_turquoise","CCDC47"
"WGCNA_turquoise","MED31"
"WGCNA_turquoise","AKAP10"
"WGCNA_turquoise","DDX5"
"WGCNA_turquoise","C17ORF75"
"WGCNA_turquoise","CCL8"
"WGCNA_turquoise","PEX12"
"WGCNA_turquoise","SMURF2"
"WGCNA_turquoise","HLF"
"WGCNA_turquoise","SLC16A6"
"WGCNA_turquoise","PRKAR1A"
"WGCNA_turquoise","YWHAE"
"WGCNA_turquoise","MMD"
"WGCNA_turquoise","WSB1"
"WGCNA_turquoise","TMEM97"
"WGCNA_turquoise","TMEM33"
"WGCNA_turquoise","SLAIN2"
"WGCNA_turquoise","OCIAD1"
"WGCNA_turquoise","UGT2B10"
"WGCNA_turquoise","DCUN1D4"
"WGCNA_turquoise","USP46"
"WGCNA_turquoise","SULT1E1"
"WGCNA_turquoise","CHIC2"
"WGCNA_turquoise","LAMTOR3"
"WGCNA_turquoise","UBE2D3"
"WGCNA_turquoise","ELF2"
"WGCNA_turquoise","TBC1D9"
"WGCNA_turquoise","ZNF330"
"WGCNA_turquoise","INPP4B"
"WGCNA_turquoise","GAB1"
"WGCNA_turquoise","KLHL2"
"WGCNA_turquoise","CPE"
"WGCNA_turquoise","ANXA10"
"WGCNA_turquoise","GAR1"
"WGCNA_turquoise","FRG1"
"WGCNA_turquoise","CLCN3"
"WGCNA_turquoise","AADAT"
"WGCNA_turquoise","GALNT7"
"WGCNA_turquoise","DHX15"
"WGCNA_turquoise","SEPSECS"
"WGCNA_turquoise","TRIM2"
"WGCNA_turquoise","FBXW7"
"WGCNA_turquoise","NEIL3"
"WGCNA_turquoise","TBC1D19"
"WGCNA_turquoise","SH3D19"
"WGCNA_turquoise","STIM2"
"WGCNA_turquoise","GLRB"
"WGCNA_turquoise","BST1"
"WGCNA_turquoise","RAPGEF2"
"WGCNA_turquoise","SNX25"
"WGCNA_turquoise","LRP2BP"
"WGCNA_turquoise","UFSP2"
"WGCNA_turquoise","KLF3"
"WGCNA_turquoise","KLHL5"
"WGCNA_turquoise","NCAPG"
"WGCNA_turquoise","UGDH"
"WGCNA_turquoise","PPARGC1A"
"WGCNA_turquoise","HTATIP2"
"WGCNA_turquoise","CTSC"
"WGCNA_turquoise","CCDC34"
"WGCNA_turquoise","ELP4"
"WGCNA_turquoise","SC5D"
"WGCNA_turquoise","CRTAM"
"WGCNA_turquoise","JHY"
"WGCNA_turquoise","VWA5A"
"WGCNA_turquoise","SIAE"
"WGCNA_turquoise","LPXN"
"WGCNA_turquoise","PUS3"
"WGCNA_turquoise","KMT5B"
"WGCNA_turquoise","PPP6R3"
"WGCNA_turquoise","CHORDC1"
"WGCNA_turquoise","PANX1"
"WGCNA_turquoise","RNF141"
"WGCNA_turquoise","EIF4G2"
"WGCNA_turquoise","BIRC2"
"WGCNA_turquoise","UBE4A"
"WGCNA_turquoise","DDX6"
"WGCNA_turquoise","HIPK3"
"WGCNA_turquoise","FBXO3"
"WGCNA_turquoise","PDHX"
"WGCNA_turquoise","SLC1A2"
"WGCNA_turquoise","PTPMT1"
"WGCNA_turquoise","SOX6"
"WGCNA_turquoise","C11ORF58"
"WGCNA_turquoise","EXPH5"
"WGCNA_turquoise","HPS5"
"WGCNA_turquoise","GTF2H1"
"WGCNA_turquoise","PPFIBP1"
"WGCNA_turquoise","CD69"
"WGCNA_turquoise","PRDM4"
"WGCNA_turquoise","CLEC2B"
"WGCNA_turquoise","COQ5"
"WGCNA_turquoise","KCTD10"
"WGCNA_turquoise","SLC11A2"
"WGCNA_turquoise","PTGES3"
"WGCNA_turquoise","SYT10"
"WGCNA_turquoise","RSRC2"
"WGCNA_turquoise","LIN7A"
"WGCNA_turquoise","ACSS3"
"WGCNA_turquoise","PPM1H"
"WGCNA_turquoise","METAP2"
"WGCNA_turquoise","ELK3"
"WGCNA_turquoise","MAGOHB"
"WGCNA_turquoise","PARP11"
"WGCNA_turquoise","ARPC3"
"WGCNA_turquoise","GPN3"
"WGCNA_turquoise","VPS29"
"WGCNA_turquoise","RAD51AP1"
"WGCNA_turquoise","CREBL2"
"WGCNA_turquoise","CDKN1B"
"WGCNA_turquoise","NAA25"
"WGCNA_turquoise","ART4"
"WGCNA_turquoise","GTF2H3"
"WGCNA_turquoise","SLC38A1"
"WGCNA_turquoise","RFC5"
"WGCNA_turquoise","STX2"
"WGCNA_turquoise","CAND1"
"WGCNA_turquoise","RAB5B"
"WGCNA_turquoise","MDM1"
"WGCNA_turquoise","NUP107"
"WGCNA_turquoise","CNOT2"
"WGCNA_turquoise","CPSF6"
"WGCNA_turquoise","KRR1"
"WGCNA_turquoise","BLTP3B"
"WGCNA_turquoise","CHPT1"
"WGCNA_turquoise","GNPTAB"
"WGCNA_turquoise","SLCO1B3"
"WGCNA_turquoise","SUDS3"
"WGCNA_turquoise","GOLT1B"
"WGCNA_turquoise","GYS2"
"WGCNA_turquoise","CMAS"
"WGCNA_turquoise","HCFC2"
"WGCNA_turquoise","CLEC4A"
"WGCNA_turquoise","C2CD5"
"WGCNA_turquoise","RIC8B"
"WGCNA_turquoise","FGFR1OP2"
"WGCNA_turquoise","KLRB1"
"WGCNA_turquoise","COL12A1"
"WGCNA_turquoise","TDP2"
"WGCNA_turquoise","FRK"
"WGCNA_turquoise","DSE"
"WGCNA_turquoise","RWDD1"
"WGCNA_turquoise","TMEM14C"
"WGCNA_turquoise","PAK1IP1"
"WGCNA_turquoise","GCNT2"
"WGCNA_turquoise","SMIM8"
"WGCNA_turquoise","NEDD9"
"WGCNA_turquoise","CEP85L"
"WGCNA_turquoise","ASF1A"
"WGCNA_turquoise","MCM9"
"WGCNA_turquoise","FAM184A"
"WGCNA_turquoise","RNGTT"
"WGCNA_turquoise","MAN1A1"
"WGCNA_turquoise","SERINC1"
"WGCNA_turquoise","TPD52L1"
"WGCNA_turquoise","HINT3"
"WGCNA_turquoise","NCOA7"
"WGCNA_turquoise","UST"
"WGCNA_turquoise","FBXO5"
"WGCNA_turquoise","MTRF1L"
"WGCNA_turquoise","MAPK14"
"WGCNA_turquoise","KCTD20"
"WGCNA_turquoise","SRSF3"
"WGCNA_turquoise","CILK1"
"WGCNA_turquoise","FBXO9"
"WGCNA_turquoise","BMP5"
"WGCNA_turquoise","BACH2"
"WGCNA_turquoise","RBM24"
"WGCNA_turquoise","CAP2"
"WGCNA_turquoise","ZNF451"
"WGCNA_turquoise","BAG2"
"WGCNA_turquoise","RAB23"
"WGCNA_turquoise","GPR63"
"WGCNA_turquoise","FBXL4"
"WGCNA_turquoise","CCNC"
"WGCNA_turquoise","E2F3"
"WGCNA_turquoise","PTP4A1"
"WGCNA_turquoise","ASCC3"
"WGCNA_turquoise","POPDC1"
"WGCNA_turquoise","MED23"
"WGCNA_turquoise","WASF1"
"WGCNA_turquoise","ALDH5A1"
"WGCNA_turquoise","CRYBG1"
"WGCNA_turquoise","VNN1"
"WGCNA_turquoise","ACOT13"
"WGCNA_turquoise","SMAP1"
"WGCNA_turquoise","C6ORF62"
"WGCNA_turquoise","B3GAT2"
"WGCNA_turquoise","GMNN"
"WGCNA_turquoise","SNX3"
"WGCNA_turquoise","SLC17A2"
"WGCNA_turquoise","HBS1L"
"WGCNA_turquoise","TRIM38"
"WGCNA_turquoise","PEX7"
"WGCNA_turquoise","ZBTB24"
"WGCNA_turquoise","FIG4"
"WGCNA_turquoise","PERP"
"WGCNA_turquoise","ARFGEF3"
"WGCNA_turquoise","SLC16A10"
"WGCNA_turquoise","HECA"
"WGCNA_turquoise","ADGRG6"
"WGCNA_turquoise","PHACTR2"
"WGCNA_turquoise","EPM2A"
"WGCNA_turquoise","QKI"
"WGCNA_turquoise","PDE10A"
"WGCNA_turquoise","BICRAL"
"WGCNA_turquoise","EXOC2"
"WGCNA_turquoise","TMEM30A"
"WGCNA_turquoise","SENP6"
"WGCNA_turquoise","PRP4K"
"WGCNA_turquoise","TTK"
"WGCNA_turquoise","LAMA4"
"WGCNA_turquoise","TENT5A"
"WGCNA_turquoise","ENPP5"
"WGCNA_turquoise","ERBIN"
"WGCNA_turquoise","NUDT12"
"WGCNA_turquoise","MAN2A1"
"WGCNA_turquoise","SEMA5A"
"WGCNA_turquoise","GHR"
"WGCNA_turquoise","HMGCS1"
"WGCNA_turquoise","NME5"
"WGCNA_turquoise","NNT"
"WGCNA_turquoise","MRPS30"
"WGCNA_turquoise","HSPA9"
"WGCNA_turquoise","LOX"
"WGCNA_turquoise","GZMK"
"WGCNA_turquoise","HMGCR"
"WGCNA_turquoise","CERT1"
"WGCNA_turquoise","FAF2"
"WGCNA_turquoise","PCDHB3"
"WGCNA_turquoise","PCDHB15"
"WGCNA_turquoise","ITK"
"WGCNA_turquoise","RNF130"
"WGCNA_turquoise","THG1L"
"WGCNA_turquoise","CLINT1"
"WGCNA_turquoise","CNOT6"
"WGCNA_turquoise","MSH3"
"WGCNA_turquoise","RASGRF2"
"WGCNA_turquoise","CCNG1"
"WGCNA_turquoise","POLR3G"
"WGCNA_turquoise","LMNB1"
"WGCNA_turquoise","ARRDC3"
"WGCNA_turquoise","GOLPH3"
"WGCNA_turquoise","SUB1"
"WGCNA_turquoise","NPR3"
"WGCNA_turquoise","ARB2A"
"WGCNA_turquoise","LNPEP"
"WGCNA_turquoise","PDE4D"
"WGCNA_turquoise","RAD1"
"WGCNA_turquoise","BRIX1"
"WGCNA_turquoise","PRLR"
"WGCNA_turquoise","RAD50"
"WGCNA_turquoise","ST8SIA4"
"WGCNA_turquoise","SKP1"
"WGCNA_turquoise","NUP155"
"WGCNA_turquoise","PPP2CA"
"WGCNA_turquoise","FGF1"
"WGCNA_turquoise","NR3C1"
"WGCNA_turquoise","C5ORF15"
"WGCNA_turquoise","LIFR"
"WGCNA_turquoise","TRIM23"
"WGCNA_turquoise","TRAPPC13"
"WGCNA_turquoise","C9"
"WGCNA_turquoise","SEC24A"
"WGCNA_turquoise","TXNDC15"
"WGCNA_turquoise","TTC33"
"WGCNA_turquoise","RARS1"
"WGCNA_turquoise","MACROH2A1"
"WGCNA_turquoise","SMAD5"
"WGCNA_turquoise","CSNK1A1"
"WGCNA_turquoise","CPEB4"
"WGCNA_turquoise","EHHADH"
"WGCNA_turquoise","CNTN3"
"WGCNA_turquoise","SMC4"
"WGCNA_turquoise","CRBN"
"WGCNA_turquoise","KNG1"
"WGCNA_turquoise","HGD"
"WGCNA_turquoise","CLDN16"
"WGCNA_turquoise","ARL6"
"WGCNA_turquoise","KPNA1"
"WGCNA_turquoise","UBE3A"
"WGCNA_turquoise","ARMC8"
"WGCNA_turquoise","CEP70"
"WGCNA_turquoise","SLC25A36"
"WGCNA_turquoise","TFDP2"
"WGCNA_turquoise","XRN1"
"WGCNA_turquoise","KAT2B"
"WGCNA_turquoise","BCHE"
"WGCNA_turquoise","PDCD10"
"WGCNA_turquoise","LRRC31"
"WGCNA_turquoise","WNT5A"
"WGCNA_turquoise","FGF12"
"WGCNA_turquoise","PRKAR2A"
"WGCNA_turquoise","ACAP2"
"WGCNA_turquoise","ECT2"
"WGCNA_turquoise","TFG"
"WGCNA_turquoise","CEP15"
"WGCNA_turquoise","FXR1"
"WGCNA_turquoise","CBLB"
"WGCNA_turquoise","BBX"
"WGCNA_turquoise","IFT57"
"WGCNA_turquoise","GBE1"
"WGCNA_turquoise","NCBP2"
"WGCNA_turquoise","SNX4"
"WGCNA_turquoise","FRMD4B"
"WGCNA_turquoise","ATP6V1A"
"WGCNA_turquoise","NEK11"
"WGCNA_turquoise","MRPL3"
"WGCNA_turquoise","PLSCR4"
"WGCNA_turquoise","ACVR2B"
"WGCNA_turquoise","WDR48"
"WGCNA_turquoise","COMMD2"
"WGCNA_turquoise","AADAC"
"WGCNA_turquoise","EIF1B"
"WGCNA_turquoise","ARHGEF26"
"WGCNA_turquoise","KLHL24"
"WGCNA_turquoise","SSR3"
"WGCNA_turquoise","FOXP1"
"WGCNA_turquoise","SPCS1"
"WGCNA_turquoise","NEK4"
"WGCNA_turquoise","MOB1A"
"WGCNA_turquoise","TTL"
"WGCNA_turquoise","PIKFYVE"
"WGCNA_turquoise","SLC35F5"
"WGCNA_turquoise","ACTR3"
"WGCNA_turquoise","EPB41L5"
"WGCNA_turquoise","DNAJC27"
"WGCNA_turquoise","STAM2"
"WGCNA_turquoise","GPD2"
"WGCNA_turquoise","CYTIP"
"WGCNA_turquoise","ACVR1"
"WGCNA_turquoise","TANC1"
"WGCNA_turquoise","ITGB6"
"WGCNA_turquoise","ITGA4"
"WGCNA_turquoise","PSMD14"
"WGCNA_turquoise","PDE1A"
"WGCNA_turquoise","IFIH1"
"WGCNA_turquoise","GCA"
"WGCNA_turquoise","CLIP4"
"WGCNA_turquoise","SPTBN1"
"WGCNA_turquoise","RTN4"
"WGCNA_turquoise","CCDC88A"
"WGCNA_turquoise","ACADL"
"WGCNA_turquoise","EVA1A"
"WGCNA_turquoise","MRPL19"
"WGCNA_turquoise","LANCL1"
"WGCNA_turquoise","WDR75"
"WGCNA_turquoise","STAT1"
"WGCNA_turquoise","GLS"
"WGCNA_turquoise","PAPOLG"
"WGCNA_turquoise","DNAH6"
"WGCNA_turquoise","PECR"
"WGCNA_turquoise","UNC50"
"WGCNA_turquoise","USP34"
"WGCNA_turquoise","EHBP1"
"WGCNA_turquoise","TXNDC9"
"WGCNA_turquoise","COQ10B"
"WGCNA_turquoise","SF3B1"
"WGCNA_turquoise","MOB4"
"WGCNA_turquoise","HSPE1"
"WGCNA_turquoise","KDM3A"
"WGCNA_turquoise","CHMP3"
"WGCNA_turquoise","IL1R1"
"WGCNA_turquoise","IL1RL1"
"WGCNA_turquoise","IL18R1"
"WGCNA_turquoise","ID2"
"WGCNA_turquoise","TAF1B"
"WGCNA_turquoise","BIRC6"
"WGCNA_turquoise","PLEKHB2"
"WGCNA_turquoise","GORASP2"
"WGCNA_turquoise","STRN"
"WGCNA_turquoise","CEBPZ"
"WGCNA_turquoise","PRKD3"
"WGCNA_turquoise","DCAF17"
"WGCNA_turquoise","QPCT"
"WGCNA_turquoise","RAB3GAP1"
"WGCNA_turquoise","SLC25A12"
"WGCNA_turquoise","RMDN2"
"WGCNA_turquoise","DARS1"
"WGCNA_turquoise","PLCL1"
"WGCNA_turquoise","SOS1"
"WGCNA_turquoise","KYNU"
"WGCNA_turquoise","COX7A2L"
"WGCNA_turquoise","ORC4"
"WGCNA_turquoise","RND3"
"WGCNA_turquoise","ATF2"
"WGCNA_turquoise","TRAK2"
"WGCNA_turquoise","C2ORF42"
"WGCNA_turquoise","PCYOX1"
"WGCNA_turquoise","SUMO1"
"WGCNA_turquoise","NFE2L2"
"WGCNA_turquoise","MSH6"
"WGCNA_turquoise","PLEKHA3"
"WGCNA_turquoise","FARSB"
"WGCNA_turquoise","DNAJC16"
"WGCNA_turquoise","CACYBP"
"WGCNA_turquoise","SCP2"
"WGCNA_turquoise","RALGPS2"
"WGCNA_turquoise","ANGPTL1"
"WGCNA_turquoise","FAM20B"
"WGCNA_turquoise","TMEM59"
"WGCNA_turquoise","RPL22"
"WGCNA_turquoise","STXBP3"
"WGCNA_turquoise","EDEM3"
"WGCNA_turquoise","ATP5PB"
"WGCNA_turquoise","RAP1A"
"WGCNA_turquoise","CAPZA1"
"WGCNA_turquoise","ASH1L"
"WGCNA_turquoise","RHOU"
"WGCNA_turquoise","DOCK7"
"WGCNA_turquoise","C1ORF21"
"WGCNA_turquoise","SWT1"
"WGCNA_turquoise","DNAJC6"
"WGCNA_turquoise","LEPR"
"WGCNA_turquoise","IVNS1ABP"
"WGCNA_turquoise","SLC35D1"
"WGCNA_turquoise","PLA2G4A"
"WGCNA_turquoise","WLS"
"WGCNA_turquoise","RGS2"
"WGCNA_turquoise","RO60"
"WGCNA_turquoise","UCHL5"
"WGCNA_turquoise","BCAS2"
"WGCNA_turquoise","CTH"
"WGCNA_turquoise","CRYZ"
"WGCNA_turquoise","PHTF1"
"WGCNA_turquoise","CD58"
"WGCNA_turquoise","NR5A2"
"WGCNA_turquoise","WARS2"
"WGCNA_turquoise","EXOC8"
"WGCNA_turquoise","GNPAT"
"WGCNA_turquoise","TSNAX"
"WGCNA_turquoise","RRAGC"
"WGCNA_turquoise","LGALS8"
"WGCNA_turquoise","MTR"
"WGCNA_turquoise","MYCL"
"WGCNA_turquoise","RLF"
"WGCNA_turquoise","KMO"
"WGCNA_turquoise","ZNF684"
"WGCNA_turquoise","AKT3"
"WGCNA_turquoise","ETV3"
"WGCNA_turquoise","ACADM"
"WGCNA_turquoise","ADGRL2"
"WGCNA_turquoise","RPF1"
"WGCNA_turquoise","KDM5B"
"WGCNA_turquoise","UAP1"
"WGCNA_turquoise","CTBS"
"WGCNA_turquoise","RGS4"
"WGCNA_turquoise","KLHL12"
"WGCNA_turquoise","SSX2IP"
"WGCNA_turquoise","ZNHIT6"
"WGCNA_turquoise","RBBP5"
"WGCNA_turquoise","GBP3"
"WGCNA_turquoise","GBP1"
"WGCNA_turquoise","RAB29"
"WGCNA_turquoise","CD160"
"WGCNA_turquoise","CR2"
"WGCNA_turquoise","CD46"
"WGCNA_turquoise","BLZF1"
"WGCNA_turquoise","SLC19A2"
"WGCNA_turquoise","TMED5"
"WGCNA_turquoise","DR1"
"WGCNA_turquoise","CNN3"
"WGCNA_turquoise","PRRC2C"
"WGCNA_turquoise","ABCD3"
"WGCNA_turquoise","VAMP4"
"WGCNA_turquoise","DPH5"
"WGCNA_turquoise","TNFSF4"
"WGCNA_turquoise","DARS2"
"WGCNA_turquoise","HSD11B1"
"WGCNA_turquoise","IRF6"
"WGCNA_turquoise","UTP25"
"WGCNA_turquoise","RCAN3"
"WGCNA_turquoise","SYF2"
"WGCNA_turquoise","SLC35A3"
"WGCNA_turquoise","STMN1"
"WGCNA_turquoise","NEK2"
"WGCNA_turquoise","NSL1"
"WGCNA_turquoise","PROX1"
"WGCNA_turquoise","RPA2"
"WGCNA_turquoise","PPP1R8"
"WGCNA_turquoise","STX12"
"WGCNA_turquoise","MTARC2"
"WGCNA_turquoise","OSBPL9"
"WGCNA_turquoise","TXNDC12"
"WGCNA_turquoise","ESYT2"
"WGCNA_turquoise","MESD"
"WGCNA_turquoise","RCN2"
"WGCNA_turquoise","STAG1"
"WGCNA_turquoise","KMT2A"
"WGCNA_turquoise","IFT46"
"WGCNA_turquoise","KIF14"
"WGCNA_turquoise","DDX59"
"WGCNA_turquoise","CAMSAP2"
"WGCNA_turquoise","ATF6"
"WGCNA_turquoise","FASTKD2"
"WGCNA_turquoise","CREB1"
"WGCNA_turquoise","KLF7"
"WGCNA_turquoise","B4GALT6"
"WGCNA_turquoise","IRAG2"
"WGCNA_turquoise","SPCS2"
"WGCNA_turquoise","FILIP1"
"WGCNA_turquoise","CASP8AP2"
"WGCNA_turquoise","ANKRD13C"
"WGCNA_turquoise","SGIP1"
"WGCNA_turquoise","PHF3"
"WGCNA_turquoise","PLAGL1"
"WGCNA_turquoise","FBXO30"
"WGCNA_turquoise","TNFAIP3"
"WGCNA_turquoise","AKAP7"
"WGCNA_turquoise","SGK1"
"WGCNA_turquoise","ARG1"
"WGCNA_turquoise","FBXL5"
"WGCNA_turquoise","MED28"
"WGCNA_turquoise","SLC16A7"
"WGCNA_turquoise","RXYLT1"
"WGCNA_turquoise","ZNF430"
"WGCNA_turquoise","MYL12B"
"WGCNA_turquoise","FOXO3"
"WGCNA_turquoise","ARMC2"
"WGCNA_turquoise","PKD2"
"WGCNA_turquoise","ABCG2"
"WGCNA_turquoise","CCNI"
"WGCNA_turquoise","RARRES1"
"WGCNA_turquoise","MFSD1"
"WGCNA_turquoise","RAB3GAP2"
"WGCNA_turquoise","KLF12"
"WGCNA_turquoise","UCHL3"
"WGCNA_turquoise","PCDH17"
"WGCNA_turquoise","LDAH"
"WGCNA_turquoise","WDR35"
"WGCNA_turquoise","ELL2"
"WGCNA_turquoise","GTF3C3"
"WGCNA_turquoise","SATB2"
"WGCNA_turquoise","UBE2B"
"WGCNA_turquoise","GDA"
"WGCNA_turquoise","KLF9"
"WGCNA_turquoise","TJP2"
"WGCNA_turquoise","ITGB1BP1"
"WGCNA_turquoise","CPSF3"
"WGCNA_turquoise","SENP5"
"WGCNA_turquoise","HEATR1"
"WGCNA_turquoise","PTBP3"
"WGCNA_turquoise","RAD23B"
"WGCNA_turquoise","CTNNAL1"
"WGCNA_turquoise","ABITRAM"
"WGCNA_turquoise","SET"
"WGCNA_turquoise","GLE1"
"WGCNA_turquoise","RAB14"
"WGCNA_turquoise","CNTRL"
"WGCNA_turquoise","FBXW2"
"WGCNA_turquoise","PPP6C"
"WGCNA_turquoise","RBM18"
"WGCNA_turquoise","HSDL2"
"WGCNA_turquoise","ALG2"
"WGCNA_turquoise","KDSR"
"WGCNA_turquoise","VPS4B"
"WGCNA_turquoise","ONECUT2"
"WGCNA_turquoise","FCF1"
"WGCNA_turquoise","BBOF1"
"WGCNA_turquoise","NEK9"
"WGCNA_turquoise","DNAL1"
"WGCNA_turquoise","MLH3"
"WGCNA_turquoise","PPP4R4"
"WGCNA_turquoise","ALDH6A1"
"WGCNA_turquoise","RHOQ"
"WGCNA_turquoise","ATAD2B"
"WGCNA_turquoise","ATL2"
"WGCNA_turquoise","YPEL5"
"WGCNA_turquoise","FAM98A"
"WGCNA_turquoise","YIPF4"
"WGCNA_turquoise","AFTPH"
"WGCNA_turquoise","LGALSL"
"WGCNA_turquoise","CNRIP1"
"WGCNA_turquoise","CRIPT"
"WGCNA_turquoise","SLC17A5"
"WGCNA_turquoise","OGFRL1"
"WGCNA_turquoise","SLF2"
"WGCNA_turquoise","IDE"
"WGCNA_turquoise","IFIT2"
"WGCNA_turquoise","GPAM"
"WGCNA_turquoise","CUTC"
"WGCNA_turquoise","PPP1R3C"
"WGCNA_turquoise","MXI1"
"WGCNA_turquoise","SMNDC1"
"WGCNA_turquoise","HELLS"
"WGCNA_turquoise","DENND10"
"WGCNA_turquoise","WDR11"
"WGCNA_turquoise","GNA13"
"WGCNA_turquoise","PANK3"
"WGCNA_turquoise","RCL1"
"WGCNA_turquoise","CAAP1"
"WGCNA_turquoise","MOB3B"
"WGCNA_turquoise","CD274"
"WGCNA_turquoise","NUP43"
"WGCNA_turquoise","LRP11"
"WGCNA_turquoise","CCDC170"
"WGCNA_turquoise","PCMT1"
"WGCNA_turquoise","PLEKHG1"
"WGCNA_turquoise","MYCT1"
"WGCNA_turquoise","PCDHB14"
"WGCNA_turquoise","MRPS14"
"WGCNA_turquoise","CENPL"
"WGCNA_turquoise","TNFSF18"
"WGCNA_turquoise","GORAB"
"WGCNA_turquoise","ACAT2"
"WGCNA_turquoise","PDZD11"
"WGCNA_turquoise","SLC10A7"
"WGCNA_turquoise","NUDCD1"
"WGCNA_turquoise","ENY2"
"WGCNA_turquoise","MASTL"
"WGCNA_turquoise","KIAA1217"
"WGCNA_turquoise","PLXDC2"
"WGCNA_turquoise","EPC1"
"WGCNA_turquoise","TAF12"
"WGCNA_turquoise","TNFSF11"
"WGCNA_turquoise","DNAJC15"
"WGCNA_turquoise","PROSER1"
"WGCNA_turquoise","UFM1"
"WGCNA_turquoise","WBP4"
"WGCNA_turquoise","ELF1"
"WGCNA_turquoise","SMAD9"
"WGCNA_turquoise","HSPH1"
"WGCNA_turquoise","KBTBD7"
"WGCNA_turquoise","ALG5"
"WGCNA_turquoise","ETF1"
"WGCNA_turquoise","PAIP2"
"WGCNA_turquoise","SERP1"
"WGCNA_turquoise","PLS1"
"WGCNA_turquoise","ZFP30"
"WGCNA_turquoise","TMPO"
"WGCNA_turquoise","ARL1"
"WGCNA_turquoise","GLT8D2"
"WGCNA_turquoise","SOCS2"
"WGCNA_turquoise","NFYB"
"WGCNA_turquoise","WASHC3"
"WGCNA_turquoise","APAF1"
"WGCNA_turquoise","TNFRSF10B"
"WGCNA_turquoise","PPP3CC"
"WGCNA_turquoise","RNF170"
"WGCNA_turquoise","ZNF706"
"WGCNA_turquoise","LYPLA1"
"WGCNA_turquoise","CRISPLD1"
"WGCNA_turquoise","COPS5"
"WGCNA_turquoise","RDH10"
"WGCNA_turquoise","COIL"
"WGCNA_turquoise","SPOP"
"WGCNA_turquoise","LRAT"
"WGCNA_turquoise","MND1"
"WGCNA_turquoise","TRIM6"
"WGCNA_turquoise","TENT4B"
"WGCNA_turquoise","TAS2R10"
"WGCNA_turquoise","PYROXD1"
"WGCNA_turquoise","KCNJ8"
"WGCNA_turquoise","PSPC1"
"WGCNA_turquoise","ZNF549"
"WGCNA_turquoise","RNF2"
"WGCNA_turquoise","TRMT1L"
"WGCNA_turquoise","B4GALT4"
"WGCNA_turquoise","NAA50"
"WGCNA_turquoise","CD80"
"WGCNA_turquoise","KIF18A"
"WGCNA_turquoise","DESI2"
"WGCNA_turquoise","DEPDC7"
"WGCNA_turquoise","ZMYM2"
"WGCNA_turquoise","TBC1D15"
"WGCNA_turquoise","ZCCHC17"
"WGCNA_turquoise","KHDRBS1"
"WGCNA_turquoise","CCR2"
"WGCNA_turquoise","TNFSF10"
"WGCNA_turquoise","ZNF639"
"WGCNA_turquoise","PIK3CA"
"WGCNA_turquoise","PDS5A"
"WGCNA_turquoise","TMEM156"
"WGCNA_turquoise","LIAS"
"WGCNA_turquoise","LRIF1"
"WGCNA_turquoise","GPSM2"
"WGCNA_turquoise","QTMAN"
"WGCNA_turquoise","CXCR4"
"WGCNA_turquoise","ZRANB3"
"WGCNA_turquoise","ACVR2A"
"WGCNA_turquoise","POLK"
"WGCNA_turquoise","SV2C"
"WGCNA_turquoise","FLT3"
"WGCNA_turquoise","MTIF3"
"WGCNA_turquoise","UBL3"
"WGCNA_turquoise","FYTTD1"
"WGCNA_turquoise","KIAA1191"
"WGCNA_turquoise","COPA"
"WGCNA_turquoise","ZC3H7A"
"WGCNA_turquoise","SERAC1"
"WGCNA_turquoise","SHLD2"
"WGCNA_turquoise","ODF2L"
"WGCNA_turquoise","PTGFR"
"WGCNA_turquoise","SPATA1"
"WGCNA_turquoise","TRMT13"
"WGCNA_turquoise","ZNF644"
"WGCNA_turquoise","RPAP2"
"WGCNA_turquoise","BBS9"
"WGCNA_turquoise","SEPTIN7"
"WGCNA_turquoise","KLHL7"
"WGCNA_turquoise","HERPUD2"
"WGCNA_turquoise","CBX3"
"WGCNA_turquoise","HNRNPA2B1"
"WGCNA_turquoise","NXPH1"
"WGCNA_turquoise","HYCC1"
"WGCNA_turquoise","INHBA"
"WGCNA_turquoise","NT5C3A"
"WGCNA_turquoise","ARL4A"
"WGCNA_turquoise","SMU1"
"WGCNA_turquoise","SLC25A51"
"WGCNA_turquoise","RECK"
"WGCNA_turquoise","DCAF10"
"WGCNA_turquoise","TRIM24"
"WGCNA_turquoise","CALD1"
"WGCNA_turquoise","AKR1D1"
"WGCNA_turquoise","NUDT10"
"WGCNA_turquoise","CISD1"
"WGCNA_turquoise","ECD"
"WGCNA_turquoise","P4HA1"
"WGCNA_turquoise","SLC25A16"
"WGCNA_turquoise","VPS26A"
"WGCNA_turquoise","IFT81"
"WGCNA_turquoise","MED13L"
"WGCNA_turquoise","CDKN2C"
"WGCNA_turquoise","RNF11"
"WGCNA_turquoise","RASSF8"
"WGCNA_turquoise","BHLHE41"
"WGCNA_turquoise","SSPN"
"WGCNA_turquoise","ITPR2"
"WGCNA_turquoise","CCDC91"
"WGCNA_turquoise","WWP1"
"WGCNA_turquoise","SPRYD7"
"WGCNA_turquoise","EBPL"
"WGCNA_turquoise","NLN"
"WGCNA_turquoise","CENPK"
"WGCNA_turquoise","ATF1"
"WGCNA_turquoise","CDK2"
"WGCNA_turquoise","EEF1AKMT3"
"WGCNA_turquoise","ATPAF1"
"WGCNA_turquoise","STIL"
"WGCNA_turquoise","IL13RA2"
"WGCNA_turquoise","AMD1"
"WGCNA_turquoise","NDUFAF4"
"WGCNA_turquoise","USP45"
"WGCNA_turquoise","SERPINA7"
"WGCNA_turquoise","MORF4L2"
"WGCNA_turquoise","RAB9B"
"WGCNA_turquoise","FAM199X"
"WGCNA_turquoise","RAB9A"
"WGCNA_turquoise","METTL8"
"WGCNA_turquoise","TTC21B"
"WGCNA_turquoise","NMI"
"WGCNA_turquoise","TNFAIP6"
"WGCNA_turquoise","ACVR1C"
"WGCNA_turquoise","BAZ2B"
"WGCNA_turquoise","LPGAT1"
"WGCNA_turquoise","RAP2C"
"WGCNA_turquoise","EXOSC9"
"WGCNA_turquoise","PLA2G12A"
"WGCNA_turquoise","PFKFB2"
"WGCNA_turquoise","C4BPA"
"WGCNA_turquoise","RAB38"
"WGCNA_turquoise","CKS2"
"WGCNA_turquoise","ACSL3"
"WGCNA_turquoise","INHA"
"WGCNA_turquoise","FAM210B"
"WGCNA_turquoise","SDC4"
"WGCNA_turquoise","NCOA3"
"WGCNA_turquoise","VAPB"
"WGCNA_turquoise","PARD6B"
"WGCNA_turquoise","CHD6"
"WGCNA_turquoise","ARFGEF2"
"WGCNA_turquoise","ZNF831"
"WGCNA_turquoise","CSE1L"
"WGCNA_turquoise","RAB22A"
"WGCNA_turquoise","STAU1"
"WGCNA_turquoise","MOCS3"
"WGCNA_turquoise","MTRR"
"WGCNA_turquoise","FASTKD3"
"WGCNA_turquoise","VAMP7"
"WGCNA_turquoise","STAMBP"
"WGCNA_turquoise","MCEE"
"WGCNA_turquoise","PAIP2B"
"WGCNA_turquoise","SNRNP27"
"WGCNA_turquoise","MPHOSPH10"
"WGCNA_turquoise","ATP8A1"
"WGCNA_turquoise","POF1B"
"WGCNA_turquoise","HIF3A"
"WGCNA_turquoise","ZNF45"
"WGCNA_turquoise","USP9X"
"WGCNA_turquoise","TRERF1"
"WGCNA_turquoise","MRS2"
"WGCNA_turquoise","SLC17A3"
"WGCNA_turquoise","SLC17A1"
"WGCNA_turquoise","OARD1"
"WGCNA_turquoise","ZNF391"
"WGCNA_turquoise","MED20"
"WGCNA_turquoise","KLHL31"
"WGCNA_turquoise","COL21A1"
"WGCNA_turquoise","GLO1"
"WGCNA_turquoise","SSR1"
"WGCNA_turquoise","RIOK1"
"WGCNA_turquoise","SLC35B3"
"WGCNA_turquoise","RPP40"
"WGCNA_turquoise","ATXN1"
"WGCNA_turquoise","NUP153"
"WGCNA_turquoise","DEK"
"WGCNA_turquoise","EEF1E1"
"WGCNA_turquoise","RUNX2"
"WGCNA_turquoise","LRRFIP1"
"WGCNA_turquoise","CNOT1"
"WGCNA_turquoise","BBS2"
"WGCNA_turquoise","PHAF1"
"WGCNA_turquoise","GOT2"
"WGCNA_turquoise","GPR18"
"WGCNA_turquoise","TMTC4"
"WGCNA_turquoise","RAP2A"
"WGCNA_turquoise","ABCC4"
"WGCNA_turquoise","TM9SF2"
"WGCNA_turquoise","UPF3B"
"WGCNA_turquoise","TMEM255A"
"WGCNA_turquoise","DMAC2L"
"WGCNA_turquoise","PTGER2"
"WGCNA_turquoise","HS3ST3B1"
"WGCNA_turquoise","TTF1"
"WGCNA_turquoise","GTF3C4"
"WGCNA_turquoise","PLGLB2"
"WGCNA_turquoise","INSIG2"
"WGCNA_turquoise","POLR1B"
"WGCNA_turquoise","CCDC93"
"WGCNA_turquoise","THOC2"
"WGCNA_turquoise","MED1"
"WGCNA_turquoise","ATG4C"
"WGCNA_turquoise","PANK2"
"WGCNA_turquoise","GZF1"
"WGCNA_turquoise","TMX4"
"WGCNA_turquoise","BMP2"
"WGCNA_turquoise","FLRT3"
"WGCNA_turquoise","MKKS"
"WGCNA_turquoise","DSTN"
"WGCNA_turquoise","SNRPB2"
"WGCNA_turquoise","MGME1"
"WGCNA_turquoise","MCM8"
"WGCNA_turquoise","HNRNPR"
"WGCNA_turquoise","ZNF436"
"WGCNA_turquoise","MAX"
"WGCNA_turquoise","ARMCX5"
"WGCNA_turquoise","AMOT"
"WGCNA_turquoise","AGO3"
"WGCNA_turquoise","TUBGCP3"
"WGCNA_turquoise","UBA2"
"WGCNA_turquoise","SBDS"
"WGCNA_turquoise","PCNX4"
"WGCNA_turquoise","ATG14"
"WGCNA_turquoise","KTN1"
"WGCNA_turquoise","RHOJ"
"WGCNA_turquoise","DLGAP5"
"WGCNA_turquoise","L3HYPDH"
"WGCNA_turquoise","ZBTB1"
"WGCNA_turquoise","TRMT5"
"WGCNA_turquoise","SGPP1"
"WGCNA_turquoise","RHOT1"
"WGCNA_turquoise","EVI2A"
"WGCNA_turquoise","OMG"
"WGCNA_turquoise","HNRNPH2"
"WGCNA_turquoise","ARMCX1"
"WGCNA_turquoise","TIMM8A"
"WGCNA_turquoise","CANX"
"WGCNA_turquoise","RGS13"
"WGCNA_turquoise","ZNF484"
"WGCNA_turquoise","OMD"
"WGCNA_turquoise","PPCS"
"WGCNA_turquoise","BCL11B"
"WGCNA_turquoise","HELB"
"WGCNA_turquoise","RAP1B"
"WGCNA_turquoise","TSPAN8"
"WGCNA_turquoise","RAB3IP"
"WGCNA_turquoise","DYRK2"
"WGCNA_turquoise","YEATS4"
"WGCNA_turquoise","HP1BP3"
"WGCNA_turquoise","METTL25"
"WGCNA_turquoise","RNF6"
"WGCNA_turquoise","GNG11"
"WGCNA_turquoise","PTPN12"
"WGCNA_turquoise","STEAP4"
"WGCNA_turquoise","GNAI1"
"WGCNA_turquoise","PEX1"
"WGCNA_turquoise","MTERF1"
"WGCNA_turquoise","SGCE"
"WGCNA_turquoise","RBM48"
"WGCNA_turquoise","CASD1"
"WGCNA_turquoise","SRD5A3"
"WGCNA_turquoise","PAICS"
"WGCNA_turquoise","PPAT"
"WGCNA_turquoise","YWHAH"
"WGCNA_turquoise","DOCK4"
"WGCNA_turquoise","POT1"
"WGCNA_turquoise","LSM8"
"WGCNA_turquoise","FOXP2"
"WGCNA_turquoise","STRIP2"
"WGCNA_turquoise","MKLN1"
"WGCNA_turquoise","DNAJB9"
"WGCNA_turquoise","CALU"
"WGCNA_turquoise","LRRC17"
"WGCNA_turquoise","KLHDC10"
"WGCNA_turquoise","NDUFA5"
"WGCNA_turquoise","MYO1B"
"WGCNA_turquoise","MTX2"
"WGCNA_turquoise","PDE11A"
"WGCNA_turquoise","CHN1"
"WGCNA_turquoise","OSGEPL1"
"WGCNA_turquoise","HAT1"
"WGCNA_turquoise","PSMG2"
"WGCNA_turquoise","TWSG1"
"WGCNA_turquoise","EIF2AK4"
"WGCNA_turquoise","MYO5C"
"WGCNA_turquoise","TMOD2"
"WGCNA_turquoise","TTBK2"
"WGCNA_turquoise","CCDC32"
"WGCNA_turquoise","ICE2"
"WGCNA_turquoise","MINDY2"
"WGCNA_turquoise","KNSTRN"
"WGCNA_turquoise","ARPP19"
"WGCNA_turquoise","VPS13C"
"WGCNA_turquoise","THAP10"
"WGCNA_turquoise","ACKR4"
"WGCNA_turquoise","ANAPC13"
"WGCNA_turquoise","MBD4"
"WGCNA_turquoise","COPB1"
"WGCNA_turquoise","PSMA1"
"WGCNA_turquoise","PALLD"
"WGCNA_turquoise","SPCS3"
"WGCNA_turquoise","BBOX1"
"WGCNA_turquoise","DCTD"
"WGCNA_turquoise","PHF20L1"
"WGCNA_turquoise","CCNT1"
"WGCNA_turquoise","PUS7L"
"WGCNA_turquoise","MTUS1"
"WGCNA_turquoise","KLK14"
"WGCNA_turquoise","RAB2B"
"WGCNA_turquoise","DTD2"
"WGCNA_turquoise","HEATR5A"
"WGCNA_turquoise","FOXA1"
"WGCNA_turquoise","SNX6"
"WGCNA_turquoise","EAPP"
"WGCNA_turquoise","EGLN3"
"WGCNA_turquoise","MIS18BP1"
"WGCNA_turquoise","EPB41L4A"
"WGCNA_turquoise","CDO1"
"WGCNA_turquoise","REEP5"
"WGCNA_turquoise","ITFG1"
"WGCNA_turquoise","MAP7D3"
"WGCNA_turquoise","FGF13"
"WGCNA_turquoise","ASH2L"
"WGCNA_turquoise","SGO1"
"WGCNA_turquoise","PUDP"
"WGCNA_turquoise","MOSPD2"
"WGCNA_turquoise","LRCH2"
"WGCNA_turquoise","XPO7"
"WGCNA_turquoise","TULP4"
"WGCNA_turquoise","QRSL1"
"WGCNA_turquoise","RSPH3"
"WGCNA_turquoise","ZSWIM6"
"WGCNA_turquoise","ATXN10"
"WGCNA_turquoise","EIF2S3"
"WGCNA_turquoise","CLIP1"
"WGCNA_turquoise","ZNF331"
"WGCNA_turquoise","ZNF236"
"WGCNA_turquoise","NOL11"
"WGCNA_turquoise","SLC35D2"
"WGCNA_turquoise","PRRG1"
"WGCNA_turquoise","RGN"
"WGCNA_turquoise","PPIL4"
"WGCNA_turquoise","SYNE1"
"WGCNA_turquoise","LATS1"
"WGCNA_turquoise","ZNF227"
"WGCNA_turquoise","ZNF141"
"WGCNA_turquoise","SH3BGRL"
"WGCNA_turquoise","IDO1"
"WGCNA_turquoise","RLIM"
"WGCNA_turquoise","ABCB7"
"WGCNA_turquoise","SH3BP5"
"WGCNA_turquoise","TBC1D5"
"WGCNA_turquoise","CAPN7"
"WGCNA_turquoise","RBSN"
"WGCNA_turquoise","KIF3A"
"WGCNA_turquoise","NDFIP1"
"WGCNA_turquoise","UBE2D2"
"WGCNA_turquoise","PPFIA1"
"WGCNA_turquoise","MAP1B"
"WGCNA_turquoise","IL13RA1"
"WGCNA_turquoise","WDR44"
"WGCNA_turquoise","ZCCHC9"
"WGCNA_turquoise","TOP2A"
"WGCNA_turquoise","PEX11B"
"WGCNA_turquoise","FMO5"
"WGCNA_turquoise","PRKAB2"
"WGCNA_turquoise","MCCC2"
"WGCNA_turquoise","ZNF304"
"WGCNA_turquoise","CHSY1"
"WGCNA_turquoise","THAP1"
"WGCNA_turquoise","RHPN2"
"WGCNA_turquoise","LRRC9"
"WGCNA_turquoise","ACTR10"
"WGCNA_turquoise","GCH1"
"WGCNA_turquoise","SPATA6"
"WGCNA_turquoise","CCT6B"
"WGCNA_turquoise","PPARG"
"WGCNA_turquoise","FCRLA"
"WGCNA_turquoise","TRIM5"
"WGCNA_turquoise","TRIM22"
"WGCNA_turquoise","TIMM10B"
"WGCNA_turquoise","EFR3A"
"WGCNA_turquoise","PTCD3"
"WGCNA_turquoise","MRPL35"
"WGCNA_turquoise","PER2"
"WGCNA_turquoise","PRKAA1"
"WGCNA_turquoise","UBE2G1"
"WGCNA_turquoise","TMEM128"
"WGCNA_turquoise","COQ3"
"WGCNA_turquoise","SEC61G"
"WGCNA_turquoise","FIGNL1"
"WGCNA_turquoise","GRSF1"
"WGCNA_turquoise","ENAM"
"WGCNA_turquoise","JCHAIN"
"WGCNA_turquoise","ANKRD17"
"WGCNA_turquoise","UTP3"
"WGCNA_turquoise","H3-3B"
"WGCNA_turquoise","ZRANB2"
"WGCNA_turquoise","RIDA"
"WGCNA_turquoise","VPS13B"
"WGCNA_turquoise","PCBD2"
"WGCNA_turquoise","NIP7"
"WGCNA_turquoise","ANKEF1"
"WGCNA_turquoise","BTBD3"
"WGCNA_turquoise","PCNA"
"WGCNA_turquoise","POLR3F"
"WGCNA_turquoise","RIN2"
"WGCNA_turquoise","RHBG"
"WGCNA_turquoise","KHDC4"
"WGCNA_turquoise","OSER1"
"WGCNA_turquoise","SERINC3"
"WGCNA_turquoise","PPP1R3D"
"WGCNA_turquoise","DMGDH"
"WGCNA_turquoise","AP3B1"
"WGCNA_turquoise","ZBED3"
"WGCNA_turquoise","PATJ"
"WGCNA_turquoise","ANGPTL3"
"WGCNA_turquoise","DCTN4"
"WGCNA_turquoise","ZMYM5"
"WGCNA_turquoise","XPO4"
"WGCNA_turquoise","POMP"
"WGCNA_turquoise","CDK8"
"WGCNA_turquoise","DSTYK"
"WGCNA_turquoise","COG6"
"WGCNA_turquoise","SPART"
"WGCNA_turquoise","POSTN"
"WGCNA_turquoise","RFXAP"
"WGCNA_turquoise","TPT1"
"WGCNA_turquoise","GPALPP1"
"WGCNA_turquoise","KL"
"WGCNA_turquoise","RFC3"
"WGCNA_turquoise","STARD13"
"WGCNA_turquoise","RNF128"
"WGCNA_turquoise","TBC1D8B"
"WGCNA_turquoise","VCF1"
"WGCNA_turquoise","SLC39A11"
"WGCNA_turquoise","SRRM1"
"WGCNA_turquoise","SLF1"
"WGCNA_turquoise","RTN3"
"WGCNA_turquoise","CEP20"
"WGCNA_turquoise","PDZD2"
"WGCNA_turquoise","MKRN1"
"WGCNA_turquoise","NTS"
"WGCNA_turquoise","BTG1"
"WGCNA_turquoise","RLIG1"
"WGCNA_turquoise","ATP13A3"
"WGCNA_turquoise","TMEM254"
"WGCNA_turquoise","TMTC1"
"WGCNA_turquoise","KRAS"
"WGCNA_turquoise","IPO8"
"WGCNA_turquoise","LARS1"
"WGCNA_turquoise","LRRCC1"
"WGCNA_turquoise","E2F5"
"WGCNA_turquoise","AMPD3"
"WGCNA_turquoise","RRAS2"
"WGCNA_turquoise","HSD17B4"
"WGCNA_turquoise","ZFC3H1"
"WGCNA_turquoise","TEX15"
"WGCNA_turquoise","SARAF"
"WGCNA_turquoise","UNC79"
"WGCNA_turquoise","NUMB"
"WGCNA_turquoise","CATSPERB"
"WGCNA_turquoise","COX16"
"WGCNA_turquoise","MED6"
"WGCNA_turquoise","EIF2S1"
"WGCNA_turquoise","MRO"
"WGCNA_turquoise","MBD2"
"WGCNA_turquoise","IER3IP1"
"WGCNA_turquoise","KGD4"
"WGCNA_turquoise","CCNB1"
"WGCNA_turquoise","CDK7"
"WGCNA_turquoise","THUMPD3"
"WGCNA_turquoise","ARL8B"
"WGCNA_turquoise","EDEM1"
"WGCNA_turquoise","CHL1"
"WGCNA_turquoise","MEIS2"
"WGCNA_turquoise","DPH6"
"WGCNA_turquoise","KATNBL1"
"WGCNA_turquoise","EMC7"
"WGCNA_turquoise","GNAT2"
"WGCNA_turquoise","TSPAN2"
"WGCNA_turquoise","VAV3"
"WGCNA_turquoise","PTPN22"
"WGCNA_turquoise","NOTCH2"
"WGCNA_turquoise","CEPT1"
"WGCNA_turquoise","NAPG"
"WGCNA_turquoise","SPIRE1"
"WGCNA_turquoise","PPHLN1"
"WGCNA_turquoise","SLC38A2"
"WGCNA_turquoise","YWHAQ"
"WGCNA_turquoise","KIDINS220"
"WGCNA_turquoise","GRHL1"
"WGCNA_turquoise","ROCK2"
"WGCNA_turquoise","RSAD2"
"WGCNA_turquoise","LPIN1"
"WGCNA_turquoise","CMPK2"
"WGCNA_turquoise","IAH1"
"WGCNA_turquoise","LDHA"
"WGCNA_turquoise","ANO3"
"WGCNA_turquoise","IL6ST"
"WGCNA_turquoise","CFHR4"
"WGCNA_turquoise","CDC73"
"WGCNA_turquoise","TIMM17A"
"WGCNA_turquoise","CRB1"
"WGCNA_turquoise","CFHR5"
"WGCNA_turquoise","NARS1"
"WGCNA_turquoise","RELCH"
"WGCNA_turquoise","CCNH"
"WGCNA_turquoise","HRH4"
"WGCNA_turquoise","EMP1"
"WGCNA_turquoise","SOX5"
"WGCNA_turquoise","RERG"
"WGCNA_turquoise","SLCO1B1"
"WGCNA_turquoise","KLRD1"
"WGCNA_turquoise","KLRC1"
"WGCNA_turquoise","STK26"
"WGCNA_turquoise","PUM1"
"WGCNA_turquoise","AGO4"
"WGCNA_turquoise","HOOK1"
"WGCNA_turquoise","CYP2J2"
"WGCNA_turquoise","BTF3L4"
"WGCNA_turquoise","TUT4"
"WGCNA_turquoise","PRPF38A"
"WGCNA_turquoise","DSC2"
"WGCNA_turquoise","RNF138"
"WGCNA_turquoise","ELP2"
"WGCNA_turquoise","DSG1"
"WGCNA_turquoise","TPGS2"
"WGCNA_turquoise","TMEM165"
"WGCNA_turquoise","CLOCK"
"WGCNA_turquoise","PDGFRA"
"WGCNA_turquoise","GGACT"
"WGCNA_turquoise","BIVM"
"WGCNA_turquoise","TPP2"
"WGCNA_turquoise","ARHGAP32"
"WGCNA_turquoise","KLB"
"WGCNA_turquoise","TMED7"
"WGCNA_turquoise","APC"
"WGCNA_turquoise","NREP"
"WGCNA_turquoise","WDR36"
"WGCNA_turquoise","OSTF1"
"WGCNA_turquoise","RFK"
"WGCNA_turquoise","UBQLN1"
"WGCNA_turquoise","NAA35"
"WGCNA_turquoise","C9ORF40"
"WGCNA_turquoise","CEMIP2"
"WGCNA_turquoise","AGTPBP1"
"WGCNA_turquoise","PSAT1"
"WGCNA_turquoise","ISCA1"
"WGCNA_turquoise","TAOK3"
"WGCNA_turquoise","USP30"
"WGCNA_turquoise","FBXO21"
"WGCNA_turquoise","TMEM243"
"WGCNA_turquoise","TMEM60"
"WGCNA_turquoise","CD36"
"WGCNA_turquoise","UGT2A3"
"WGCNA_turquoise","UGT2B28"
"WGCNA_turquoise","PNPLA8"
"WGCNA_turquoise","RINT1"
"WGCNA_turquoise","SRPK2"
"WGCNA_turquoise","TES"
"WGCNA_turquoise","MDFIC"
"WGCNA_turquoise","MTO1"
"WGCNA_turquoise","ADGRB3"
"WGCNA_turquoise","ANKRD6"
"WGCNA_turquoise","SYNCRIP"
"WGCNA_turquoise","SNX14"
"WGCNA_turquoise","NT5E"
"WGCNA_turquoise","EPHA7"
"WGCNA_turquoise","ORC3"
"WGCNA_turquoise","LCA5"
"WGCNA_turquoise","MAP3K7"
"WGCNA_turquoise","EHF"
"WGCNA_turquoise","ELF5"
"WGCNA_turquoise","PRRG4"
"WGCNA_turquoise","CAPRIN1"
"WGCNA_turquoise","DNAJC14"
"WGCNA_turquoise","BLOC1S1"
"WGCNA_turquoise","TFCP2"
"WGCNA_turquoise","HNRNPA1"
"WGCNA_turquoise","LTV1"
"WGCNA_turquoise","MAP7"
"WGCNA_turquoise","CD164"
"WGCNA_turquoise","AFG1L"
"WGCNA_turquoise","HEY2"
"WGCNA_turquoise","PKIB"
"WGCNA_turquoise","REPS1"
"WGCNA_turquoise","TEC"
"WGCNA_turquoise","KCNMB4"
"WGCNA_turquoise","USP15"
"WGCNA_turquoise","GNS"
"WGCNA_turquoise","CPM"
"WGCNA_turquoise","MDM2"
"WGCNA_turquoise","MPHOSPH6"
"WGCNA_turquoise","DYNC1LI2"
"WGCNA_turquoise","KCNK1"
"WGCNA_turquoise","EGLN1"
"WGCNA_turquoise","COG2"
"WGCNA_turquoise","ABCB10"
"WGCNA_turquoise","STX6"
"WGCNA_turquoise","RNASEL"
"WGCNA_turquoise","DHX9"
"WGCNA_turquoise","CEP350"
"WGCNA_turquoise","NPL"
"WGCNA_turquoise","PIGC"
"WGCNA_turquoise","RC3H1"
"WGCNA_turquoise","USP37"
"WGCNA_turquoise","HTR2B"
"WGCNA_turquoise","SLC19A3"
"WGCNA_turquoise","CAB39"
"WGCNA_turquoise","SLC67A2"
"WGCNA_turquoise","EDAR"
"WGCNA_turquoise","GCC2"
"WGCNA_turquoise","C2ORF49"
"WGCNA_turquoise","ANKRD36"
"WGCNA_turquoise","EPC2"
"WGCNA_turquoise","ISCU"
"WGCNA_turquoise","ALDH1L2"
"WGCNA_turquoise","USP44"
"WGCNA_turquoise","SCYL2"
"WGCNA_turquoise","PWP1"
"WGCNA_turquoise","DRAM1"
"WGCNA_turquoise","WASHC4"
"WGCNA_turquoise","SLC41A2"
"WGCNA_turquoise","VPS36"
"WGCNA_turquoise","RNASEH2B"
"WGCNA_turquoise","CKAP2"
"WGCNA_turquoise","TBC1D4"
"WGCNA_turquoise","BORA"
"WGCNA_turquoise","LRCH1"
"WGCNA_turquoise","SUCLA2"
"WGCNA_turquoise","RCBTB1"
"WGCNA_turquoise","MED4"
"WGCNA_turquoise","COG3"
"WGCNA_turquoise","LMO7"
"WGCNA_turquoise","ITM2B"
"WGCNA_turquoise","SPRY2"
"WGCNA_turquoise","NUDT15"
"WGCNA_turquoise","EDNRB"
"WGCNA_turquoise","RCBTB2"
"WGCNA_turquoise","SETDB2"
"WGCNA_turquoise","C7ORF25"
"WGCNA_turquoise","IGF2BP3"
"WGCNA_turquoise","RAPGEF5"
"WGCNA_turquoise","RAC1"
"WGCNA_turquoise","KDELR2"
"WGCNA_turquoise","NUP42"
"WGCNA_turquoise","BZW2"
"WGCNA_turquoise","HUS1"
"WGCNA_turquoise","TTC5"
"WGCNA_turquoise","ABHD17C"
"WGCNA_turquoise","IREB2"
"WGCNA_turquoise","TM6SF1"
"WGCNA_turquoise","CALCOCO2"
"WGCNA_turquoise","SRSF1"
"WGCNA_turquoise","VEZF1"
"WGCNA_turquoise","BRIP1"
"WGCNA_turquoise","RTP4"
"WGCNA_turquoise","ACTL6A"
"WGCNA_turquoise","NDUFB5"
"WGCNA_turquoise","MRPL47"
"WGCNA_turquoise","TRA2B"
"WGCNA_turquoise","MARCHF7"
"WGCNA_turquoise","TANK"
"WGCNA_turquoise","SKIL"
"WGCNA_turquoise","EPRS1"
"WGCNA_turquoise","VPS45"
"WGCNA_turquoise","KCTD3"
"WGCNA_turquoise","RPS6KC1"
"WGCNA_turquoise","ZNG1B"
"WGCNA_turquoise","IL1RN"
"WGCNA_turquoise","WDR33"
"WGCNA_turquoise","VMA22"
"WGCNA_turquoise","STAM"
"WGCNA_turquoise","ABI1"
"WGCNA_turquoise","YME1L1"
"WGCNA_turquoise","NIPSNAP3A"
"WGCNA_turquoise","ECPAS"
"WGCNA_turquoise","TOR1B"
"WGCNA_turquoise","C9ORF78"
"WGCNA_turquoise","SMC2"
"WGCNA_turquoise","KLF4"
"WGCNA_turquoise","TOR1A"
"WGCNA_turquoise","TMOD1"
"WGCNA_turquoise","ZFP37"
"WGCNA_turquoise","SLC31A2"
"WGCNA_turquoise","SLC31A1"
"WGCNA_turquoise","ZNF189"
"WGCNA_turquoise","STX17"
"WGCNA_turquoise","PRPF4"
"WGCNA_turquoise","BAAT"
"WGCNA_turquoise","ATP6V1G1"
"WGCNA_turquoise","TEX10"
"WGCNA_turquoise","MRPL50"
"WGCNA_turquoise","TSTD2"
"WGCNA_turquoise","GABBR2"
"WGCNA_turquoise","TRMO"
"WGCNA_turquoise","GOLGA1"
"WGCNA_turquoise","XPA"
"WGCNA_turquoise","NCBP1"
"WGCNA_turquoise","PDCL"
"WGCNA_turquoise","ENPP2"
"WGCNA_turquoise","DSCC1"
"WGCNA_turquoise","DERL1"
"WGCNA_turquoise","RANBP6"
"WGCNA_turquoise","POLR1E"
"WGCNA_turquoise","PLAA"
"WGCNA_turquoise","RNF38"
"WGCNA_turquoise","DENND4C"
"WGCNA_turquoise","KIF13A"
"WGCNA_turquoise","TMEM14B"
"WGCNA_turquoise","TPMT"
"WGCNA_turquoise","RNF144B"
"WGCNA_turquoise","FAM8A1"
"WGCNA_turquoise","CPEB2"
"WGCNA_turquoise","TLR2"
"WGCNA_turquoise","FCHSD2"
"WGCNA_turquoise","THAP12"
"WGCNA_turquoise","ANKRD42"
"WGCNA_turquoise","CCDC90B"
"WGCNA_turquoise","SYTL2"
"WGCNA_turquoise","RAB30"
"WGCNA_turquoise","CREBZF"
"WGCNA_turquoise","NARS2"
"WGCNA_turquoise","TTPA"
"WGCNA_turquoise","GGH"
"WGCNA_turquoise","TGS1"
"WGCNA_turquoise","SDCBP"
"WGCNA_turquoise","NEK1"
"WGCNA_turquoise","DDX60"
"WGCNA_turquoise","SORL1"
"WGCNA_turquoise","TRPC6"
"WGCNA_turquoise","DCUN1D5"
"WGCNA_turquoise","YAP1"
"WGCNA_turquoise","RDX"
"WGCNA_turquoise","PPP2R1B"
"WGCNA_turquoise","FDX1"
"WGCNA_turquoise","CFAP68"
"WGCNA_turquoise","ARHGAP20"
"WGCNA_turquoise","CASP1"
"WGCNA_turquoise","ALKBH8"
"WGCNA_turquoise","CTDSPL2"
"WGCNA_turquoise","SLTM"
"WGCNA_turquoise","THBS1"
"WGCNA_turquoise","NUSAP1"
"WGCNA_turquoise","NDUFAF1"
"WGCNA_turquoise","KIF23"
"WGCNA_turquoise","KNL1"
"WGCNA_turquoise","HAUS2"
"WGCNA_turquoise","RTF1"
"WGCNA_turquoise","LRRC49"
"WGCNA_turquoise","TUBGCP4"
"WGCNA_turquoise","UACA"
"WGCNA_turquoise","TMEM62"
"WGCNA_turquoise","ADAM10"
"WGCNA_turquoise","SLC28A2"
"WGCNA_turquoise","ZNF280D"
"WGCNA_turquoise","SEMA6D"
"WGCNA_turquoise","RSL24D1"
"WGCNA_turquoise","TTLL7"
"WGCNA_turquoise","FNBP1L"
"WGCNA_turquoise","KYAT3"
"WGCNA_turquoise","GTF2B"
"WGCNA_turquoise","RABGGTB"
"WGCNA_turquoise","IFI44L"
"WGCNA_turquoise","GIPC2"
"WGCNA_turquoise","ARHGAP29"
"WGCNA_turquoise","IFI44"
"WGCNA_turquoise","DBT"
"WGCNA_turquoise","RTCA"
"WGCNA_turquoise","SELENOI"
"WGCNA_turquoise","HADHB"
"WGCNA_turquoise","PPM1B"
"WGCNA_turquoise","PNPT1"
"WGCNA_turquoise","DYNC2LI1"
"WGCNA_turquoise","CYP1B1"
"WGCNA_turquoise","RAB1A"
"WGCNA_turquoise","ACTR2"
"WGCNA_turquoise","PREPL"
"WGCNA_turquoise","FBXO11"
"WGCNA_turquoise","LRPPRC"
"WGCNA_turquoise","CYP2C9"
"WGCNA_turquoise","CYP2C8"
"WGCNA_turquoise","STAMBPL1"
"WGCNA_turquoise","ATAD1"
"WGCNA_turquoise","KIF11"
"WGCNA_turquoise","DUSP5"
"WGCNA_turquoise","ARL3"
"WGCNA_turquoise","CEP55"
"WGCNA_turquoise","KIF20B"
"WGCNA_turquoise","EXOC6"
"WGCNA_turquoise","DBR1"
"WGCNA_turquoise","DNAJC13"
"WGCNA_turquoise","ANXA7"
"WGCNA_turquoise","FAM149B1"
"WGCNA_turquoise","TET1"
"WGCNA_turquoise","AOX1"
"WGCNA_turquoise","BARD1"
"WGCNA_turquoise","CARF"
"WGCNA_turquoise","ASNSD1"
"WGCNA_turquoise","METTL5"
"WGCNA_turquoise","SSB"
"WGCNA_turquoise","NAB1"
"WGCNA_turquoise","PPIG"
"WGCNA_turquoise","FASTKD1"
"WGCNA_turquoise","HECW2"
"WGCNA_turquoise","IDH1"
"WGCNA_turquoise","OLA1"
"WGCNA_turquoise","CIRSR"
"WGCNA_turquoise","ITPRID2"
"WGCNA_turquoise","FAM117B"
"WGCNA_turquoise","WDR12"
"WGCNA_turquoise","ABI2"
"WGCNA_turquoise","ITGAV"
"WGCNA_turquoise","SLC40A1"
"WGCNA_turquoise","SLC35A5"
"WGCNA_turquoise","SLC49A4"
"WGCNA_turquoise","SENP7"
"WGCNA_turquoise","PARP9"
"WGCNA_turquoise","MNS1"
"WGCNA_turquoise","USP8"
"WGCNA_turquoise","SECISBP2L"
"WGCNA_turquoise","TMOD3"
"WGCNA_turquoise","SPPL2A"
"WGCNA_turquoise","GLCE"
"WGCNA_turquoise","APH1B"
"WGCNA_turquoise","INTS14"
"WGCNA_turquoise","ARHGAP24"
"WGCNA_turquoise","FAM13A"
"WGCNA_turquoise","HERC3"
"WGCNA_turquoise","HERC6"
"WGCNA_turquoise","HERC5"
"WGCNA_turquoise","ZGRF1"
"WGCNA_turquoise","AP1AR"
"WGCNA_turquoise","COPS4"
"WGCNA_turquoise","RASGEF1B"
"WGCNA_turquoise","SEC31A"
"WGCNA_turquoise","GPAT3"
"WGCNA_turquoise","FGF2"
"WGCNA_turquoise","BBS7"
"WGCNA_turquoise","BLTP1"
"WGCNA_turquoise","BMPR1B"
"WGCNA_turquoise","RAP1GDS1"
"WGCNA_turquoise","LARP1B"
"WGCNA_turquoise","MMRN1"
"WGCNA_turquoise","PDE5A"
"WGCNA_turquoise","PRDM5"
"WGCNA_turquoise","TRPC3"
"WGCNA_turquoise","NAAA"
"WGCNA_turquoise","NUP54"
"WGCNA_turquoise","CXCL9"
"WGCNA_turquoise","BMP2K"
"WGCNA_turquoise","G3BP2"
"WGCNA_turquoise","SEPTIN11"
"WGCNA_turquoise","SCARB2"
"WGCNA_turquoise","CCNG2"
"WGCNA_turquoise","CNOT6L"
"WGCNA_turquoise","USO1"
"WGCNA_turquoise","PPA2"
"WGCNA_turquoise","CENPE"
"WGCNA_turquoise","GSTCD"
"WGCNA_turquoise","INTS12"
"WGCNA_turquoise","ENPEP"
"WGCNA_turquoise","CASP6"
"WGCNA_turquoise","LEF1"
"WGCNA_turquoise","PAPSS1"
"WGCNA_turquoise","SEC24B"
"WGCNA_turquoise","PPP3CA"
"WGCNA_turquoise","SLC39A8"
"WGCNA_turquoise","MTTP"
"WGCNA_turquoise","GABARAPL1"
"WGCNA_turquoise","KIF21A"
"WGCNA_turquoise","CPNE8"
"WGCNA_turquoise","YARS2"
"WGCNA_turquoise","FGD4"
"WGCNA_turquoise","ALG10"
"WGCNA_turquoise","PIK3C2G"
"WGCNA_turquoise","SINHCAF"
"WGCNA_turquoise","AEBP2"
"WGCNA_turquoise","ETFBKMT"
"WGCNA_turquoise","ETNK1"
"WGCNA_turquoise","ZCRB1"
"WGCNA_turquoise","TMEM117"
"WGCNA_turquoise","KLRG1"
"WGCNA_turquoise","SLC38A4"
"WGCNA_turquoise","AMIGO2"
"WGCNA_turquoise","SCAF11"
"WGCNA_turquoise","LLPH"
"WGCNA_turquoise","RPL14P1"
"WGCNA_turquoise","LRIG3"
"WGCNA_turquoise","PHLDA1"
"WGCNA_turquoise","TMEM19"
"WGCNA_turquoise","LGR5"
"WGCNA_turquoise","DUSP6"
"WGCNA_turquoise","POC1B"
"WGCNA_turquoise","TMTC3"
"WGCNA_turquoise","LUM"
"WGCNA_turquoise","AMDHD1"
"WGCNA_turquoise","NEDD1"
"WGCNA_turquoise","GAS2L3"
"WGCNA_turquoise","SLC15A4"
"WGCNA_turquoise","TDG"
"WGCNA_turquoise","GLTP"
"WGCNA_turquoise","GIT2"
"WGCNA_turquoise","NUP58"
"WGCNA_turquoise","MTMR6"
"WGCNA_turquoise","SLC46A3"
"WGCNA_turquoise","LNX2"
"WGCNA_turquoise","BRCA2"
"WGCNA_turquoise","KANSL2"
"WGCNA_turquoise","TMBIM6"
"WGCNA_turquoise","WDFY2"
"WGCNA_turquoise","LPAR6"
"WGCNA_turquoise","ESD"
"WGCNA_turquoise","RB1"
"WGCNA_turquoise","SBNO1"
"WGCNA_turquoise","VPS33A"
"WGCNA_turquoise","DENR"
"WGCNA_turquoise","DIAPH3"
"WGCNA_turquoise","SLAIN1"
"WGCNA_turquoise","MBNL2"
"WGCNA_turquoise","ABHD13"
"WGCNA_turquoise","CUL4A"
"WGCNA_turquoise","SSTR1"
"WGCNA_turquoise","NOVA1"
"WGCNA_turquoise","FITM1"
"WGCNA_turquoise","TMX1"
"WGCNA_turquoise","FRMD6"
"WGCNA_turquoise","PELI2"
"WGCNA_turquoise","ARMH4"
"WGCNA_turquoise","SLC38A6"
"WGCNA_turquoise","NAA30"
"WGCNA_turquoise","WDR89"
"WGCNA_turquoise","STON2"
"WGCNA_turquoise","EFCAB11"
"WGCNA_turquoise","GPR65"
"WGCNA_turquoise","AK7"
"WGCNA_turquoise","SERPINA10"
"WGCNA_turquoise","WDR20"
"WGCNA_turquoise","NIPA2"
"WGCNA_turquoise","SLC12A6"
"WGCNA_turquoise","TCF12"
"WGCNA_turquoise","ZSCAN29"
"WGCNA_turquoise","LYSMD2"
"WGCNA_turquoise","SLC27A2"
"WGCNA_turquoise","FGF7"
"WGCNA_turquoise","GCNT3"
"WGCNA_turquoise","BNIP2"
"WGCNA_turquoise","GTF2A2"
"WGCNA_turquoise","SRP14"
"WGCNA_turquoise","ANP32A"
"WGCNA_turquoise","UBE2Q2"
"WGCNA_turquoise","ETFA"
"WGCNA_turquoise","BCL2A1"
"WGCNA_turquoise","HMG20A"
"WGCNA_turquoise","SCAPER"
"WGCNA_turquoise","TSPAN3"
"WGCNA_turquoise","SKIC8"
"WGCNA_turquoise","NCOA2"
"WGCNA_turquoise","DNAJA4"
"WGCNA_turquoise","ARRDC4"
"WGCNA_turquoise","BBS4"
"WGCNA_turquoise","LINS1"
"WGCNA_turquoise","FANCI"
"WGCNA_turquoise","DET1"
"WGCNA_turquoise","MCTP2"
"WGCNA_turquoise","SEC11A"
"WGCNA_turquoise","CDR2"
"WGCNA_turquoise","TXNL4B"
"WGCNA_turquoise","ZFHX3"
"WGCNA_turquoise","NUDT7"
"WGCNA_turquoise","GCSH"
"WGCNA_turquoise","MAP1LC3B"
"WGCNA_turquoise","ZCCHC14"
"WGCNA_turquoise","TIGD7"
"WGCNA_turquoise","NCOR1"
"WGCNA_turquoise","COPS3"
"WGCNA_turquoise","GID4"
"WGCNA_turquoise","ZNF287"
"WGCNA_turquoise","PRPSAP2"
"WGCNA_turquoise","UNC45B"
"WGCNA_turquoise","PCTP"
"WGCNA_turquoise","TOM1L1"
"WGCNA_turquoise","MTNAP1"
"WGCNA_turquoise","TOB1"
"WGCNA_turquoise","NPEPPS"
"WGCNA_turquoise","ABCA8"
"WGCNA_turquoise","CLTC"
"WGCNA_turquoise","SS18"
"WGCNA_turquoise","TAF4B"
"WGCNA_turquoise","SLC39A6"
"WGCNA_turquoise","RPRD1A"
"WGCNA_turquoise","RMP24"
"WGCNA_turquoise","GALNT1"
"WGCNA_turquoise","GAREM1"
"WGCNA_turquoise","ESCO1"
"WGCNA_turquoise","OSBPL1A"
"WGCNA_turquoise","GREB1L"
"WGCNA_turquoise","RMC1"
"WGCNA_turquoise","NPC1"
"WGCNA_turquoise","SLC14A1"
"WGCNA_turquoise","DYM"
"WGCNA_turquoise","ELAC1"
"WGCNA_turquoise","SMAD4"
"WGCNA_turquoise","ZCCHC2"
"WGCNA_turquoise","CBLN2"
"WGCNA_turquoise","PMAIP1"
"WGCNA_turquoise","ZFP14"
"WGCNA_turquoise","IFNAR1"
"WGCNA_turquoise","NTN5"
"WGCNA_turquoise","ERVK3-1"
"WGCNA_turquoise","ZNF614"
"WGCNA_turquoise","CNKSR1"
"WGCNA_turquoise","PLK4"
"WGCNA_turquoise","ITGB3BP"
"WGCNA_turquoise","SERBP1"
"WGCNA_turquoise","BCL10"
"WGCNA_turquoise","PRKACB"
"WGCNA_turquoise","PIGK"
"WGCNA_turquoise","LMO4"
"WGCNA_turquoise","MTF2"
"WGCNA_turquoise","ZNF697"
"WGCNA_turquoise","C1ORF162"
"WGCNA_turquoise","ATP1B1"
"WGCNA_turquoise","TIPRL"
"WGCNA_turquoise","NME7"
"WGCNA_turquoise","POGK"
"WGCNA_turquoise","MPC2"
"WGCNA_turquoise","CREG1"
"WGCNA_turquoise","DCAF6"
"WGCNA_turquoise","TMCO1"
"WGCNA_turquoise","XCL1"
"WGCNA_turquoise","POU2F1"
"WGCNA_turquoise","ILDR2"
"WGCNA_turquoise","COP1"
"WGCNA_turquoise","NUF2"
"WGCNA_turquoise","RGS5"
"WGCNA_turquoise","F13B"
"WGCNA_turquoise","PIGM"
"WGCNA_turquoise","ABL2"
"WGCNA_turquoise","XPR1"
"WGCNA_turquoise","TOR1AIP1"
"WGCNA_turquoise","HMCN1"
"WGCNA_turquoise","LYPLAL1"
"WGCNA_turquoise","LHX9"
"WGCNA_turquoise","PRUNE1"
"WGCNA_turquoise","SNX27"
"WGCNA_turquoise","MCL1"
"WGCNA_turquoise","ANP32E"
"WGCNA_turquoise","ARNT"
"WGCNA_turquoise","HORMAD1"
"WGCNA_turquoise","GOLPH3L"
"WGCNA_turquoise","DTL"
"WGCNA_turquoise","DYRK3"
"WGCNA_turquoise","INTS7"
"WGCNA_turquoise","TAF1A"
"WGCNA_turquoise","SMYD2"
"WGCNA_turquoise","DUSP10"
"WGCNA_turquoise","TP53BP2"
"WGCNA_turquoise","LTAP1"
"WGCNA_turquoise","RIT1"
"WGCNA_turquoise","SCCPDH"
"WGCNA_turquoise","LYST"
"WGCNA_turquoise","MAP3K21"
"WGCNA_turquoise","CEP170"
"WGCNA_turquoise","ACP1"
"WGCNA_turquoise","SRP9"
"WGCNA_turquoise","SDE2"
"WGCNA_turquoise","DEGS1"
"WGCNA_turquoise","FBXO28"
"WGCNA_turquoise","CNIH4"
"WGCNA_turquoise","CDC42BPA"
"WGCNA_turquoise","MBOAT2"
"WGCNA_turquoise","LBR"
"WGCNA_turquoise","GDF7"
"WGCNA_turquoise","HNRNPLL"
"WGCNA_turquoise","CAMKMT"
"WGCNA_turquoise","EML4"
"WGCNA_turquoise","CALM2"
"WGCNA_turquoise","CHAC2"
"WGCNA_turquoise","WDPCP"
"WGCNA_turquoise","VPS54"
"WGCNA_turquoise","ASXL2"
"WGCNA_turquoise","ETAA1"
"WGCNA_turquoise","MEIS1"
"WGCNA_turquoise","TPRKB"
"WGCNA_turquoise","DUSP11"
"WGCNA_turquoise","ST6GAL2"
"WGCNA_turquoise","SLC20A1"
"WGCNA_turquoise","LIPT1"
"WGCNA_turquoise","AFF3"
"WGCNA_turquoise","UBXN4"
"WGCNA_turquoise","SPOPL"
"WGCNA_turquoise","AMMECR1L"
"WGCNA_turquoise","PKP4"
"WGCNA_turquoise","SLC4A10"
"WGCNA_turquoise","SCRN3"
"WGCNA_turquoise","LNPK"
"WGCNA_turquoise","ZNF385B"
"WGCNA_turquoise","CDCA7"
"WGCNA_turquoise","UBR3"
"WGCNA_turquoise","PHOSPHO2"
"WGCNA_turquoise","GULP1"
"WGCNA_turquoise","FAM171B"
"WGCNA_turquoise","HSPD1"
"WGCNA_turquoise","METTL21A"
"WGCNA_turquoise","NBEAL1"
"WGCNA_turquoise","KANSL1L"
"WGCNA_turquoise","SPAG16"
"WGCNA_turquoise","RHBDD1"
"WGCNA_turquoise","TRPM8"
"WGCNA_turquoise","RAB5A"
"WGCNA_turquoise","CNOT9"
"WGCNA_turquoise","EAF1"
"WGCNA_turquoise","CNTN4"
"WGCNA_turquoise","DYNC1LI1"
"WGCNA_turquoise","RBMS3"
"WGCNA_turquoise","OSBPL10"
"WGCNA_turquoise","GOLGA4"
"WGCNA_turquoise","CTDSPL"
"WGCNA_turquoise","PTPRG"
"WGCNA_turquoise","IL17RD"
"WGCNA_turquoise","SHQ1"
"WGCNA_turquoise","UBA3"
"WGCNA_turquoise","ARL6IP5"
"WGCNA_turquoise","TMF1"
"WGCNA_turquoise","ZNF660"
"WGCNA_turquoise","NFKBIZ"
"WGCNA_turquoise","COL8A1"
"WGCNA_turquoise","ADGRG7"
"WGCNA_turquoise","PHLDB2"
"WGCNA_turquoise","ABHD10"
"WGCNA_turquoise","PLA1A"
"WGCNA_turquoise","RABL3"
"WGCNA_turquoise","ADPRH"
"WGCNA_turquoise","ATG3"
"WGCNA_turquoise","AGTR1"
"WGCNA_turquoise","MED12L"
"WGCNA_turquoise","EIF2A"
"WGCNA_turquoise","OSBPL11"
"WGCNA_turquoise","TRPC1"
"WGCNA_turquoise","LPP"
"WGCNA_turquoise","EAF2"
"WGCNA_turquoise","FIP1L1"
"WGCNA_turquoise","LYAR"
"WGCNA_turquoise","CENPC"
"WGCNA_turquoise","ATP10D"
"WGCNA_turquoise","PLAC8"
"WGCNA_turquoise","ENOPH1"
"WGCNA_turquoise","TRMT10A"
"WGCNA_turquoise","KLHL8"
"WGCNA_turquoise","SNCA"
"WGCNA_turquoise","PYURF"
"WGCNA_turquoise","TBCK"
"WGCNA_turquoise","CAMK2D"
"WGCNA_turquoise","CISD2"
"WGCNA_turquoise","DDIT4L"
"WGCNA_turquoise","ANK2"
"WGCNA_turquoise","TIFA"
"WGCNA_turquoise","AFG2A"
"WGCNA_turquoise","CCNA2"
"WGCNA_turquoise","METTL14"
"WGCNA_turquoise","USP53"
"WGCNA_turquoise","SETD7"
"WGCNA_turquoise","NAF1"
"WGCNA_turquoise","PDGFC"
"WGCNA_turquoise","CBR4"
"WGCNA_turquoise","CYP4V2"
"WGCNA_turquoise","MARCHF6"
"WGCNA_turquoise","SRD5A1"
"WGCNA_turquoise","SKP2"
"WGCNA_turquoise","OSMR"
"WGCNA_turquoise","UGT3A1"
"WGCNA_turquoise","PLK2"
"WGCNA_turquoise","PIK3R1"
"WGCNA_turquoise","SSBP2"
"WGCNA_turquoise","BHMT"
"WGCNA_turquoise","IQGAP2"
"WGCNA_turquoise","RASA1"
"WGCNA_turquoise","GIN1"
"WGCNA_turquoise","PPIP5K2"
"WGCNA_turquoise","PAM"
"WGCNA_turquoise","BDP1"
"WGCNA_turquoise","GTF2H2"
"WGCNA_turquoise","SLC30A5"
"WGCNA_turquoise","BTF3"
"WGCNA_turquoise","FBXL17"
"WGCNA_turquoise","TSLP"
"WGCNA_turquoise","TNFAIP8"
"WGCNA_turquoise","FEM1C"
"WGCNA_turquoise","COMMD10"
"WGCNA_turquoise","ATG12"
"WGCNA_turquoise","MEGF10"
"WGCNA_turquoise","YIPF5"
"WGCNA_turquoise","ARHGAP26"
"WGCNA_turquoise","LECT2"
"WGCNA_turquoise","DDX46"
"WGCNA_turquoise","RNF145"
"WGCNA_turquoise","FBXO38"
"WGCNA_turquoise","G3BP1"
"WGCNA_turquoise","MYLK4"
"WGCNA_turquoise","CDKAL1"
"WGCNA_turquoise","LRRTM2"
"WGCNA_turquoise","KLHL3"
"WGCNA_turquoise","SLC17A4"
"WGCNA_turquoise","PLA2G7"
"WGCNA_turquoise","MMUT"
"WGCNA_turquoise","PRIM2"
"WGCNA_turquoise","HMGCLL1"
"WGCNA_turquoise","LGSN"
"WGCNA_turquoise","RPL7L1"
"WGCNA_turquoise","CYP39A1"
"WGCNA_turquoise","IRAK1BP1"
"WGCNA_turquoise","PHIP"
"WGCNA_turquoise","PRSS35"
"WGCNA_turquoise","MMS22L"
"WGCNA_turquoise","PNRC1"
"WGCNA_turquoise","PM20D2"
"WGCNA_turquoise","RARS2"
"WGCNA_turquoise","TBC1D32"
"WGCNA_turquoise","RNF217"
"WGCNA_turquoise","RSPO3"
"WGCNA_turquoise","ARHGAP18"
"WGCNA_turquoise","ABRACL"
"WGCNA_turquoise","SLC18B1"
"WGCNA_turquoise","MTFR2"
"WGCNA_turquoise","SLC2A12"
"WGCNA_turquoise","SHPRH"
"WGCNA_turquoise","AIG1"
"WGCNA_turquoise","DYNLT1"
"WGCNA_turquoise","TMEM181"
"WGCNA_turquoise","ZMYM4"
"WGCNA_turquoise","DCPH1"
"WGCNA_turquoise","SLC22A3"
"WGCNA_turquoise","CCZ1B"
"WGCNA_turquoise","RBAK"
"WGCNA_turquoise","CREB5"
"WGCNA_turquoise","EGFR"
"WGCNA_turquoise","IGFBP3"
"WGCNA_turquoise","PURB"
"WGCNA_turquoise","NIPSNAP2"
"WGCNA_turquoise","CCT6A"
"WGCNA_turquoise","PSPH"
"WGCNA_turquoise","ZNF92"
"WGCNA_turquoise","TMEM168"
"WGCNA_turquoise","TRIM4"
"WGCNA_turquoise","TMEM209"
"WGCNA_turquoise","AGBL3"
"WGCNA_turquoise","TLK2"
"WGCNA_turquoise","NOM1"
"WGCNA_turquoise","NCAPG2"
"WGCNA_turquoise","NLGN4X"
"WGCNA_turquoise","CLTRN"
"WGCNA_turquoise","TMEM47"
"WGCNA_turquoise","SYTL5"
"WGCNA_turquoise","CASK"
"WGCNA_turquoise","KDM6A"
"WGCNA_turquoise","HDAC8"
"WGCNA_turquoise","ZNF41"
"WGCNA_turquoise","TAF1"
"WGCNA_turquoise","GPR174"
"WGCNA_turquoise","OGT"
"WGCNA_turquoise","ZNF711"
"WGCNA_turquoise","DIAPH2"
"WGCNA_turquoise","RADX"
"WGCNA_turquoise","DOCK11"
"WGCNA_turquoise","MCPH1"
"WGCNA_turquoise","MFHAS1"
"WGCNA_turquoise","FBXO25"
"WGCNA_turquoise","CETN2"
"WGCNA_turquoise","CSGALNACT1"
"WGCNA_turquoise","ATP6V1B2"
"WGCNA_turquoise","CCDC25"
"WGCNA_turquoise","PLPBP"
"WGCNA_turquoise","ERLIN2"
"WGCNA_turquoise","SNTG1"
"WGCNA_turquoise","TACC1"
"WGCNA_turquoise","GOLGA7"
"WGCNA_turquoise","PLPP5"
"WGCNA_turquoise","NSD3"
"WGCNA_turquoise","LACTB2"
"WGCNA_turquoise","TERF1"
"WGCNA_turquoise","SLC26A7"
"WGCNA_turquoise","DPYS"
"WGCNA_turquoise","MTDH"
"WGCNA_turquoise","LRP12"
"WGCNA_turquoise","EBAG9"
"WGCNA_turquoise","RSPO2"
"WGCNA_turquoise","POLR2K"
"WGCNA_turquoise","MAL2"
"WGCNA_turquoise","EIF3H"
"WGCNA_turquoise","UTP23"
"WGCNA_turquoise","TATDN1"
"WGCNA_turquoise","VLDLR"
"WGCNA_turquoise","AK3"
"WGCNA_turquoise","UHRF2"
"WGCNA_turquoise","NFIB"
"WGCNA_turquoise","PLIN2"
"WGCNA_turquoise","HAUS6"
"WGCNA_turquoise","CDKN2B"
"WGCNA_turquoise","C9ORF72"
"WGCNA_turquoise","ZCCHC7"
"WGCNA_turquoise","ZNG1E"
"WGCNA_turquoise","CEP78"
"WGCNA_turquoise","AUH"
"WGCNA_turquoise","SLC71A2"
"WGCNA_turquoise","PLPPR1"
"WGCNA_turquoise","INIP"
"WGCNA_turquoise","UGCG"
"WGCNA_turquoise","SNX30"
"WGCNA_turquoise","STOM"
"WGCNA_turquoise","POLE3"
"WGCNA_turquoise","USP6NL"
"WGCNA_turquoise","PDSS1"
"WGCNA_turquoise","MINDY3"
"WGCNA_turquoise","RSU1"
"WGCNA_turquoise","ST8SIA6"
"WGCNA_turquoise","ZEB1"
"WGCNA_turquoise","FAM13C"
"WGCNA_turquoise","NRBF2"
"WGCNA_turquoise","A1CF"
"WGCNA_turquoise","HERC4"
"WGCNA_turquoise","GLUD1"
"WGCNA_turquoise","HTR7"
"WGCNA_turquoise","RPP30"
"WGCNA_turquoise","FRA10AC1"
"WGCNA_turquoise","ADD3"
"WGCNA_turquoise","EIF4EBP2"
"WGCNA_turquoise","TCF7L2"
"WGCNA_turquoise","TAF5"
"WGCNA_turquoise","ADAM12"
"WGCNA_turquoise","BTBD10"
"WGCNA_turquoise","GAS2"
"WGCNA_turquoise","LIN7C"
"WGCNA_turquoise","LRRC4C"
"WGCNA_turquoise","IMMP1L"
"WGCNA_turquoise","ZNF214"
"WGCNA_turquoise","ZNF215"
"WGCNA_turquoise","HSD17B12"
"WGCNA_turquoise","APIP"
"WGCNA_turquoise","EIF3M"
"WGCNA_turquoise","GLYAT"
"WGCNA_turquoise","CELF1"
"WGCNA_turquoise","HIKESHI"
"WGCNA_turquoise","SESN3"
"WGCNA_turquoise","ENDOD1"
"WGCNA_turquoise","CCDC82"
"WGCNA_turquoise","ZC3H12C"
"WGCNA_turquoise","NPAT"
"WGCNA_turquoise","ATM"
"WGCNA_turquoise","AASDHPPT"
"WGCNA_turquoise","ADAM33"
"WGCNA_turquoise","MS4A2"
"WGCNA_turquoise","EI24"
"WGCNA_turquoise","CCDC15"
"WGCNA_turquoise","CHEK1"
"WGCNA_turquoise","MPZL2"
"WGCNA_turquoise","DSN1"
"WGCNA_turquoise","CNKSR2"
"WGCNA_turquoise","CNTN5"
"WGCNA_turquoise","KLRF1"
"WGCNA_turquoise","MKX"
"WGCNA_turquoise","MPP7"
"WGCNA_turquoise","ITGB1"
"WGCNA_turquoise","ARID5B"
"WGCNA_turquoise","TMEM218"
"WGCNA_turquoise","LATS2"
"WGCNA_turquoise","ADGRL3"
"WGCNA_turquoise","KIAA1328"
"WGCNA_turquoise","HNMT"
"WGCNA_turquoise","PDCD4"
"WGCNA_turquoise","GPM6A"
"WGCNA_turquoise","WDR17"
"WGCNA_turquoise","CCDC102B"
"WGCNA_turquoise","CD226"
"WGCNA_turquoise","FSIP1"
"WGCNA_turquoise","DLG2"
"WGCNA_turquoise","PRSS23"
"WGCNA_turquoise","MTMR12"
"WGCNA_turquoise","PPP1R1C"
"WGCNA_turquoise","ATPSCKMT"
"WGCNA_turquoise","DIXDC1"
"WGCNA_turquoise","DLAT"
"WGCNA_turquoise","PIH1D2"
"WGCNA_turquoise","NKAPD1"
"WGCNA_turquoise","IL18"
"WGCNA_turquoise","PTS"
"WGCNA_turquoise","FREM2"
"WGCNA_turquoise","FOXO1"
"WGCNA_turquoise","CRIM1"
"WGCNA_turquoise","SEC24D"
"WGCNA_turquoise","ITPR1"
"WGCNA_turquoise","SLC7A11"
"WGCNA_turquoise","ENKUR"
"WGCNA_turquoise","GPR158"
"WGCNA_turquoise","THRB"
"WGCNA_turquoise","NGLY1"
"WGCNA_turquoise","UEVLD"
"WGCNA_turquoise","TMEM263"
"WGCNA_turquoise","ANK3"
"WGCNA_turquoise","IPMK"
"WGCNA_turquoise","RAD9B"
"WGCNA_turquoise","SLC2A13"
"WGCNA_turquoise","GXYLT1"
"WGCNA_turquoise","TWF1"
"WGCNA_turquoise","DIP2C"
"WGCNA_turquoise","EIF4E"
"WGCNA_turquoise","MAGI1"
"WGCNA_turquoise","TEX30"
"WGCNA_turquoise","CSNK1G3"
"WGCNA_turquoise","SRFBP1"
"WGCNA_turquoise","AKAP6"
"WGCNA_turquoise","FAM177A1"
"WGCNA_turquoise","MBIP"
"WGCNA_turquoise","MIPOL1"
"WGCNA_turquoise","KCTD14"
"WGCNA_turquoise","NDUFC2"
"WGCNA_turquoise","ADAMTS12"
"WGCNA_turquoise","NUBPL"
"WGCNA_turquoise","NEK7"
"WGCNA_turquoise","FER"
"WGCNA_turquoise","ANKRD50"
"WGCNA_turquoise","UPF2"
"WGCNA_turquoise","SCLT1"
"WGCNA_turquoise","C4ORF33"
"WGCNA_turquoise","EPS8"
"WGCNA_turquoise","VTI1A"
"WGCNA_turquoise","FHIP2A"
"WGCNA_turquoise","ANO4"
"WGCNA_turquoise","TEX9"
"WGCNA_turquoise","QTRT2"
"WGCNA_turquoise","MMAA"
"WGCNA_turquoise","EDNRA"
"WGCNA_turquoise","NR3C2"
"WGCNA_turquoise","KIN"
"WGCNA_turquoise","PIGF"
"WGCNA_turquoise","ANKAR"
"WGCNA_turquoise","MFSD6"
"WGCNA_turquoise","RNF144A"
"WGCNA_turquoise","ASAP2"
"WGCNA_turquoise","ADAM17"
"WGCNA_turquoise","WWC2"
"WGCNA_turquoise","CENPU"
"WGCNA_turquoise","ACSL1"
"WGCNA_turquoise","AMN1"
"WGCNA_turquoise","BICD1"
"WGCNA_turquoise","SAV1"
"WGCNA_turquoise","CCDC122"
"WGCNA_turquoise","TDO2"
"WGCNA_turquoise","GUF1"
"WGCNA_turquoise","SACS"
"WGCNA_turquoise","FBXO4"
"WGCNA_turquoise","TMEM267"
"WGCNA_turquoise","PARP8"
"WGCNA_turquoise","GFRA1"
"WGCNA_turquoise","CACUL1"
"WGCNA_turquoise","DST"
"WGCNA_turquoise","TIAL1"
"WGCNA_turquoise","RBM46"
"WGCNA_turquoise","RABGAP1L"
"WGCNA_turquoise","TLCD4"
"WGCNA_turquoise","GPATCH11"
"WGCNA_turquoise","OBI1"
"WGCNA_turquoise","CYSLTR2"
"WGCNA_turquoise","SETBP1"
"WGCNA_turquoise","ARL14EP"
"WGCNA_turquoise","EPG5"
"WGCNA_turquoise","PSTPIP2"
"WGCNA_turquoise","HAUS1"
"WGCNA_turquoise","ARK2N"
"WGCNA_turquoise","SPC25"
"WGCNA_turquoise","PDK1"
"WGCNA_turquoise","PDE3B"
"WGCNA_turquoise","UHMK1"
"WGCNA_turquoise","ATG10"
"WGCNA_turquoise","POC5"
"WGCNA_turquoise","FAM151B"
"WGCNA_turquoise","TADA1"
"WGCNA_turquoise","GUCY1A2"
"WGCNA_turquoise","CWF19L2"
"WGCNA_turquoise","JMY"
"WGCNA_turquoise","HOMER1"
"WGCNA_turquoise","XRCC4"
"WGCNA_turquoise","ZNF773"
"WGCNA_turquoise","ZNF776"
"WGCNA_turquoise","ZNF256"
"WGCNA_turquoise","SUV39H2"
"WGCNA_turquoise","DCLRE1C"
"WGCNA_turquoise","NMT2"
"WGCNA_turquoise","USP12"
"WGCNA_turquoise","CCDC50"
"WGCNA_turquoise","CAMK4"
"WGCNA_turquoise","TRIM36"
"WGCNA_turquoise","ZFP36L2"
"WGCNA_turquoise","PLEKHH2"
"WGCNA_turquoise","TMEM123"
"WGCNA_turquoise","SPEF2"
"WGCNA_turquoise","SPARCL1"
"WGCNA_turquoise","MBNL1"
"WGCNA_turquoise","NADK2"
"WGCNA_turquoise","GPD1L"
"WGCNA_turquoise","GJA1"
"WGCNA_turquoise","SLC30A6"
"WGCNA_turquoise","RASGRP3"
"WGCNA_turquoise","SAR1B"
"WGCNA_turquoise","GPR180"
"WGCNA_turquoise","DYNLT5"
"WGCNA_turquoise","DNAI4"
"WGCNA_turquoise","ANKRD22"
"WGCNA_turquoise","IFIT5"
"WGCNA_turquoise","PANK1"
"WGCNA_turquoise","UTRN"
"WGCNA_turquoise","PTPRK"
"WGCNA_turquoise","GGPS1"
"WGCNA_turquoise","ZNF117"
"WGCNA_turquoise","RAB3C"
"WGCNA_turquoise","MARVELD2"
"WGCNA_turquoise","RAD17"
"WGCNA_turquoise","MED21"
"WGCNA_turquoise","PLOD2"
"WGCNA_turquoise","ADGRA3"
"WGCNA_turquoise","SREK1IP1"
"WGCNA_turquoise","CWC27"
"WGCNA_turquoise","SRP19"
"WGCNA_turquoise","CENPH"
"WGCNA_turquoise","BANK1"
"WGCNA_turquoise","BCL2L11"
"WGCNA_turquoise","ANAPC1"
"WGCNA_turquoise","SCOC"
"WGCNA_turquoise","CLGN"
"WGCNA_turquoise","CETN3"
"WGCNA_turquoise","SMARCA5"
"WGCNA_turquoise","RGPD3"
"WGCNA_turquoise","RASSF3"
"WGCNA_turquoise","HNRNPU"
"WGCNA_turquoise","RANBP2"
"WGCNA_turquoise","AHCTF1"
"WGCNA_turquoise","MERTK"
"WGCNA_turquoise","TMEM87B"
"WGCNA_turquoise","CCDC148"
"WGCNA_turquoise","RBMS1"
"WGCNA_turquoise","CD96"
"WGCNA_turquoise","CYRIB"
"WGCNA_turquoise","ASAP1"
"WGCNA_turquoise","TRAPPC8"
"WGCNA_turquoise","LINC00467"
"WGCNA_turquoise","LYSET"
"WGCNA_turquoise","ING1"
"WGCNA_turquoise","UBP1"
"WGCNA_turquoise","RMND5A"
"WGCNA_turquoise","CD8A"
"WGCNA_turquoise","RPIA"
"WGCNA_turquoise","PTPRD"
"WGCNA_turquoise","LURAP1L"
"WGCNA_turquoise","CNKSR3"
"WGCNA_turquoise","GTF2E1"
"WGCNA_turquoise","SPMIP4"
"WGCNA_turquoise","JAZF1"
"WGCNA_turquoise","TRIP12"
"WGCNA_turquoise","FBXO36"
"WGCNA_turquoise","CEBPG"
"WGCNA_turquoise","DDAH1"
"WGCNA_turquoise","CHD1"
"WGCNA_turquoise","DGKE"
"WGCNA_turquoise","HS2ST1"
"WGCNA_turquoise","MSI2"
"WGCNA_turquoise","CACNA2D1"
"WGCNA_turquoise","ZUP1"
"WGCNA_turquoise","GDPD1"
"WGCNA_turquoise","NUS1"
"WGCNA_turquoise","SEMA3D"
"WGCNA_turquoise","PPP2R5E"
"WGCNA_turquoise","IMPACT"
"WGCNA_turquoise","ANKRD29"
"WGCNA_turquoise","CHST9"
"WGCNA_turquoise","TBCEL"
"WGCNA_turquoise","OTULIN"
"WGCNA_turquoise","UBASH3B"
"WGCNA_turquoise","RETREG1"
"WGCNA_turquoise","TOMM70"
"WGCNA_turquoise","ABI3BP"
"WGCNA_turquoise","ANGPT1"
"WGCNA_turquoise","PITPNC1"
"WGCNA_turquoise","CEP112"
"WGCNA_turquoise","ABCA6"
"WGCNA_turquoise","ENPP3"
"WGCNA_turquoise","MIA3"
"WGCNA_turquoise","DISP1"
"WGCNA_turquoise","TNIK"
"WGCNA_turquoise","LONRF1"
"WGCNA_turquoise","ENAH"
"WGCNA_turquoise","CCSAP"
"WGCNA_turquoise","SH3RF1"
"WGCNA_turquoise","BUB3"
"WGCNA_turquoise","CFAP210"
"WGCNA_turquoise","DIPK1A"
"WGCNA_turquoise","ATP5MC3"
"WGCNA_turquoise","PDLIM3"
"WGCNA_turquoise","SORBS2"
"WGCNA_turquoise","ELOC"
"WGCNA_turquoise","LY96"
"WGCNA_turquoise","CXADR"
"WGCNA_turquoise","BTG3"
"WGCNA_turquoise","C21ORF91"
"WGCNA_turquoise","L3MBTL4"
"WGCNA_turquoise","RABGEF1"
"WGCNA_turquoise","MRPL39"
"WGCNA_turquoise","GABPA"
"WGCNA_turquoise","ADAMTS1"
"WGCNA_turquoise","ADAMTS5"
"WGCNA_turquoise","CCDC174"
"WGCNA_turquoise","DPH3"
"WGCNA_turquoise","OXNAD1"
"WGCNA_turquoise","PPP4R1"
"WGCNA_turquoise","MPPE1"
"WGCNA_turquoise","ANKRD40"
"WGCNA_turquoise","APOOL"
"WGCNA_turquoise","DKK2"
"WGCNA_turquoise","CYP2U1"
"WGCNA_turquoise","AK9"
"WGCNA_turquoise","KLF10"
"WGCNA_turquoise","AZIN1"
"WGCNA_turquoise","ATP6V1C1"
"WGCNA_turquoise","PIP4P2"
"WGCNA_turquoise","OTUD6B"
"WGCNA_turquoise","CDK19"
"WGCNA_turquoise","TTC39B"
"WGCNA_turquoise","AGPAT5"
"WGCNA_turquoise","HSPA13"
"WGCNA_turquoise","USP25"
"WGCNA_turquoise","GRAMD2B"
"WGCNA_turquoise","ZCCHC10"
"WGCNA_turquoise","C16ORF87"
"WGCNA_turquoise","SLC16A1"
"WGCNA_turquoise","HEATR3"
"WGCNA_turquoise","NIFK"
"WGCNA_turquoise","CNOT8"
"WGCNA_turquoise","SETD9"
"WGCNA_turquoise","MIER3"
"WGCNA_turquoise","NUP205"
"WGCNA_turquoise","C9ORF85"
"WGCNA_turquoise","PIK3AP1"
"WGCNA_turquoise","RBM45"
"WGCNA_turquoise","KCTD18"
"WGCNA_turquoise","HYCC2"
"WGCNA_turquoise","TMEM237"
"WGCNA_turquoise","DEPTOR"
"WGCNA_turquoise","RNF20"
"WGCNA_turquoise","SLC26A2"
"WGCNA_turquoise","LSM11"
"WGCNA_turquoise","MED7"
"WGCNA_turquoise","PXYLP1"
"WGCNA_turquoise","RASA2"
"WGCNA_turquoise","RMND1"
"WGCNA_turquoise","VBP1"
"WGCNA_turquoise","RAB39B"
"WGCNA_turquoise","MICU3"
"WGCNA_turquoise","GRIP1"
"WGCNA_turquoise","VPS37A"
"WGCNA_turquoise","NAT2"
"WGCNA_turquoise","PSD3"
"WGCNA_turquoise","CARNMT1"
"WGCNA_turquoise","MCU"
"WGCNA_turquoise","GNA14"
"WGCNA_turquoise","GNAQ"
"WGCNA_turquoise","UGT2B4"
"WGCNA_turquoise","MMP16"
"WGCNA_turquoise","ADK"
"WGCNA_turquoise","KCNMA1"
"WGCNA_turquoise","DCK"
"WGCNA_turquoise","ADAMTS3"
"WGCNA_turquoise","DPY19L4"
"WGCNA_turquoise","NDUFAF6"
"WGCNA_turquoise","DRAM2"
"WGCNA_turquoise","CFAP418"
"WGCNA_turquoise","HEMK2"
"WGCNA_turquoise","RWDD2B"
"WGCNA_turquoise","USP16"
"WGCNA_turquoise","CCT8"
"WGCNA_turquoise","BACH1"
"WGCNA_turquoise","TSPAN7"
"WGCNA_turquoise","TIAM1"
"WGCNA_turquoise","RPGR"
"WGCNA_turquoise","PCGF6"
"WGCNA_turquoise","SFR1"
"WGCNA_turquoise","UQCRB"
"WGCNA_turquoise","PPP2R2B"
"WGCNA_turquoise","PABIR3"
"WGCNA_turquoise","SUPV3L1"
"WGCNA_turquoise","PHF6"
"WGCNA_turquoise","CD109"
"WGCNA_turquoise","NPTN"
"WGCNA_turquoise","KAT6B"
"WGCNA_turquoise","SAMD8"
"WGCNA_turquoise","RAB11FIP1"
"WGCNA_turquoise","BAG4"
"WGCNA_turquoise","MS4A1"
"WGCNA_turquoise","TBC1D31"
"WGCNA_turquoise","NTAQ1"
"WGCNA_turquoise","ATAD2"
"WGCNA_turquoise","FBXO32"
"WGCNA_turquoise","NSMCE2"
"WGCNA_turquoise","FRRS1"
"WGCNA_turquoise","SLC71A1"
"WGCNA_turquoise","SASS6"
"WGCNA_turquoise","VPS8"
"WGCNA_turquoise","GALK2"
"WGCNA_turquoise","BUB1B"
"WGCNA_turquoise","PDE6D"
"WGCNA_turquoise","EIF4A2"
"WGCNA_turquoise","EXOG"
"WGCNA_turquoise","NTAN1"
"WGCNA_turquoise","ZFYVE9"
"WGCNA_turquoise","SMG1"
"WGCNA_turquoise","FCHO2"
"WGCNA_turquoise","C8A"
"WGCNA_turquoise","ODR4"
"WGCNA_turquoise","LRP8"
"WGCNA_turquoise","PAXIP1"
"WGCNA_turquoise","STEAP2"
"WGCNA_turquoise","CLDN12"
"WGCNA_turquoise","GATAD1"
"WGCNA_turquoise","ARMC12"
"WGCNA_turquoise","KIT"
"WGCNA_turquoise","AASDH"
"WGCNA_turquoise","CACNA2D3"
"WGCNA_turquoise","RNF111"
"WGCNA_turquoise","APPL1"
"WGCNA_turquoise","PWWP3B"
"WGCNA_turquoise","VPS26C"
"WGCNA_turquoise","DYRK1A"
"WGCNA_turquoise","ERG"
"WGCNA_turquoise","ETS2"
"WGCNA_turquoise","LCA5L"
"WGCNA_turquoise","TAB3"
"WGCNA_turquoise","DGKI"
"WGCNA_turquoise","BRAF"
"WGCNA_turquoise","WDR19"
"WGCNA_turquoise","SLC37A3"
"WGCNA_turquoise","FMNL2"
"WGCNA_turquoise","RAB28"
"WGCNA_turquoise","GRHL3"
"WGCNA_turquoise","NLRP14"
"WGCNA_turquoise","PTPDC1"
"WGCNA_turquoise","NCK1"
"WGCNA_turquoise","PRXL2C"
"WGCNA_turquoise","ABHD3"
"WGCNA_turquoise","FAIM"
"WGCNA_turquoise","COLEC12"
"WGCNA_turquoise","CUL4B"
"WGCNA_turquoise","GPRASP2"
"WGCNA_turquoise","H2BC5"
"WGCNA_turquoise","EIF5B"
"WGCNA_turquoise","CNOT11"
"WGCNA_turquoise","AHCYL2"
"WGCNA_turquoise","CD1E"
"WGCNA_turquoise","PPP1R9A"
"WGCNA_turquoise","DYNC1I1"
"WGCNA_turquoise","PPP1R15B"
"WGCNA_turquoise","EMSY"
"WGCNA_turquoise","ZSCAN12"
"WGCNA_turquoise","ELK4"
"WGCNA_turquoise","NBL1"
"WGCNA_turquoise","F11R"
"WGCNA_turquoise","CACHD1"
"WGCNA_turquoise","CDC42SE2"
"WGCNA_turquoise","RAPGEF6"
"WGCNA_turquoise","MIS18A"
"WGCNA_turquoise","ALG8"
"WGCNA_turquoise","SYNJ1"
"WGCNA_turquoise","SON"
"WGCNA_turquoise","RCAN1"
"WGCNA_turquoise","RUNX1"
"WGCNA_turquoise","MORC3"
"WGCNA_turquoise","ADIPOR1"
"WGCNA_turquoise","CES5A"
"WGCNA_turquoise","TCHH"
"WGCNA_turquoise","UBR1"
"WGCNA_turquoise","RSPRY1"
"WGCNA_turquoise","GPBP1L1"
"WGCNA_turquoise","NAE1"
"WGCNA_turquoise","TMEM69"
"WGCNA_turquoise","EFCAB14"
"WGCNA_turquoise","ZNF230"
"WGCNA_turquoise","ZNF222"
"WGCNA_turquoise","ZNF235"
"WGCNA_turquoise","GNE"
"WGCNA_turquoise","VMA21"
"WGCNA_turquoise","KALRN"
"WGCNA_turquoise","PKNOX1"
"WGCNA_turquoise","RRP1B"
"WGCNA_turquoise","ZNF761"
"WGCNA_turquoise","ZNF714"
"WGCNA_turquoise","TAOK1"
"WGCNA_turquoise","MPZL3"
"WGCNA_turquoise","CD3G"
"WGCNA_turquoise","CCR5"
"WGCNA_turquoise","FCRL3"
"WGCNA_turquoise","CYP3A4"
"WGCNA_turquoise","CYP3A7"
"WGCNA_turquoise","FOXH1"
"WGCNA_turquoise","NAPEPLD"
"WGCNA_turquoise","ZNF382"
"WGCNA_turquoise","ACOX1"
"WGCNA_turquoise","PRPSAP1"
"WGCNA_turquoise","LSM12"
"WGCNA_turquoise","RACGAP1"
"WGCNA_turquoise","LARP4"
"WGCNA_turquoise","SHANK2"
"WGCNA_turquoise","CMPK1"
"WGCNA_turquoise","ELAVL4"
"WGCNA_turquoise","COA7"
"WGCNA_turquoise","ZYG11B"
"WGCNA_turquoise","USP24"
"WGCNA_turquoise","PRKAA2"
"WGCNA_turquoise","ZSWIM5"
"WGCNA_turquoise","AK4"
"WGCNA_turquoise","JAK1"
"WGCNA_turquoise","RAVER2"
"WGCNA_turquoise","CTRC"
"WGCNA_turquoise","LZIC"
"WGCNA_turquoise","SYNC"
"WGCNA_turquoise","RBBP4"
"WGCNA_turquoise","CAMK2N1"
"WGCNA_turquoise","IL23R"
"WGCNA_turquoise","DIRAS3"
"WGCNA_turquoise","NFIA"
"WGCNA_turquoise","OMA1"
"WGCNA_turquoise","MYSM1"
"WGCNA_turquoise","TM2D1"
"WGCNA_turquoise","USP1"
"WGCNA_turquoise","FUBP1"
"WGCNA_turquoise","NEXN"
"WGCNA_turquoise","DNAJB4"
"WGCNA_turquoise","ADGRL4"
"WGCNA_turquoise","LRRIQ3"
"WGCNA_turquoise","TYW3"
"WGCNA_turquoise","SNX7"
"WGCNA_turquoise","B3GALT2"
"WGCNA_turquoise","EEIG2"
"WGCNA_turquoise","HENMT1"
"WGCNA_turquoise","ZNF326"
"WGCNA_turquoise","KCNT2"
"WGCNA_turquoise","AGL"
"WGCNA_turquoise","EXTL2"
"WGCNA_turquoise","SLC30A7"
"WGCNA_turquoise","ZNF281"
"WGCNA_turquoise","ARPC5"
"WGCNA_turquoise","DDR2"
"WGCNA_turquoise","PEX19"
"WGCNA_turquoise","FCRLB"
"WGCNA_turquoise","SLC9C2"
"WGCNA_turquoise","C1ORF74"
"WGCNA_turquoise","FLVCR1"
"WGCNA_turquoise","RBM15"
"WGCNA_turquoise","SPATA17"
"WGCNA_turquoise","BROX"
"WGCNA_turquoise","WDR64"
"WGCNA_turquoise","TFB2M"
"WGCNA_turquoise","CNST"
"WGCNA_turquoise","WDR26"
"WGCNA_turquoise","REL"
"WGCNA_turquoise","PUS10"
"WGCNA_turquoise","PEX13"
"WGCNA_turquoise","SANBR"
"WGCNA_turquoise","RFTN2"
"WGCNA_turquoise","MEMO1"
"WGCNA_turquoise","DPY30"
"WGCNA_turquoise","TYW5"
"WGCNA_turquoise","MAIP1"
"WGCNA_turquoise","SLC66A3"
"WGCNA_turquoise","ARL5A"
"WGCNA_turquoise","KCNJ3"
"WGCNA_turquoise","DUSP19"
"WGCNA_turquoise","CFAP36"
"WGCNA_turquoise","NUP35"
"WGCNA_turquoise","CCDC138"
"WGCNA_turquoise","WDCP"
"WGCNA_turquoise","SMC6"
"WGCNA_turquoise","VSNL1"
"WGCNA_turquoise","H3-3A"
"WGCNA_turquoise","SLC16A14"
"WGCNA_turquoise","SGCB"
"WGCNA_turquoise","SPATA18"
"WGCNA_turquoise","SMARCAD1"
"WGCNA_turquoise","HPGDS"
"WGCNA_turquoise","PDLIM5"
"WGCNA_turquoise","STPG2"
"WGCNA_turquoise","PACRGL"
"WGCNA_turquoise","C1QTNF7"
"WGCNA_turquoise","LYSMD1"
"WGCNA_turquoise","RNF149"
"WGCNA_turquoise","DHX57"
"WGCNA_turquoise","TGFA"
"WGCNA_turquoise","CCNYL1"
"WGCNA_turquoise","FZD5"
"WGCNA_turquoise","DCAF16"
"WGCNA_turquoise","GNPDA2"
"WGCNA_turquoise","PAQR3"
"WGCNA_turquoise","NIPAL1"
"WGCNA_turquoise","ANTXR2"
"WGCNA_turquoise","HELQ"
"WGCNA_turquoise","MRPS18C"
"WGCNA_turquoise","CGGBP1"
"WGCNA_turquoise","ABRAXAS1"
"WGCNA_turquoise","GPR155"
"WGCNA_turquoise","CLDN1"
"WGCNA_turquoise","HIPK1"
"WGCNA_turquoise","KBTBD8"
"WGCNA_turquoise","EOGT"
"WGCNA_turquoise","POGLUT1"
"WGCNA_turquoise","SLC22A15"
"WGCNA_turquoise","EIF4E3"
"WGCNA_turquoise","LRRC58"
"WGCNA_turquoise","FSTL1"
"WGCNA_turquoise","TMEM183A"
"WGCNA_turquoise","ARPC2"
"WGCNA_turquoise","CIP2A"
"WGCNA_turquoise","EOMES"
"WGCNA_turquoise","CWC22"
"WGCNA_turquoise","AZI2"
"WGCNA_turquoise","TRAT1"
"WGCNA_turquoise","STT3B"
"WGCNA_turquoise","SGO2"
"WGCNA_turquoise","SERPINI1"
"WGCNA_turquoise","CLASP2"
"WGCNA_turquoise","PRKCI"
"WGCNA_turquoise","MNDA"
"WGCNA_turquoise","PYHIN1"
"WGCNA_turquoise","IFI16"
"WGCNA_turquoise","EIF5A2"
"WGCNA_turquoise","SLC2A2"
"WGCNA_turquoise","RPL22L1"
"WGCNA_turquoise","PPM1L"
"WGCNA_turquoise","ICOS"
"WGCNA_turquoise","RYBP"
"WGCNA_turquoise","PPP4R2"
"WGCNA_turquoise","CD200R1"
"WGCNA_turquoise","GTPBP8"
"WGCNA_turquoise","RMP64"
"WGCNA_turquoise","SPICE1"
"WGCNA_turquoise","CDS1"
"WGCNA_turquoise","WDFY3"
"WGCNA_turquoise","COX18"
"WGCNA_turquoise","PTPN13"
"WGCNA_turquoise","ALB"
"WGCNA_turquoise","C4ORF36"
"WGCNA_turquoise","THOC7"
"WGCNA_turquoise","ATXN7"
"WGCNA_turquoise","PSMD6"
"WGCNA_turquoise","PRICKLE2"
"WGCNA_turquoise","PPM1K"
"WGCNA_turquoise","GMPS"
"WGCNA_turquoise","TIPARP"
"WGCNA_turquoise","SLMAP"
"WGCNA_turquoise","RPL9"
"WGCNA_turquoise","SMIM14"
"WGCNA_turquoise","RPP14"
"WGCNA_turquoise","CFAP20DC"
"WGCNA_turquoise","RBM47"
"WGCNA_turquoise","APBB2"
"WGCNA_turquoise","U2SURP"
"WGCNA_turquoise","TTC14"
"WGCNA_turquoise","MTHFD2L"
"WGCNA_turquoise","RCHY1"
"WGCNA_turquoise","CCDC158"
"WGCNA_turquoise","GYG1"
"WGCNA_turquoise","HPS3"
"WGCNA_turquoise","TOPBP1"
"WGCNA_turquoise","RYK"
"WGCNA_turquoise","SNRK"
"WGCNA_turquoise","SLC4A1AP"
"WGCNA_turquoise","KIAA1143"
"WGCNA_turquoise","KIF15"
"WGCNA_turquoise","WDR43"
"WGCNA_turquoise","LZTFL1"
"WGCNA_turquoise","LRRC2"
"WGCNA_turquoise","DTX3L"
"WGCNA_turquoise","ZNF148"
"WGCNA_turquoise","NMNAT3"
"WGCNA_turquoise","MEAF6"
"WGCNA_turquoise","SNIP1"
"WGCNA_turquoise","DNALI1"
"WGCNA_turquoise","TMEM41A"
"WGCNA_turquoise","SENP2"
"WGCNA_turquoise","RFC4"
"WGCNA_turquoise","RFT1"
"WGCNA_turquoise","GNL3"
"WGCNA_turquoise","PBRM1"
"WGCNA_turquoise","TASOR"
"WGCNA_turquoise","SLBP"
"WGCNA_turquoise","ZDHHC19"
"WGCNA_turquoise","UBXN7"
"WGCNA_turquoise","RNF168"
"WGCNA_turquoise","PIGX"
"WGCNA_turquoise","ERMAP"
"WGCNA_turquoise","AIMP1"
"WGCNA_turquoise","SGMS2"
"WGCNA_turquoise","METAP1"
"WGCNA_turquoise","DNAJB14"
"WGCNA_turquoise","H2AZ1"
"WGCNA_turquoise","EMCN"
"WGCNA_turquoise","SLC9B1"
"WGCNA_turquoise","SLC9B2"
"WGCNA_turquoise","BDH2"
"WGCNA_turquoise","PGRMC2"
"WGCNA_turquoise","SPRY1"
"WGCNA_turquoise","INTU"
"WGCNA_turquoise","HSPA4L"
"WGCNA_turquoise","MFSD8"
"WGCNA_turquoise","ABHD18"
"WGCNA_turquoise","WDR82"
"WGCNA_turquoise","ARLN"
"WGCNA_turquoise","NDST3"
"WGCNA_turquoise","HMGB2"
"WGCNA_turquoise","SAP30"
"WGCNA_turquoise","MAD2L1"
"WGCNA_turquoise","ANXA5"
"WGCNA_turquoise","MAP9"
"WGCNA_turquoise","GUCY1A1"
"WGCNA_turquoise","FBXO8"
"WGCNA_turquoise","CEP44"
"WGCNA_turquoise","HPGD"
"WGCNA_turquoise","TMEM144"
"WGCNA_turquoise","NPY1R"
"WGCNA_turquoise","NPY5R"
"WGCNA_turquoise","NAA15"
"WGCNA_turquoise","IL15"
"WGCNA_turquoise","ARFIP1"
"WGCNA_turquoise","ICE1"
"WGCNA_turquoise","HHIP"
"WGCNA_turquoise","ANAPC10"
"WGCNA_turquoise","ABCE1"
"WGCNA_turquoise","OTUD4"
"WGCNA_turquoise","LSM6"
"WGCNA_turquoise","TMEM184C"
"WGCNA_turquoise","PRMT9"
"WGCNA_turquoise","ITGA2"
"WGCNA_turquoise","MOCS2"
"WGCNA_turquoise","TMEM161B"
"WGCNA_turquoise","ELOVL7"
"WGCNA_turquoise","LMBRD2"
"WGCNA_turquoise","RANBP3L"
"WGCNA_turquoise","NIPBL"
"WGCNA_turquoise","RNF180"
"WGCNA_turquoise","ADGRV1"
"WGCNA_turquoise","SLC25A46"
"WGCNA_turquoise","STARD4"
"WGCNA_turquoise","PGGT1B"
"WGCNA_turquoise","F2RL2"
"WGCNA_turquoise","CCDC112"
"WGCNA_turquoise","CMBL"
"WGCNA_turquoise","C5ORF63"
"WGCNA_turquoise","PRRC1"
"WGCNA_turquoise","F2RL1"
"WGCNA_turquoise","AGGF1"
"WGCNA_turquoise","WDR41"
"WGCNA_turquoise","NDUFS4"
"WGCNA_turquoise","ESM1"
"WGCNA_turquoise","GRPEL2"
"WGCNA_turquoise","ARSK"
"WGCNA_turquoise","RHOBTB3"
"WGCNA_turquoise","GPX8"
"WGCNA_turquoise","TIGD6"
"WGCNA_turquoise","SERINC5"
"WGCNA_turquoise","CASP3"
"WGCNA_turquoise","PRIMPOL"
"WGCNA_turquoise","ERAP1"
"WGCNA_turquoise","CFAP97"
"WGCNA_turquoise","RICTOR"
"WGCNA_turquoise","TENT2"
"WGCNA_turquoise","ANKRA2"
"WGCNA_turquoise","UBLCP1"
"WGCNA_turquoise","UTP15"
"WGCNA_turquoise","TLR3"
"WGCNA_turquoise","KLKB1"
"WGCNA_turquoise","NSA2"
"WGCNA_turquoise","GFM2"
"WGCNA_turquoise","ACSL6"
"WGCNA_turquoise","LEAP2"
"WGCNA_turquoise","CGAS"
"WGCNA_turquoise","TXLNB"
"WGCNA_turquoise","CITED2"
"WGCNA_turquoise","CREBRF"
"WGCNA_turquoise","DCBLD1"
"WGCNA_turquoise","SFXN1"
"WGCNA_turquoise","SAMD3"
"WGCNA_turquoise","TMEM200A"
"WGCNA_turquoise","PDSS2"
"WGCNA_turquoise","STXBP5"
"WGCNA_turquoise","MATCAP2"
"WGCNA_turquoise","STK17A"
"WGCNA_turquoise","SAP30L"
"WGCNA_turquoise","HCN1"
"WGCNA_turquoise","COG5"
"WGCNA_turquoise","SAMTOR"
"WGCNA_turquoise","GPR85"
"WGCNA_turquoise","SLU7"
"WGCNA_turquoise","CAMLG"
"WGCNA_turquoise","BMPER"
"WGCNA_turquoise","KIF6"
"WGCNA_turquoise","ZNF12"
"WGCNA_turquoise","STEAP1"
"WGCNA_turquoise","CDCA7L"
"WGCNA_turquoise","MIOS"
"WGCNA_turquoise","ELAPOR2"
"WGCNA_turquoise","USP49"
"WGCNA_turquoise","IQUB"
"WGCNA_turquoise","HEY1"
"WGCNA_turquoise","ZNF704"
"WGCNA_turquoise","CHMP4C"
"WGCNA_turquoise","DLC1"
"WGCNA_turquoise","C8ORF48"
"WGCNA_turquoise","HNF4G"
"WGCNA_turquoise","PEX2"
"WGCNA_turquoise","RAD21"
"WGCNA_turquoise","MED30"
"WGCNA_turquoise","TNFRSF11B"
"WGCNA_turquoise","ORC5"
"WGCNA_turquoise","OSGIN2"
"WGCNA_turquoise","SUN1"
"WGCNA_turquoise","OXR1"
"WGCNA_turquoise","TMEM74"
"WGCNA_turquoise","PHAX"
"WGCNA_turquoise","ALDH7A1"
"WGCNA_turquoise","COX6C"
"WGCNA_turquoise","YWHAZ"
"WGCNA_turquoise","BAALC"
"WGCNA_turquoise","FZD6"
"WGCNA_turquoise","SLC25A32"
"WGCNA_turquoise","DCAF13"
"WGCNA_turquoise","TP53INP1"
"WGCNA_turquoise","INTS8"
"WGCNA_turquoise","VIRMA"
"WGCNA_turquoise","PDP1"
"WGCNA_turquoise","TMEM67"
"WGCNA_turquoise","WASHC5"
"WGCNA_turquoise","SNAPC3"
"WGCNA_turquoise","TMEM65"
"WGCNA_turquoise","PSIP1"
"WGCNA_turquoise","CCDC171"
"WGCNA_turquoise","DIRAS2"
"WGCNA_turquoise","ABCA1"
"WGCNA_turquoise","LETM2"
"WGCNA_turquoise","FXN"
"WGCNA_turquoise","TMEM71"
"WGCNA_turquoise","ALDH1A1"
"WGCNA_turquoise","KDM1B"
"WGCNA_turquoise","RASEF"
"WGCNA_turquoise","KIF27"
"WGCNA_turquoise","QNG1"
"WGCNA_turquoise","HNRNPK"
"WGCNA_turquoise","ZHX1"
"WGCNA_turquoise","DYNLT3"
"WGCNA_turquoise","CXORF58"
"WGCNA_turquoise","KIAA1958"
"WGCNA_turquoise","PIGA"
"WGCNA_turquoise","STRBP"
"WGCNA_turquoise","GAPVD1"
"WGCNA_turquoise","ATP7A"
"WGCNA_turquoise","ZNF367"
"WGCNA_turquoise","HDX"
"WGCNA_turquoise","NDUFB6"
"WGCNA_turquoise","BRWD3"
"WGCNA_turquoise","OTUD1"
"WGCNA_turquoise","ARHGAP12"
"WGCNA_turquoise","HECTD2"
"WGCNA_turquoise","FBXO33"
"WGCNA_turquoise","SPTSSA"
"WGCNA_turquoise","WRN"
"WGCNA_turquoise","CFL2"
"WGCNA_turquoise","SUGT1"
"WGCNA_turquoise","GTF2A1"
"WGCNA_turquoise","PGM2L1"
"WGCNA_turquoise","PHYHIPL"
"WGCNA_turquoise","SLC16A9"
"WGCNA_turquoise","MBL2"
"WGCNA_turquoise","GJB2"
"WGCNA_turquoise","REEP3"
"WGCNA_turquoise","SKA3"
"WGCNA_turquoise","MICU2"
"WGCNA_turquoise","DDIAS"
"WGCNA_turquoise","PCF11"
"WGCNA_turquoise","LRR1"
"WGCNA_turquoise","DNAAF2"
"WGCNA_turquoise","ZNF22-AS1"
"WGCNA_turquoise","ZNF22"
"WGCNA_turquoise","KLHDC2"
"WGCNA_turquoise","EML5"
"WGCNA_turquoise","NEMF"
"WGCNA_turquoise","ARF6"
"WGCNA_turquoise","TTC8"
"WGCNA_turquoise","KBTBD6"
"WGCNA_turquoise","FAAH2"
"WGCNA_turquoise","NUDT5"
"WGCNA_turquoise","ATP5F1C"
"WGCNA_turquoise","PRPF18"
"WGCNA_turquoise","VDAC2"
"WGCNA_turquoise","SLC18A2"
"WGCNA_turquoise","PDZD8"
"WGCNA_turquoise","ABRAXAS2"
"WGCNA_turquoise","FAM204A"
"WGCNA_turquoise","PRDX3"
"WGCNA_turquoise","ENOX2"
"WGCNA_turquoise","GHITM"
"WGCNA_turquoise","FRMD7"
"WGCNA_turquoise","HPRT1"
"WGCNA_turquoise","DDX21"
"WGCNA_turquoise","CASP7"
"WGCNA_turquoise","CCDC186"
"WGCNA_turquoise","TRUB1"
"WGCNA_turquoise","SHLD2P1"
"WGCNA_turquoise","E2F7"
"WGCNA_turquoise","ARHGAP42"
"WGCNA_turquoise","ISCA2"
"WGCNA_turquoise","TC2N"
"WGCNA_turquoise","CPSF2"
"WGCNA_turquoise","CLMN"
"WGCNA_turquoise","PDZRN4"
"WGCNA_turquoise","CCDC38"
"WGCNA_turquoise","PTER"
"WGCNA_turquoise","HACD1"
"WGCNA_turquoise","ARL5B"
"WGCNA_turquoise","CEP295"
"WGCNA_turquoise","CEP57"
"WGCNA_turquoise","TCP11L2"
"WGCNA_turquoise","SPRED1"
"WGCNA_turquoise","RAB8B"
"WGCNA_turquoise","IKBIP"
"WGCNA_turquoise","NDUFB8"
"WGCNA_turquoise","AVPR1A"
"WGCNA_turquoise","DEPDC4"
"WGCNA_turquoise","BRD7"
"WGCNA_turquoise","BTRC"
"WGCNA_turquoise","BAG5"
"WGCNA_turquoise","API5"
"WGCNA_turquoise","SENP8"
"WGCNA_turquoise","COPS2"
"WGCNA_turquoise","FRS2"
"WGCNA_turquoise","CCT2"
"WGCNA_turquoise","ARIH1"
"WGCNA_turquoise","COX11"
"WGCNA_turquoise","FAM227B"
"WGCNA_turquoise","STXBP4"
"WGCNA_turquoise","CYYR1"
"WGCNA_turquoise","CUL5"
"WGCNA_turquoise","BORCS7"
"WGCNA_turquoise","TMEM100"
"WGCNA_turquoise","ANAPC16"
"WGCNA_turquoise","C11ORF65"
"WGCNA_turquoise","TRIM44"
"WGCNA_turquoise","RAG1"
"WGCNA_turquoise","IFTAP"
"WGCNA_turquoise","SERPINB8"
"WGCNA_turquoise","IDH3A"
"WGCNA_turquoise","WDR72"
"WGCNA_turquoise","RNF169"
"WGCNA_turquoise","CDYL2"
"WGCNA_turquoise","PRTG"
"WGCNA_turquoise","ATMIN"
"WGCNA_turquoise","TMEM41B"
"WGCNA_turquoise","ZNF143"
"WGCNA_turquoise","WEE1"
"WGCNA_turquoise","HDGFL3"
"WGCNA_turquoise","CCDC68"
"WGCNA_turquoise","RIMKLB"
"WGCNA_turquoise","SEC11C"
"WGCNA_turquoise","TMEM135"
"WGCNA_turquoise","B2M"
"WGCNA_turquoise","GOLM2"
"WGCNA_turquoise","AP1G1"
"WGCNA_turquoise","SLFN5"
"WGCNA_turquoise","ZNF667-AS1"
"WGCNA_turquoise","MARF1"
"WGCNA_turquoise","SAAL1"
"WGCNA_turquoise","CIAO2A"
"WGCNA_turquoise","PEX11A"
"WGCNA_turquoise","TMEM170A"
"WGCNA_turquoise","NAV2"
"WGCNA_turquoise","GLYATL1"
"WGCNA_turquoise","C18ORF54"
"WGCNA_turquoise","TERF2IP"
"WGCNA_turquoise","CLPX"
"WGCNA_turquoise","NEMP1"
"WGCNA_turquoise","PATL1"
"WGCNA_turquoise","ATP23"
"WGCNA_turquoise","STX3"
"WGCNA_turquoise","MTMR10"
"WGCNA_turquoise","YWHAB"
"WGCNA_turquoise","AKTIP"
"WGCNA_turquoise","MAPRE2"
"WGCNA_turquoise","NUDT21"
"WGCNA_turquoise","NAT16"
"WGCNA_turquoise","TERB2"
"WGCNA_turquoise","NKX3-1"
"WGCNA_turquoise","PBX3"
"WGCNA_turquoise","COQ7"
"WGCNA_turquoise","CRK"
"WGCNA_turquoise","FBXO22"
"WGCNA_turquoise","HDHD2"
"WGCNA_turquoise","ZNF91"
"WGCNA_turquoise","RRM1"
"WGCNA_turquoise","ZNF180"
"WGCNA_turquoise","VKORC1"
"WGCNA_turquoise","ZNF641"
"WGCNA_turquoise","ZNF610"
"WGCNA_turquoise","ZNF528"
"WGCNA_turquoise","ZNF701"
"WGCNA_turquoise","ZNF146"
"WGCNA_turquoise","ZNF283"
"WGCNA_turquoise","SRR"
"WGCNA_turquoise","TBX10"
"WGCNA_turquoise","MIS12"
"WGCNA_turquoise","TMEM68"
"WGCNA_turquoise","ZNF597"
"WGCNA_turquoise","PLAAT5"
"WGCNA_turquoise","CTNNB1"
"WGCNA_turquoise","ULK4"
"WGCNA_turquoise","PBK"
"WGCNA_turquoise","PAFAH1B2"
"WGCNA_turquoise","KIAA1586"
"WGCNA_turquoise","RAB4A"
"WGCNA_turquoise","FAM83B"
"WGCNA_turquoise","THAP9"
"WGCNA_turquoise","HOOK3"
"WGCNA_turquoise","MAPK1IP1L"
"WGCNA_turquoise","RBPJ"
"WGCNA_turquoise","LMBRD1"
"WGCNA_turquoise","ZCCHC4"
"WGCNA_turquoise","PTGDR"
"WGCNA_turquoise","TTC39C"
"WGCNA_turquoise","UBTD2"
"WGCNA_turquoise","COA6"
"WGCNA_turquoise","KIF5C"
"WGCNA_turquoise","MGAT2"
"WGCNA_turquoise","BMI1"
"WGCNA_turquoise","MMADHC"
"WGCNA_turquoise","PDHB"
"WGCNA_turquoise","PXK"
"WGCNA_turquoise","PCMTD1"
"WGCNA_turquoise","MPLKIP"
"WGCNA_turquoise","IRF2"
"WGCNA_turquoise","ARF4"
"WGCNA_turquoise","HLA-DPB2"
"WGCNA_turquoise","SEPTIN2"
"WGCNA_turquoise","RFWD3"
"WGCNA_turquoise","RHOH"
"WGCNA_turquoise","CDC40"
"WGCNA_turquoise","CCDC110"
"WGCNA_turquoise","HJV"
"WGCNA_turquoise","FNTA"
"WGCNA_turquoise","TRAPPC11"
"WGCNA_turquoise","CDKN2AIP"
"WGCNA_turquoise","SNRNP48"
"WGCNA_turquoise","ADAM9"
"WGCNA_turquoise","UGT3A2"
"WGCNA_turquoise","LRATD2"
"WGCNA_turquoise","LDLRAD4"
"WGCNA_turquoise","SLC16A4"
"WGCNA_turquoise","IL7R"
"WGCNA_turquoise","AHCYL1"
"WGCNA_turquoise","DNAJC21"
"WGCNA_turquoise","TET2"
"WGCNA_turquoise","CXXC4"
"WGCNA_turquoise","ZBTB5"
"WGCNA_turquoise","MAPDA"
"WGCNA_turquoise","LCMT2"
"WGCNA_turquoise","SNTB2"
"WGCNA_turquoise","ZNF507"
"WGCNA_turquoise","GFM1"
"WGCNA_turquoise","ANKRD49"
"WGCNA_turquoise","LRRC28"
"WGCNA_turquoise","MAT2A"
"WGCNA_turquoise","ZNF608"
"WGCNA_turquoise","SLC35G2"
"WGCNA_turquoise","PPIC"
"WGCNA_turquoise","SPRY3"
"WGCNA_turquoise","CEP120"
"WGCNA_turquoise","STXBP6"
"WGCNA_turquoise","MFF"
"WGCNA_turquoise","E2F6"
"WGCNA_turquoise","FEM1B"
"WGCNA_turquoise","COMMD8"
"WGCNA_turquoise","MAP2K1"
"WGCNA_turquoise","IRS1"
"WGCNA_turquoise","AR"
"WGCNA_turquoise","CSNK1G1"
"WGCNA_turquoise","AFAP1L2"
"WGCNA_turquoise","ZNF354A"
"WGCNA_turquoise","UBE2V2"
"WGCNA_turquoise","ZBTB43"
"WGCNA_turquoise","CCDC126"
"WGCNA_turquoise","CXCL10"
"WGCNA_turquoise","CXCL11"
"WGCNA_turquoise","NMD3"
"WGCNA_turquoise","ADRB2"
"WGCNA_turquoise","B3GALNT1"
"WGCNA_turquoise","KCNAB1"
"WGCNA_turquoise","MRPL1"
"WGCNA_turquoise","PGM2"
"WGCNA_turquoise","P2RY12"
"WGCNA_turquoise","MINAR1"
"WGCNA_turquoise","SLC33A1"
"WGCNA_turquoise","SIN3A"
"WGCNA_turquoise","ARL13B"
"WGCNA_turquoise","PTK2"
"WGCNA_turquoise","SCN9A"
"WGCNA_turquoise","RASSF6"
"WGCNA_turquoise","SDC2"
"WGCNA_turquoise","MMGT1"
"WGCNA_turquoise","TM2D2"
"WGCNA_turquoise","PLEKHA2"
"WGCNA_turquoise","CLIC4"
"WGCNA_turquoise","SLC38A11"
"WGCNA_turquoise","GPR183"
"WGCNA_turquoise","METTL15"
"WGCNA_turquoise","DTWD2"
"WGCNA_turquoise","BNC1"
"WGCNA_turquoise","NFU1"
"WGCNA_turquoise","ANTXR1"
"WGCNA_turquoise","CKAP2L"
"WGCNA_turquoise","APLF"
"WGCNA_turquoise","BUB1"
"WGCNA_turquoise","CNBP"
"WGCNA_turquoise","LDB2"
"WGCNA_turquoise","NRG4"
"WGCNA_turquoise","LIMS1"
"WGCNA_turquoise","TAPT1"
"WGCNA_turquoise","UGP2"
"WGCNA_turquoise","CSGALNACT2"
"WGCNA_turquoise","PCDH7"
"WGCNA_turquoise","ROBO1"
"WGCNA_turquoise","P2RY1"
"WGCNA_turquoise","REPS2"
"WGCNA_turquoise","SYAP1"
"WGCNA_turquoise","TM4SF4"
"WGCNA_turquoise","TOR1AIP2"
"WGCNA_turquoise","TM4SF1"
"WGCNA_turquoise","ZFPM2"
"WGCNA_turquoise","MAP3K2"
"WGCNA_turquoise","ZNF35"
"WGCNA_turquoise","TIGD4"
"WGCNA_turquoise","TMEM154"
"WGCNA_turquoise","MYRIP"
"WGCNA_turquoise","ALCAM"
"WGCNA_turquoise","YWHAG"
"WGCNA_turquoise","UBE2E3"
"WGCNA_turquoise","ZPLD1"
"WGCNA_turquoise","SIMC1"
"WGCNA_turquoise","TMEM192"
"WGCNA_turquoise","NIPA1"
"WGCNA_turquoise","UBE2E1"
"WGCNA_turquoise","HNRNPA3"
"WGCNA_turquoise","RNF150"
"WGCNA_turquoise","USP38"
"WGCNA_turquoise","NANP"
"WGCNA_turquoise","ANKK1"
"WGCNA_turquoise","ADPRM"
"WGCNA_turquoise","PWWP2A"
"WGCNA_turquoise","USP47"
"WGCNA_turquoise","PDCD6IP"
"WGCNA_turquoise","FAM161A"
"WGCNA_turquoise","GON7"
"WGCNA_turquoise","CMTM8"
"WGCNA_turquoise","CDK1"
"WGCNA_turquoise","PRDM10"
"WGCNA_turquoise","B3GNT2"
"WGCNA_turquoise","TMED10"
"WGCNA_turquoise","SMAD1"
"WGCNA_turquoise","TCAF2"
"WGCNA_turquoise","SLC30A1"
"WGCNA_turquoise","ZNF804A"
"WGCNA_turquoise","TMEM182"
"WGCNA_turquoise","NFXL1"
"WGCNA_turquoise","DENND5B"
"WGCNA_turquoise","RALGAPB"
"WGCNA_turquoise","NUDT9"
"WGCNA_turquoise","HSD17B13"
"WGCNA_turquoise","ELOVL6"
"WGCNA_turquoise","ARL6IP1"
"WGCNA_turquoise","SERPINB9"
"WGCNA_turquoise","CDH2"
"WGCNA_turquoise","EMB"
"WGCNA_turquoise","NUDCD2"
"WGCNA_turquoise","SGCD"
"WGCNA_turquoise","ARMC10"
"WGCNA_turquoise","RNF34"
"WGCNA_turquoise","ACYP2"
"WGCNA_turquoise","ATF7"
"WGCNA_turquoise","SOCS6"
"WGCNA_turquoise","ZNF296"
"WGCNA_turquoise","KIF5B"
"WGCNA_turquoise","CHCHD7"
"WGCNA_turquoise","FOXN2"
"WGCNA_turquoise","PPM1D"
"WGCNA_turquoise","KBTBD2"
"WGCNA_turquoise","RIOX2"
"WGCNA_turquoise","TRIAP1"
"WGCNA_turquoise","KIAA0232"
"WGCNA_turquoise","MTSS1"
"WGCNA_turquoise","TMEM43"
"WGCNA_turquoise","RNF139"
"WGCNA_turquoise","GSTA4"
"WGCNA_turquoise","MSANTD4"
"WGCNA_turquoise","NUDT6"
"WGCNA_turquoise","PKHD1"
"WGCNA_turquoise","DNAJC24"
"WGCNA_turquoise","ZNF415"
"WGCNA_turquoise","HAS2"
"WGCNA_turquoise","PDGFD"
"WGCNA_turquoise","S1PR1"
"WGCNA_turquoise","HS6ST2"
"WGCNA_turquoise","PYGO1"
"WGCNA_turquoise","PKIA"
"WGCNA_turquoise","FEZ2"
"WGCNA_turquoise","MTM1"
"WGCNA_turquoise","TRMT61B"
"WGCNA_turquoise","INSR"
"WGCNA_turquoise","MFN1"
"WGCNA_turquoise","SOCS5"
"WGCNA_turquoise","C1GALT1C1"
"WGCNA_turquoise","MORN4"
"WGCNA_turquoise","RBKS"
"WGCNA_turquoise","OPRPN"
"WGCNA_turquoise","TMEM126A"
"WGCNA_turquoise","TMEM126B"
"WGCNA_turquoise","NETO2"
"WGCNA_turquoise","UGT2B7"
"WGCNA_turquoise","SHCBP1"
"WGCNA_turquoise","FAM98B"
"WGCNA_turquoise","ZNF440"
"WGCNA_turquoise","CHD7"
"WGCNA_turquoise","ESCO2"
"WGCNA_turquoise","CLCN5"
"WGCNA_turquoise","KCND3"
"WGCNA_turquoise","PDE7B"
"WGCNA_turquoise","NAT1"
"WGCNA_turquoise","MCC"
"WGCNA_turquoise","ZBTB26"
"WGCNA_turquoise","DSEL"
"WGCNA_turquoise","ZNF562"
"WGCNA_turquoise","ZNF318"
"WGCNA_turquoise","ZNF561"
"WGCNA_turquoise","HOPX"
"WGCNA_turquoise","LRRC8C"
"WGCNA_turquoise","RSL1D1"
"WGCNA_turquoise","LRRC8D"
"WGCNA_turquoise","PPID"
"WGCNA_turquoise","COL24A1"
"WGCNA_turquoise","RXFP1"
"WGCNA_turquoise","TBCA"
"WGCNA_turquoise","FGG"
"WGCNA_turquoise","FGB"
"WGCNA_turquoise","PLRG1"
"WGCNA_turquoise","ENC1"
"WGCNA_turquoise","BPTF"
"WGCNA_turquoise","ZIK1"
"WGCNA_turquoise","GPR82"
"WGCNA_turquoise","GPR34"
"WGCNA_turquoise","ATF7IP"
"WGCNA_turquoise","ANO5"
"WGCNA_turquoise","GPHN"
"WGCNA_turquoise","VAT1L"
"WGCNA_turquoise","CAMTA1"
"WGCNA_turquoise","LRRC34"
"WGCNA_turquoise","PAH"
"WGCNA_turquoise","AFG2B"
"WGCNA_turquoise","GATM"
"WGCNA_turquoise","BCL2"
"WGCNA_turquoise","RHNO1"
"WGCNA_turquoise","METTL18"
"WGCNA_turquoise","ZNF570"
"WGCNA_turquoise","MLLT3"
"WGCNA_turquoise","RRM2"
"WGCNA_turquoise","PTEN"
"WGCNA_turquoise","PRNP"
"WGCNA_turquoise","AQP4"
"WGCNA_turquoise","TVP23B"
"WGCNA_turquoise","ZNF217"
"WGCNA_turquoise","SRGAP2C"
"WGCNA_turquoise","ZNF57"
"WGCNA_turquoise","JMJD1C"
"WGCNA_turquoise","RAB33B"
"WGCNA_turquoise","SERF1A"
"WGCNA_turquoise","KLF11"
"WGCNA_turquoise","SMN1"
"WGCNA_turquoise","EIF2AK3"
"WGCNA_turquoise","KRCC1"
"WGCNA_turquoise","CYCS"
"WGCNA_turquoise","SLFN12"
"WGCNA_turquoise","FRMD3"
"WGCNA_turquoise","SNTB1"
"WGCNA_turquoise","MTBP"
"WGCNA_turquoise","TEFM"
"WGCNA_turquoise","MRPL13"
"WGCNA_turquoise","MALT1"
"WGCNA_turquoise","MBOAT1"
"WGCNA_turquoise","CXCR6"
"WGCNA_turquoise","PAIP1"
"WGCNA_turquoise","C5ORF34"
"WGCNA_turquoise","C1QTNF4"
"WGCNA_turquoise","ZNF131"
"WGCNA_turquoise","MACROD2"
"WGCNA_turquoise","CERS6"
"WGCNA_turquoise","SPTLC3"
"WGCNA_turquoise","TP53RK"
"WGCNA_turquoise","CLEC12A"
"WGCNA_turquoise","BPGM"
"WGCNA_turquoise","ALG14"
"WGCNA_turquoise","SUCLG2"
"WGCNA_turquoise","GNG12"
"WGCNA_turquoise","SYNPO2"
"WGCNA_turquoise","TCEAL1"
"WGCNA_turquoise","ZNF24"
"WGCNA_turquoise","MANEA"
"WGCNA_turquoise","AFF1"
"WGCNA_turquoise","ACOT12"
"WGCNA_turquoise","PDE3A"
"WGCNA_turquoise","RASGRP1"
"WGCNA_turquoise","SMPDL3A"
"WGCNA_turquoise","ZMAT3"
"WGCNA_turquoise","ZFAND4"
"WGCNA_turquoise","THEMIS"
"WGCNA_turquoise","ZNF738"
"WGCNA_turquoise","SLFN11"
"WGCNA_turquoise","POFUT3"
"WGCNA_turquoise","TMCC1"
"WGCNA_turquoise","NAA16"
"WGCNA_turquoise","ZNG1A"
"WGCNA_turquoise","DCP2"
"WGCNA_turquoise","CYP7B1"
"WGCNA_turquoise","SP3"
"WGCNA_turquoise","DMXL1"
"WGCNA_turquoise","NBEA"
"WGCNA_turquoise","OXSR1"
"WGCNA_turquoise","LCLAT1"
"WGCNA_turquoise","ADH6"
"WGCNA_turquoise","GXYLT2"
"WGCNA_turquoise","ARPP21"
"WGCNA_turquoise","ZNF680"
"WGCNA_turquoise","BNC2"
"WGCNA_turquoise","COQ2"
"WGCNA_turquoise","LRRN3"
"WGCNA_turquoise","NOC3L"
"WGCNA_turquoise","RAPH1"
"WGCNA_turquoise","PARP14"
"WGCNA_turquoise","CYSLTR1"
"WGCNA_turquoise","ABCD2"
"WGCNA_turquoise","SLC60A2"
"WGCNA_turquoise","ZNF483"
"WGCNA_turquoise","TNKS"
"WGCNA_turquoise","ZNF449"
"WGCNA_turquoise","ZBTB21"
"WGCNA_turquoise","PPP1R3B"
"WGCNA_turquoise","STOX2"
"WGCNA_turquoise","TRIB1"
"WGCNA_turquoise","SFT2D3"
"WGCNA_turquoise","OLR1"
"WGCNA_turquoise","DAB1"
"WGCNA_turquoise","ARV1"
"WGCNA_turquoise","NAA20"
"WGCNA_turquoise","MICOS10"
"WGCNA_turquoise","THAP2"
"WGCNA_turquoise","MOB1B"
"WGCNA_turquoise","NABP1"
"WGCNA_turquoise","CEP83"
"WGCNA_turquoise","SULT1B1"
"WGCNA_turquoise","NUDT4"
"WGCNA_turquoise","UGT2A1"
"WGCNA_turquoise","SCAI"
"WGCNA_turquoise","TRAPPC3L"
"WGCNA_turquoise","EIF1AX"
"WGCNA_turquoise","BCLAF3"
"WGCNA_turquoise","ADGRG2"
"WGCNA_turquoise","TOMM20"
"WGCNA_turquoise","AGFG1"
"WGCNA_turquoise","NET1"
"WGCNA_turquoise","DPY19L1"
"WGCNA_turquoise","ZNF791"
"WGCNA_turquoise","PHC3"
"WGCNA_turquoise","GPR160"
"WGCNA_turquoise","GOLIM4"
"WGCNA_turquoise","RBM4B"
"WGCNA_turquoise","ATP5MK"
"WGCNA_turquoise","MARCHF3"
"WGCNA_turquoise","SLCO4C1"
"WGCNA_turquoise","RBM4"
"WGCNA_turquoise","UBXN2A"
"WGCNA_turquoise","LRRC63"
"WGCNA_turquoise","CEP19"
"WGCNA_turquoise","KLHL15"
"WGCNA_turquoise","FBXO45"
"WGCNA_turquoise","GNG5"
"WGCNA_turquoise","SLC25A30"
"WGCNA_turquoise","MSRB3"
"WGCNA_turquoise","LEMD3"
"WGCNA_turquoise","TLR10"
"WGCNA_turquoise","TLR1"
"WGCNA_turquoise","TLR6"
"WGCNA_turquoise","FAM174A"
"WGCNA_turquoise","RGMB"
"WGCNA_turquoise","NWD2"
"WGCNA_turquoise","TRMT10C"
"WGCNA_turquoise","MGA"
"WGCNA_turquoise","KICS2"
"WGCNA_turquoise","ZNF80"
"WGCNA_turquoise","RALGAPA1"
"WGCNA_turquoise","ZWILCH"
"WGCNA_turquoise","CNTNAP2"
"WGCNA_turquoise","GALNTL6"
"WGCNA_turquoise","DENND4A"
"WGCNA_turquoise","GCSAM"
"WGCNA_turquoise","SLC60A1"
"WGCNA_turquoise","AKIRIN1"
"WGCNA_turquoise","MSL2"
"WGCNA_turquoise","TRAM1L1"
"WGCNA_turquoise","ANGEL2"
"WGCNA_turquoise","IQCK"
"WGCNA_turquoise","TMEM167A"
"WGCNA_turquoise","RESF1"
"WGCNA_turquoise","LARP7"
"WGCNA_turquoise","NR1D2"
"WGCNA_turquoise","PABPC5"
"WGCNA_turquoise","FAM241A"
"WGCNA_turquoise","SRP72"
"WGCNA_turquoise","PCP2"
"WGCNA_turquoise","THAP6"
"WGCNA_turquoise","CEP135"
"WGCNA_turquoise","FZD4"
"WGCNA_turquoise","BTC"
"WGCNA_turquoise","PDZK1"
"WGCNA_turquoise","DENND6A"
"WGCNA_turquoise","PDE12"
"WGCNA_turquoise","GLMN"
"WGCNA_turquoise","RSRC1"
"WGCNA_turquoise","C3ORF33"
"WGCNA_turquoise","P2RY14"
"WGCNA_turquoise","GPR171"
"WGCNA_turquoise","DHX36"
"WGCNA_turquoise","CTBP2"
"WGCNA_turquoise","ATR"
"WGCNA_turquoise","SNHG29"
"WGCNA_turquoise","GK5"
"WGCNA_turquoise","VCPIP1"
"WGCNA_turquoise","PDIK1L"
"WGCNA_turquoise","TRAF6"
"WGCNA_turquoise","ZNF654"
"WGCNA_turquoise","YPEL2"
"WGCNA_turquoise","CADM2"
"WGCNA_turquoise","PPM1E"
"WGCNA_turquoise","CSRP2"
"WGCNA_turquoise","PCCA"
"WGCNA_turquoise","CENPS"
"WGCNA_turquoise","CCNE2"
"WGCNA_turquoise","ZNF519"
"WGCNA_turquoise","APOF"
"WGCNA_turquoise","TMEM9B"
"WGCNA_turquoise","PTPN2"
"WGCNA_turquoise","SMAD2"
"WGCNA_turquoise","ZNF25"
"WGCNA_turquoise","ARL10"
"WGCNA_turquoise","LPL"
"WGCNA_turquoise","RFESD"
"WGCNA_turquoise","DPP10"
"WGCNA_turquoise","LIPT2"
"WGCNA_turquoise","KCNE3"
"WGCNA_turquoise","ALG10B"
"WGCNA_turquoise","RAB6A"
"WGCNA_turquoise","ERCC4"
"WGCNA_turquoise","TMEM70"
"WGCNA_turquoise","RMI2"
"WGCNA_turquoise","SLC35E3"
"WGCNA_turquoise","GAPT"
"WGCNA_turquoise","ZDHHC21"
"WGCNA_turquoise","PLEKHF2"
"WGCNA_turquoise","DENND2C"
"WGCNA_turquoise","LYSMD3"
"WGCNA_turquoise","ZNF613"
"WGCNA_turquoise","JAKMIP2"
"WGCNA_turquoise","MBLAC2"
"WGCNA_turquoise","CSTF3"
"WGCNA_turquoise","YES1"
"WGCNA_turquoise","DLEU1"
"WGCNA_turquoise","TMEM39A"
"WGCNA_turquoise","BNIP3"
"WGCNA_turquoise","ATAD5"
"WGCNA_turquoise","SMIM19"
"WGCNA_turquoise","RTTN"
"WGCNA_turquoise","SLC35G1"
"WGCNA_turquoise","CRLF3"
"WGCNA_turquoise","EID2"
"WGCNA_turquoise","DMRTA1"
"WGCNA_turquoise","KCMF1"
"WGCNA_turquoise","USF3"
"WGCNA_turquoise","KBTBD11"
"WGCNA_turquoise","B3GNT5"
"WGCNA_turquoise","RMDN1"
"WGCNA_turquoise","MEX3C"
"WGCNA_turquoise","RNF152"
"WGCNA_turquoise","CCDC121"
"WGCNA_turquoise","RBIS"
"WGCNA_turquoise","CDK5R1"
"WGCNA_turquoise","VSIG10"
"WGCNA_turquoise","FAM91A1"
"WGCNA_turquoise","WSB2"
"WGCNA_turquoise","TCEANC"
"WGCNA_turquoise","TCIM"
"WGCNA_turquoise","GCNT4"
"WGCNA_turquoise","FIBIN"
"WGCNA_turquoise","MTX3"
"WGCNA_turquoise","ZDHHC13"
"WGCNA_turquoise","SLC38A9"
"WGCNA_turquoise","ANO6"
"WGCNA_turquoise","ZBTB34"
"WGCNA_turquoise","FAM210A"
"WGCNA_turquoise","RIMKLA"
"WGCNA_turquoise","RPS6KA3"
"WGCNA_turquoise","CHD9"
"WGCNA_turquoise","KCNA3"
"WGCNA_turquoise","ZBTB38"
"WGCNA_turquoise","NINJ2-AS1"
"WGCNA_turquoise","SAMD9L"
"WGCNA_turquoise","PAWR"
"WGCNA_turquoise","NAP1L5"
"WGCNA_turquoise","NR2C2"
"WGCNA_turquoise","RBM44"
"WGCNA_turquoise","ZBTB33"
"WGCNA_turquoise","TBL1XR1"
"WGCNA_turquoise","SAMD12"
"WGCNA_turquoise","CSTF2T"
"WGCNA_turquoise","CASC2"
"WGCNA_turquoise","THAP5"
"WGCNA_turquoise","SUMO4"
"WGCNA_turquoise","DNAJC28"
"WGCNA_turquoise","NAALADL2"
"WGCNA_turquoise","NECTIN3"
"WGCNA_turquoise","HNRNPA0"
"WGCNA_turquoise","RAB4A-AS1"
"WGCNA_turquoise","ZNF620"
"WGCNA_turquoise","ZNF518A"
"WGCNA_turquoise","AP3S1"
"WGCNA_turquoise","ZBTB41"
"WGCNA_turquoise","UBE2N"
"WGCNA_turquoise","ARL6IP6"
"WGCNA_turquoise","ZNF354C"
"WGCNA_turquoise","MLF1"
"WGCNA_turquoise","C2ORF69"
"WGCNA_turquoise","GRAMD1C"
"WGCNA_turquoise","PDE4DIP"
"WGCNA_turquoise","DDX10"
"WGCNA_turquoise","ZNF518B"
"WGCNA_turquoise","LCORL"
"WGCNA_turquoise","PARD6G"
"WGCNA_turquoise","POGLUT3"
"WGCNA_turquoise","ZNF543"
"WGCNA_turquoise","AQP11"
"WGCNA_turquoise","ZNF223"
"WGCNA_turquoise","FAM220A"
"WGCNA_turquoise","NT5DC1"
"WGCNA_turquoise","MCMDC2"
"WGCNA_turquoise","CD28"
"WGCNA_turquoise","EPM2AIP1"
"WGCNA_turquoise","MAF"
"WGCNA_turquoise","ERN1"
"WGCNA_turquoise","CSRNP3"
"WGCNA_turquoise","SUZ12"
"WGCNA_turquoise","NSUN3"
"WGCNA_turquoise","KCTD12"
"WGCNA_turquoise","DHFR2"
"WGCNA_turquoise","TRIM73"
"WGCNA_turquoise","APOLD1"
"WGCNA_turquoise","DPY19L3"
"WGCNA_turquoise","TAF7"
"WGCNA_turquoise","ERICH3"
"WGCNA_turquoise","RMI1"
"WGCNA_turquoise","FBXO34"
"WGCNA_turquoise","LINC00324"
"WGCNA_turquoise","MRFAP1L1"
"WGCNA_turquoise","SNX18"
"WGCNA_turquoise","C3ORF38"
"WGCNA_turquoise","TMEM107"
"WGCNA_turquoise","SPTY2D1"
"WGCNA_turquoise","TCAIM"
"WGCNA_turquoise","FUCA1"
"WGCNA_turquoise","ZNF664"
"WGCNA_turquoise","LDLRAD3"
"WGCNA_turquoise","SMCO3"
"WGCNA_turquoise","PTPN11"
"WGCNA_turquoise","RAB39A"
"WGCNA_turquoise","ELMOD2"
"WGCNA_turquoise","EGR3"
"WGCNA_turquoise","GPC5"
"WGCNA_turquoise","KLHL28"
"WGCNA_turquoise","ZBTB18"
"WGCNA_turquoise","DORIP1"
"WGCNA_turquoise","SLC17A8"
"WGCNA_turquoise","GRM8"
"WGCNA_turquoise","LACC1"
"WGCNA_turquoise","FCER1A"
"WGCNA_turquoise","SERTAD2"
"WGCNA_turquoise","RNF227"
"WGCNA_turquoise","ABCA13"
"WGCNA_turquoise","NLRP11"
"WGCNA_turquoise","ZNF154"
"WGCNA_turquoise","SEPHS2"
"WGCNA_turquoise","C14ORF119"
"WGCNA_turquoise","BBS10"
"WGCNA_turquoise","TSHZ1"
"WGCNA_turquoise","PSTK"
"WGCNA_turquoise","SOCS4"
"WGCNA_turquoise","PTGR3"
"WGCNA_turquoise","MED14"
"WGCNA_turquoise","FAHD1"
"WGCNA_turquoise","ZNRF2"
"WGCNA_turquoise","ZNF816"
"WGCNA_turquoise","FGD6"
"WGCNA_turquoise","CCDC43"
"WGCNA_turquoise","TIGD2"
"WGCNA_turquoise","MTURN"
"WGCNA_turquoise","PAK2"
"WGCNA_turquoise","MCFD2"
"WGCNA_turquoise","C11ORF71"
"WGCNA_turquoise","GAS1"
"WGCNA_turquoise","ZNF571"
"WGCNA_turquoise","GLIPR1L2"
"WGCNA_turquoise","MIGA1"
"WGCNA_turquoise","NRIP1"
"WGCNA_turquoise","TSPYL5"
"WGCNA_turquoise","H2AC6"
"WGCNA_turquoise","SKIDA1"
"WGCNA_turquoise","H2BC4"
"WGCNA_turquoise","MB21D2"
"WGCNA_turquoise","ZNF594"
"WGCNA_turquoise","PCGF5"
"WGCNA_turquoise","YOD1"
"WGCNA_turquoise","EXOC5P1"
"WGCNA_turquoise","TMEM64"
"WGCNA_turquoise","CLRN3"
"WGCNA_turquoise","SMG1P3"
"WGCNA_turquoise","WDFY3-AS2"
"WGCNA_turquoise","SLC36A4"
"WGCNA_turquoise","ZDHHC20"
"WGCNA_turquoise","ZFP3"
"WGCNA_turquoise","PPA1"
"WGCNA_turquoise","BHLHE22"
"WGCNA_turquoise","GREM2"
"WGCNA_turquoise","CAPS2"
"WGCNA_turquoise","CMTR2"
"WGCNA_turquoise","ZNF572"
"WGCNA_turquoise","PITPNB"
"WGCNA_turquoise","TCEAL8"
"WGCNA_turquoise","GPR137C"
"WGCNA_turquoise","C1ORF105"
"WGCNA_turquoise","BBS12"
"WGCNA_turquoise","ZFP82"
"WGCNA_turquoise","HIGD1A"
"WGCNA_turquoise","CHRM2"
"WGCNA_turquoise","NPM1"
"WGCNA_turquoise","DHTKD1"
"WGCNA_turquoise","TLCD5"
"WGCNA_turquoise","ZNF322"
"WGCNA_turquoise","DDX60L"
"WGCNA_turquoise","ZNF678"
"WGCNA_turquoise","TMEM45A"
"WGCNA_turquoise","RAP2B"
"WGCNA_turquoise","ZBTB2"
"WGCNA_turquoise","FANCB"
"WGCNA_turquoise","GPR135"
"WGCNA_turquoise","PLAG1"
"WGCNA_turquoise","YIPF6"
"WGCNA_turquoise","DIPK2A"
"WGCNA_turquoise","MACIR"
"WGCNA_turquoise","SIAH2"
"WGCNA_turquoise","RFX7"
"WGCNA_turquoise","TIGIT"
"WGCNA_turquoise","C5ORF24"
"WGCNA_turquoise","ADO"
"WGCNA_turquoise","SNRPE"
"WGCNA_turquoise","RTKN2"
"WGCNA_turquoise","MGAT4C"
"WGCNA_turquoise","GET1"
"WGCNA_turquoise","TMEM30B"
"WGCNA_turquoise","FAM89A"
"WGCNA_turquoise","ZNF708"
"WGCNA_turquoise","ERCC6L2"
"WGCNA_turquoise","CREB3L2"
"WGCNA_turquoise","UNC5C"
"WGCNA_turquoise","RAD51B"
"WGCNA_turquoise","ATP6AP2"
"WGCNA_turquoise","UBE2E2"
"WGCNA_turquoise","FIGN"
"WGCNA_turquoise","AP1S2"
"WGCNA_turquoise","KBTBD3"
"WGCNA_turquoise","CACNB4"
"WGCNA_turquoise","TRAPPC6B"
"WGCNA_turquoise","PGBD4"
"WGCNA_turquoise","TSHZ2"
"WGCNA_turquoise","CEP97"
"WGCNA_turquoise","GLRX5"
"WGCNA_turquoise","VCF2"
"WGCNA_turquoise","RWDD4"
"WGCNA_turquoise","SATB1"
"WGCNA_turquoise","PLCB1"
"WGCNA_turquoise","SKA2"
"WGCNA_turquoise","TTC3"
"WGCNA_turquoise","RESP18"
"WGCNA_turquoise","IGIP"
"WGCNA_turquoise","PAPPA"
"WGCNA_turquoise","ACBD3"
"WGCNA_turquoise","HAPSTR1"
"WGCNA_turquoise","GLUD2"
"WGCNA_turquoise","ZNF721"
"WGCNA_turquoise","TCEAL7"
"WGCNA_turquoise","BKGD"
"WGCNA_turquoise","CEP63"
"WGCNA_turquoise","HMGN4"
"WGCNA_turquoise","CNOT10"
"WGCNA_turquoise","CADM1"
"WGCNA_turquoise","ZNF320"
"WGCNA_turquoise","C12ORF60"
"WGCNA_turquoise","SLC25A21"
"WGCNA_turquoise","ABAT"
"WGCNA_turquoise","GPC6"
"WGCNA_turquoise","CEP57L1"
"WGCNA_turquoise","GPR19"
"WGCNA_turquoise","LOC102723701"
"WGCNA_turquoise","FANCF"
"WGCNA_turquoise","CTNNA3"
"WGCNA_turquoise","DAZAP2"
"WGCNA_turquoise","CCBE1"
"WGCNA_turquoise","SELENOF"
"WGCNA_turquoise","ZNF623"
"WGCNA_turquoise","JRKL"
"WGCNA_turquoise","BRD10"
"WGCNA_turquoise","GTF2H2C"
"WGCNA_turquoise","ASB7"
"WGCNA_turquoise","TENT5C"
"WGCNA_turquoise","COA5"
"WGCNA_turquoise","UTP11"
"WGCNA_turquoise","PSMG1"
"WGCNA_turquoise","KLRC4"
"WGCNA_turquoise","ACSM5"
"WGCNA_turquoise","SETD3"
"WGCNA_turquoise","ZNF530"
"WGCNA_turquoise","TAFA1"
"WGCNA_turquoise","TYW2"
"WGCNA_turquoise","EFHC2"
"WGCNA_turquoise","TMEM50A"
"WGCNA_turquoise","TBK1"
"WGCNA_turquoise","MACC1"
"WGCNA_turquoise","KCTD16"
"WGCNA_turquoise","OLFML1"
"WGCNA_turquoise","RBM12B"
"WGCNA_turquoise","LIN9"
"WGCNA_turquoise","ANKRD45"
"WGCNA_turquoise","TTC32"
"WGCNA_turquoise","SH2D1A"
"WGCNA_turquoise","ST6GALNAC3"
"WGCNA_turquoise","PTP4A2"
"WGCNA_turquoise","FAM120C"
"WGCNA_turquoise","UBE2F"
"WGCNA_turquoise","PPP1R2"
"WGCNA_turquoise","CMSS1"
"WGCNA_turquoise","PCDH9"
"WGCNA_turquoise","ALDH1A3"
"WGCNA_turquoise","TM2D3"
"WGCNA_turquoise","PRKD1"
"WGCNA_turquoise","CCSER1"
"WGCNA_turquoise","ZDHHC23"
"WGCNA_turquoise","COLEC10"
"WGCNA_turquoise","MAML2"
"WGCNA_turquoise","KCND2"
"WGCNA_turquoise","COPB2"
"WGCNA_turquoise","LRRC19"
"WGCNA_turquoise","KNTC1"
"WGCNA_turquoise","PROS1"
"WGCNA_turquoise","ZFP1"
"WGCNA_turquoise","SLITRK6"
"WGCNA_turquoise","XPOT"
"WGCNA_turquoise","PDE4B"
"WGCNA_turquoise","KCNH7"
"WGCNA_turquoise","NELL2"
"WGCNA_turquoise","ZNF93"
"WGCNA_turquoise","CDCA2"
"WGCNA_turquoise","H2BC21"
"WGCNA_turquoise","RNLS"
"WGCNA_turquoise","FAM110C"
"WGCNA_turquoise","ATL3"
"WGCNA_turquoise","NDUFA12"
"WGCNA_turquoise","SMIM10"
"WGCNA_turquoise","APOO"
"WGCNA_turquoise","SDR42E1"
"WGCNA_turquoise","ARMCX2"
"WGCNA_turquoise","RBM43"
"WGCNA_turquoise","SUMO3"
"WGCNA_turquoise","IMMP2L"
"WGCNA_turquoise","ZFP90"
"WGCNA_turquoise","BRI3BP"
"WGCNA_turquoise","ROBO2"
"WGCNA_turquoise","AP3M1"
"WGCNA_turquoise","CA13"
"WGCNA_turquoise","NSMCE3"
"WGCNA_turquoise","C6ORF120"
"WGCNA_turquoise","PURA"
"WGCNA_turquoise","TCEAL9"
"WGCNA_turquoise","PRMT3"
"WGCNA_turquoise","PPIL6"
"WGCNA_turquoise","KIAA0825"
"WGCNA_turquoise","CDNF"
"WGCNA_turquoise","ZBTB37"
"WGCNA_turquoise","ARL15"
"WGCNA_turquoise","ATP6V0A2"
"WGCNA_turquoise","MRPL30"
"WGCNA_turquoise","TARS3"
"WGCNA_turquoise","TMT1A"
"WGCNA_turquoise","SH3BGR"
"WGCNA_turquoise","GPRIN3"
"WGCNA_turquoise","PARPBP"
"WGCNA_turquoise","ROR1"
"WGCNA_turquoise","BRCC3"
"WGCNA_turquoise","PRKG1"
"WGCNA_turquoise","NR2F2"
"WGCNA_turquoise","SP1"
"WGCNA_turquoise","LMLN"
"WGCNA_turquoise","PBX1"
"WGCNA_turquoise","SHC4"
"WGCNA_turquoise","ZFP36L1"
"WGCNA_turquoise","BRWD1"
"WGCNA_turquoise","SYN3"
"WGCNA_turquoise","MYBL1"
"WGCNA_turquoise","MOSMO"
"WGCNA_turquoise","YTHDF3"
"WGCNA_turquoise","NRG3"
"WGCNA_turquoise","IFIT1"
"WGCNA_turquoise","CXORF38"
"WGCNA_turquoise","KCNQ5"
"WGCNA_turquoise","MORF4L1"
"WGCNA_turquoise","PIGP"
"WGCNA_turquoise","ARL17A"
"WGCNA_turquoise","ZNF829"
"WGCNA_turquoise","THNSL1"
"WGCNA_turquoise","TRIM69"
"WGCNA_turquoise","TAS2R60"
"WGCNA_turquoise","PTCH1"
"WGCNA_turquoise","RNPC3"
"WGCNA_turquoise","ZNF267"
"WGCNA_turquoise","BICD2"
"WGCNA_turquoise","ZNF566"
"WGCNA_turquoise","ZNF225-AS1"
"WGCNA_turquoise","ZNF529"
"WGCNA_turquoise","DLEU7"
"WGCNA_turquoise","AIDA"
"WGCNA_turquoise","CDIN1"
"WGCNA_turquoise","GSAP"
"WGCNA_turquoise","LRRC70"
"WGCNA_turquoise","ANKRD46"
"WGCNA_turquoise","ZBTB6"
"WGCNA_turquoise","C2ORF76"
"WGCNA_turquoise","FFAR4"
"WGCNA_turquoise","MTARC1"
"WGCNA_turquoise","KLHL32"
"WGCNA_turquoise","MRTFB"
"WGCNA_turquoise","BTLA"
"WGCNA_turquoise","ZNF17"
"WGCNA_turquoise","PPP1CC"
"WGCNA_turquoise","ZNF555"
"WGCNA_turquoise","NAP1L3"
"WGCNA_turquoise","PRELID2"
"WGCNA_turquoise","CYP4X1"
"WGCNA_turquoise","KPNA4"
"WGCNA_turquoise","ZNF501"
"WGCNA_turquoise","ZNF197"
"WGCNA_turquoise","NAP1L2"
"WGCNA_turquoise","GNG2"
"WGCNA_turquoise","BTN3A2"
"WGCNA_turquoise","PCLO"
"WGCNA_turquoise","RGS7BP"
"WGCNA_turquoise","INSIG1"
"WGCNA_turquoise","ZNF396"
"WGCNA_turquoise","SEPTIN10"
"WGCNA_turquoise","CYP4F3"
"WGCNA_turquoise","UBE2H"
"WGCNA_turquoise","KATNA1"
"WGCNA_turquoise","ZFP91"
"WGCNA_turquoise","C17ORF58"
"WGCNA_turquoise","BCDIN3D"
"WGCNA_turquoise","CYP27C1"
"WGCNA_turquoise","LYRM7"
"WGCNA_turquoise","CCDC73"
"WGCNA_turquoise","SPIN4"
"WGCNA_turquoise","ERCC6L"
"WGCNA_turquoise","TMEM17"
"WGCNA_turquoise","ZDHHC17"
"WGCNA_turquoise","PPARA"
"WGCNA_turquoise","TMEM232"
"WGCNA_turquoise","C3ORF70"
"WGCNA_turquoise","TEAD1"
"WGCNA_turquoise","ENTPD5"
"WGCNA_turquoise","MITF"
"WGCNA_turquoise","NAP1L1"
"WGCNA_turquoise","CMC1"
"WGCNA_turquoise","LYPD6"
"WGCNA_turquoise","SHTN1"
"WGCNA_turquoise","ZNF546"
"WGCNA_turquoise","TSPYL4"
"WGCNA_turquoise","SESTD1"
"WGCNA_turquoise","DYNC2H1"
"WGCNA_turquoise","RSBN1L"
"WGCNA_turquoise","TAF9B"
"WGCNA_turquoise","PCDHB13"
"WGCNA_turquoise","MAGI2"
"WGCNA_turquoise","CHP1"
"WGCNA_turquoise","PLEKHG7"
"WGCNA_turquoise","PTMA"
"WGCNA_turquoise","HSPA14"
"WGCNA_turquoise","AGMO"
"WGCNA_turquoise","TLR5"
"WGCNA_turquoise","USP7"
"WGCNA_turquoise","MAGEH1"
"WGCNA_turquoise","ZNF286A"
"WGCNA_turquoise","B3GLCT"
"WGCNA_turquoise","AKAP19"
"WGCNA_turquoise","TCEA1"
"WGCNA_turquoise","SECISBP2"
"WGCNA_turquoise","ADH1A"
"WGCNA_turquoise","FANCM"
"WGCNA_turquoise","ZFP69B"
"WGCNA_turquoise","ZFP69"
"WGCNA_turquoise","RTL4"
"WGCNA_turquoise","TMEM220"
"WGCNA_turquoise","PABIR1"
"WGCNA_turquoise","ZSCAN23"
"WGCNA_turquoise","MORN2"
"WGCNA_turquoise","UBQLN2"
"WGCNA_turquoise","ARL4C"
"WGCNA_turquoise","EYS"
"WGCNA_turquoise","NHS"
"WGCNA_turquoise","CIMIP2A"
"WGCNA_turquoise","ZNF626"
"WGCNA_turquoise","ZC3H6"
"WGCNA_turquoise","DCUN1D3"
"WGCNA_turquoise","COMMD6"
"WGCNA_turquoise","HYKK"
"WGCNA_turquoise","ZNF383"
"WGCNA_turquoise","PLSCR1"
"WGCNA_turquoise","GTF2F2"
"WGCNA_turquoise","CIBAR1"
"WGCNA_turquoise","SELL"
"WGCNA_turquoise","CHM"
"WGCNA_turquoise","BLOC1S5"
"WGCNA_turquoise","COL25A1"
"WGCNA_turquoise","SRSF10"
"WGCNA_turquoise","HBA2"
"WGCNA_turquoise","NBR1"
"WGCNA_turquoise","NKAIN2"
"WGCNA_turquoise","PAQR9"
"WGCNA_turquoise","CFAP54"
"WGCNA_turquoise","FAM72B"
"WGCNA_turquoise","ASAH2"
"WGCNA_turquoise","SUMO2"
"WGCNA_turquoise","DPYD"
"WGCNA_turquoise","PTAR1"
"WGCNA_turquoise","SMIM15"
"WGCNA_turquoise","FSIP2"
"WGCNA_turquoise","ZNF548"
"WGCNA_turquoise","NHLRC3"
"WGCNA_turquoise","CALHM6"
"WGCNA_turquoise","BEND4"
"WGCNA_turquoise","ZNF563"
"WGCNA_turquoise","LRRK2"
"WGCNA_turquoise","HACD4"
"WGCNA_turquoise","UTS2B"
"WGCNA_turquoise","ZNF292"
"WGCNA_turquoise","ZNF567"
"WGCNA_turquoise","RNFT1"
"WGCNA_turquoise","FAM111B"
"WGCNA_turquoise","LITAF"
"WGCNA_turquoise","ARID2"
"WGCNA_turquoise","IL1RAPL2"
"WGCNA_turquoise","NKAPL"
"WGCNA_turquoise","ZNF527"
"WGCNA_turquoise","ZNF33A"
"WGCNA_turquoise","PCDH18"
"WGCNA_turquoise","BTBD8"
"WGCNA_turquoise","MAOA"
"WGCNA_turquoise","C15ORF61"
"WGCNA_turquoise","TSPYL1"
"WGCNA_turquoise","PNRC2"
"WGCNA_turquoise","ZKSCAN3"
"WGCNA_turquoise","LIN54"
"WGCNA_turquoise","FAM180A"
"WGCNA_turquoise","NEMP2"
"WGCNA_turquoise","KIAA0408"
"WGCNA_turquoise","GSPT2"
"WGCNA_turquoise","HMGB1"
"WGCNA_turquoise","BLOC1S2"
"WGCNA_turquoise","SYCP2"
"WGCNA_turquoise","ZNF724"
"WGCNA_turquoise","IL1RAP"
"WGCNA_turquoise","SPOCK3"
"WGCNA_turquoise","ZNF676"
"WGCNA_turquoise","ZNF699"
"WGCNA_turquoise","TDRD7"
"WGCNA_turquoise","SPATS2L"
"WGCNA_turquoise","ZNF250"
"WGCNA_turquoise","WDSUB1"
"WGCNA_turquoise","FAT4"
"WGCNA_turquoise","ZNF681"
"WGCNA_turquoise","ACADSB"
"WGCNA_turquoise","MPHOSPH8"
"WGCNA_turquoise","ZNF766"
"WGCNA_turquoise","FAM217B"
"WGCNA_turquoise","LCOR"
"WGCNA_turquoise","XPNPEP3"
"WGCNA_turquoise","ZNF107"
"WGCNA_turquoise","ZNF471"
"WGCNA_turquoise","ZNF836"
"WGCNA_turquoise","ZNF493"
"WGCNA_turquoise","GRM7"
"WGCNA_turquoise","SUPT3H"
"WGCNA_turquoise","NIF3L1"
"WGCNA_turquoise","POLR1HASP"
"WGCNA_turquoise","IARS1"
"WGCNA_turquoise","ZBTB44"
"WGCNA_turquoise","ADH7"
"WGCNA_turquoise","ZKSCAN7"
"WGCNA_turquoise","CD55"
"WGCNA_turquoise","FUT4"
"WGCNA_turquoise","ZNF765"
"WGCNA_turquoise","ZNF124"
"WGCNA_turquoise","TSC22D2"
"WGCNA_turquoise","ASMT"
"WGCNA_turquoise","ZNF569"
"WGCNA_turquoise","YRDC"
"WGCNA_turquoise","PIK3R4"
"WGCNA_turquoise","ZNF605"
"WGCNA_turquoise","TRAPPC2"
"WGCNA_turquoise","SIAH1"
"WGCNA_turquoise","ESRRG"
"WGCNA_turquoise","PRPF40A"
"WGCNA_turquoise","GDAP2"
"WGCNA_turquoise","TPK1"
"WGCNA_turquoise","NACA"
"WGCNA_turquoise","SPTSSB"
"WGCNA_turquoise","MME"
"WGCNA_turquoise","MYO6"
"WGCNA_turquoise","HDAC2"
"WGCNA_turquoise","ZNF782"
"WGCNA_turquoise","SLC22A25"
"WGCNA_turquoise","ADH1B"
"WGCNA_turquoise","UGT2B15"
"WGCNA_turquoise","TCF4"
"WGCNA_turquoise","WNK3"
"WGCNA_turquoise","SDHAF3"
"WGCNA_turquoise","ZNF136"
"WGCNA_turquoise","IFT70B"
"WGCNA_turquoise","SLC30A10"
"WGCNA_turquoise","TLR7"
"WGCNA_turquoise","ERI2"
"WGCNA_turquoise","ZNF33B"
"WGCNA_turquoise","AMZ2"
"WGCNA_turquoise","ZNF431"
"WGCNA_turquoise","NF1"
"WGCNA_turquoise","VKORC1L1"
"WGCNA_turquoise","DAPK1"
"WGCNA_turquoise","CD47"
"WGCNA_turquoise","H2AC11"
"WGCNA_turquoise","STRN3"
"WGCNA_turquoise","ZSCAN16"
"WGCNA_turquoise","PPTC7"
"WGCNA_turquoise","NHLRC2"
"WGCNA_turquoise","ZFP28"
"WGCNA_turquoise","KPNA5"
"WGCNA_turquoise","ANKRD36B"
"WGCNA_turquoise","ARHGEF12"
"WGCNA_turquoise","TMEM26"
"WGCNA_turquoise","FAM3C"
"WGCNA_turquoise","SLC39A10"
"WGCNA_turquoise","CASP4"
"WGCNA_turquoise","ZNF585A"
"WGCNA_turquoise","ANXA4"
"WGCNA_turquoise","WDR5B"
"WGCNA_turquoise","METTL9"
"WGCNA_turquoise","ZNF138"
"WGCNA_turquoise","ZNF429"
"WGCNA_turquoise","ZNF470"
"WGCNA_turquoise","ZNF100"
"WGCNA_turquoise","ZNF441"
"WGCNA_turquoise","GMFB"
"WGCNA_turquoise","ZNF420"
"WGCNA_turquoise","ZMYM1"
"WGCNA_turquoise","DTHD1"
"WGCNA_turquoise","ZSCAN26"
"WGCNA_turquoise","PGAP1"
"WGCNA_turquoise","ZNF772"
"WGCNA_turquoise","ZNF257"
"WGCNA_turquoise","ACSL5"
"WGCNA_turquoise","LRRC8B"
"WGCNA_turquoise","PSMD12"
"WGCNA_turquoise","ENTPD4"
"WGCNA_turquoise","C1D"
"WGCNA_turquoise","BLM"
"WGCNA_turquoise","KRABD5"
"WGCNA_turquoise","DDI2"
"WGCNA_turquoise","TRIM33"
"WGCNA_turquoise","PELI1"
"WGCNA_turquoise","ZNF675"
"WGCNA_turquoise","ZNF860"
"WGCNA_turquoise","DCHS2"
"WGCNA_turquoise","MAP3K5"
"WGCNA_turquoise","SLC2A10"
"WGCNA_turquoise","RPF2"
"WGCNA_turquoise","MYO5A"
"WGCNA_turquoise","IFT70A"
"WGCNA_turquoise","PIGN"
"WGCNA_turquoise","ZNF624"
"WGCNA_turquoise","TOPORS"
"WGCNA_turquoise","KCNMB2"
"WGCNA_turquoise","ENPP1"
"WGCNA_turquoise","CCDC154"
"WGCNA_turquoise","FAR1"
"WGCNA_turquoise","CPLANE1"
"WGCNA_turquoise","MFAP5"
"WGCNA_turquoise","ZNF615"
"WGCNA_turquoise","DPP4"
"WGCNA_turquoise","KLHL14"
"WGCNA_turquoise","FAM114A1"
"WGCNA_turquoise","RPE"
"WGCNA_turquoise","ZNF460"
"WGCNA_turquoise","CFAP43"
"WGCNA_turquoise","MCMBP"
"WGCNA_turquoise","ZNF81"
"WGCNA_turquoise","TAF13"
"WGCNA_turquoise","ZNF780A"
"WGCNA_turquoise","ZNF461"
"WGCNA_turquoise","OCLN"
"WGCNA_turquoise","ZNF181"
"WGCNA_turquoise","SGTB"
"WGCNA_turquoise","ZNF790"
"WGCNA_turquoise","NKIRAS1"
"WGCNA_turquoise","ADH5"
"WGCNA_turquoise","NBEAP2"
"WGCNA_turquoise","ZNF677"
"WGCNA_turquoise","ERO1A"
"WGCNA_turquoise","ZNF823"
"WGCNA_turquoise","ZNF347"
"WGCNA_turquoise","DNM3"
"WGCNA_turquoise","VPS13A"
"WGCNA_turquoise","MBP"
"WGCNA_turquoise","ELOVL2"
"WGCNA_turquoise","LEKR1"
"WGCNA_turquoise","NOL8"
"WGCNA_turquoise","IRAK4"
"WGCNA_turquoise","MRPL42"
"WGCNA_turquoise","ZNF273"
"WGCNA_turquoise","MAK16"
"WGCNA_turquoise","PRIM1"
"WGCNA_turquoise","MARCHF5"
"WGCNA_turquoise","NPIPB13"
"WGCNA_turquoise","ZBTB14"
"WGCNA_turquoise","CD2AP"
"WGCNA_turquoise","NUP62CL"
"WGCNA_turquoise","ZNF649"
"WGCNA_turquoise","ADH4"
"WGCNA_turquoise","CHSY3"
"WGCNA_turquoise","LPAR1"
"WGCNA_turquoise","HIBCH"
"WGCNA_turquoise","SOWAHC"
"WGCNA_turquoise","ZNF770"
"WGCNA_turquoise","HMGN5"
"WGCNA_turquoise","MIER1"
"WGCNA_turquoise","MAN1A2"
"WGCNA_turquoise","SVIP"
"WGCNA_turquoise","TFDP1"
"WGCNA_turquoise","HSD17B11"
"WGCNA_turquoise","ZXDA"
"WGCNA_turquoise","STYX"
"WGCNA_turquoise","HELZ"
"WGCNA_turquoise","TMEM116"
"WGCNA_turquoise","ZNF485"
"WGCNA_turquoise","PEG3"
"WGCNA_turquoise","SDAD1"
"WGCNA_turquoise","ZKSCAN8"
"WGCNA_turquoise","HYLS1"
"WGCNA_turquoise","ZNF442"
"WGCNA_turquoise","ZNF813"
"WGCNA_turquoise","ASPH"
"WGCNA_turquoise","SPRED2"
"WGCNA_turquoise","GFPT1"
"WGCNA_turquoise","UVRAG"
"WGCNA_turquoise","ITSN2"
"WGCNA_turquoise","OGA"
"WGCNA_turquoise","TCAF1"
"WGCNA_turquoise","TXNRD1"
"WGCNA_turquoise","ZNF583"
"WGCNA_turquoise","ZNF568"
"WGCNA_turquoise","ZXDB"
"WGCNA_turquoise","ZNF480"
"WGCNA_turquoise","SH3BGRL2"
"WGCNA_turquoise","ZNF808"
"WGCNA_turquoise","YTHDF2"
"WGCNA_turquoise","TMA16"
"WGCNA_turquoise","ATL1"
"WGCNA_turquoise","CNGA1"
"WGCNA_turquoise","ZNF43"
"WGCNA_turquoise","GPN1"
"WGCNA_turquoise","ZNF28"
"WGCNA_turquoise","ZNF627"
"WGCNA_turquoise","WDHD1"
"WGCNA_turquoise","SH2D1B"
"WGCNA_turquoise","TLK1"
"WGCNA_turquoise","LRBA"
"WGCNA_turquoise","BAZ1A"
"WGCNA_turquoise","COPS8"
"WGCNA_turquoise","KLHL9"
"WGCNA_turquoise","STK39"
"WGCNA_turquoise","TAT"
"WGCNA_turquoise","CALM1"
"WGCNA_turquoise","TAFA2"
"WGCNA_turquoise","SKIC3"
"WGCNA_turquoise","PAPSS2"
"WGCNA_turquoise","SLC9A6"
"WGCNA_turquoise","FAN1"
"WGCNA_turquoise","TOGARAM1"
"WGCNA_turquoise","CTR9"
"WGCNA_turquoise","SLC5A3"
"WGCNA_turquoise","RASSF9"
"WGCNA_turquoise","FAM169A"
"WGCNA_turquoise","CNOT7"
"WGCNA_turquoise","ZNF521"
"WGCNA_turquoise","LRIG2"
"WGCNA_turquoise","GK"
"WGCNA_turquoise","FOXJ3"
"WGCNA_turquoise","CHAMP1"
"WGCNA_turquoise","INPP5F"
"WGCNA_turquoise","ARHGAP11A"
"WGCNA_turquoise","SUCNR1"
"WGCNA_turquoise","UBE2J1"
"WGCNA_turquoise","OPA1"
"WGCNA_turquoise","ZNF277"
"WGCNA_turquoise","SELENOT"
"WGCNA_turquoise","TOX"
"WGCNA_turquoise","OSTC"
"WGCNA_turquoise","TSEN15"
"WGCNA_turquoise","LTN1"
"WGCNA_turquoise","DCAF12"
"WGCNA_turquoise","SFMBT2"
"WGCNA_turquoise","SMC5"
"WGCNA_turquoise","MT-ND1"
"WGCNA_turquoise","CIPC"
"WGCNA_turquoise","CAPZA2"
"WGCNA_turquoise","TOP1"
"WGCNA_turquoise","GPRASP3"
"WGCNA_turquoise","DZIP3"
"WGCNA_turquoise","DCLRE1A"
"WGCNA_turquoise","SOWAHA"
"WGCNA_turquoise","L3MBTL3"
"WGCNA_turquoise","DMD"
"WGCNA_turquoise","MFAP3L"
"WGCNA_turquoise","KIFBP"
"WGCNA_turquoise","PJA2"
"WGCNA_turquoise","SGMS1"
"WGCNA_turquoise","MIR30C2"
"WGCNA_turquoise","SNORA31"
"WGCNA_turquoise","RNU1-70P"
"WGCNA_turquoise","RNY1P16"
"WGCNA_turquoise","RNU4-1"
"WGCNA_turquoise","RN7SK"
"WGCNA_turquoise","SNORD6"
"WGCNA_turquoise","LOC124901526"
"WGCNA_turquoise","RNU4-2"
"WGCNA_turquoise","ZNF525"
"WGCNA_turquoise","COX20"
"WGCNA_turquoise","CHML"
"WGCNA_turquoise","TATDN3"
"WGCNA_turquoise","SAMD5"
"WGCNA_turquoise","FAM229B"
"WGCNA_turquoise","EEF1AKMT2"
"WGCNA_turquoise","DDO"
"WGCNA_turquoise","H2BC18"
"WGCNA_turquoise","PCMTD2"
"WGCNA_turquoise","HSP90B3P"
"WGCNA_turquoise","CXORF66"
"WGCNA_turquoise","EFCAB7"
"WGCNA_turquoise","GLYATL3"
"WGCNA_turquoise","LIPJ"
"WGCNA_turquoise","MAFB"
"WGCNA_turquoise","TRAF3IP1"
"WGCNA_turquoise","CHIC1"
"WGCNA_turquoise","RUFY2"
"WGCNA_turquoise","GGTA1"
"WGCNA_turquoise","ASAH2B"
"WGCNA_turquoise","TIMM23B"
"WGCNA_turquoise","MACO1"
"WGCNA_turquoise","PTPN20"
"WGCNA_turquoise","ZDBF2"
"WGCNA_turquoise","BMPR2"
"WGCNA_turquoise","COL5A2"
"WGCNA_turquoise","TAP2"
"WGCNA_turquoise","SPIN3"
"WGCNA_turquoise","ERICH2"
"WGCNA_turquoise","SDHD"
"WGCNA_turquoise","CASP12"
"WGCNA_turquoise","ZNF551"
"WGCNA_turquoise","ZNF805"
"WGCNA_turquoise","KRTAP5-10"
"WGCNA_turquoise","ZNF468"
"WGCNA_turquoise","ZNF616"
"WGCNA_turquoise","LOC102724642"
"WGCNA_turquoise","TCTN1"
"WGCNA_turquoise","FAM216A"
"WGCNA_turquoise","MZT1"
"WGCNA_turquoise","FBXO48"
"WGCNA_turquoise","UQCC6"
"WGCNA_turquoise","TRIM13"
"WGCNA_turquoise","PKHD1L1"
"WGCNA_turquoise","SLC35B4"
"WGCNA_turquoise","TMEM231"
"WGCNA_turquoise","TRIQK"
"WGCNA_turquoise","ZBTB10"
"WGCNA_turquoise","C4ORF46"
"WGCNA_turquoise","LGR4"
"WGCNA_turquoise","PDE7A"
"WGCNA_turquoise","TMEM170B"
"WGCNA_turquoise","SNX2"
"WGCNA_turquoise","IPO7"
"WGCNA_turquoise","CFI"
"WGCNA_turquoise","SAMD9"
"WGCNA_turquoise","CNEP1R1"
"WGCNA_turquoise","HMGN1"
"WGCNA_turquoise","LIN52"
"WGCNA_turquoise","ETFRF1"
"WGCNA_turquoise","ITSN1"
"WGCNA_turquoise","ITPRIPL2"
"WGCNA_turquoise","CRYZL1"
"WGCNA_turquoise","RIMOC1"
"WGCNA_turquoise","LOH12CR2"
"WGCNA_turquoise","PLPP6"
"WGCNA_turquoise","GMNC"
"WGCNA_turquoise","EPCIP"
"WGCNA_turquoise","EPCIP-AS1"
"WGCNA_turquoise","DNAJC19"
"WGCNA_turquoise","DOK6"
"WGCNA_turquoise","JPT2"
"WGCNA_turquoise","COL6A6"
"WGCNA_turquoise","RAB12"
"WGCNA_turquoise","UBD"
"WGCNA_turquoise","HACD2"
"WGCNA_turquoise","LNP1"
"WGCNA_turquoise","VGLL3"
"WGCNA_turquoise","ZCWPW2"
"WGCNA_turquoise","ANKRD28"
"WGCNA_turquoise","METTL6"
"WGCNA_turquoise","SNORD63"
"WGCNA_turquoise","SNORD59A"
"WGCNA_turquoise","RNU6-2"
"WGCNA_turquoise","MIR186"
"WGCNA_turquoise","MIR590"
"WGCNA_turquoise","STK38L"
"WGCNA_turquoise","SACM1L"
"WGCNA_turquoise","TSN"
"WGCNA_turquoise","TRGC1"
"WGCNA_turquoise","TRGV10"
"WGCNA_turquoise","TRBV20-1"
"WGCNA_turquoise","TRAV4"
"WGCNA_turquoise","TRDV1"
"WGCNA_turquoise","TRAV29DV5"
"WGCNA_turquoise","CTAGE1"
"WGCNA_turquoise","MT-ND4L"
"WGCNA_turquoise","MAP10"
"WGCNA_turquoise","ZNF611"
"WGCNA_turquoise","DENND1B"
"WGCNA_turquoise","SFT2D2"
"WGCNA_turquoise","SCAF8"
"WGCNA_turquoise","ZNF254"
"WGCNA_turquoise","KLHL23"
"WGCNA_turquoise","FAM24B"
"WGCNA_turquoise","TRIM59"
"WGCNA_turquoise","MLLT11"
"WGCNA_turquoise","NRAS"
"WGCNA_turquoise","CHUK"
"WGCNA_turquoise","ARHGAP19"
"WGCNA_turquoise","KRT222"
"WGCNA_turquoise","SYNJ2BP"
"WGCNA_turquoise","GBP7"
"WGCNA_turquoise","RBMXL1"
"WGCNA_turquoise","DNAJC9"
"WGCNA_turquoise","VDAC1"
"WGCNA_turquoise","LEPROT"
"WGCNA_turquoise","PPP1CB"
"WGCNA_turquoise","S1PR3"
"WGCNA_turquoise","UGT2B11"
"WGCNA_turquoise","DDX47"
"WGCNA_turquoise","ZNF845"
"WGCNA_turquoise","KLRK1"
"WGCNA_turquoise","ITGA1"
"WGCNA_turquoise","LOC100130691"
"WGCNA_turquoise","ZNF726"
"WGCNA_turquoise","ZNF99"
"WGCNA_turquoise","GANC"
"WGCNA_turquoise","ZNF891"
"WGCNA_turquoise","MYCBP"
"WGCNA_turquoise","SMIM30"
"WGCNA_turquoise","HAUS3"
"WGCNA_turquoise","BBIP1"
"WGCNA_turquoise","RPL7P1"
"WGCNA_turquoise","ZNF727"
"WGCNA_turquoise","B3GALT9"
"WGCNA_turquoise","RPS3AP21"
"WGCNA_turquoise","CRPPA"
"WGCNA_turquoise","NT5DC1P2"
"WGCNA_turquoise","UBXN2B"
"WGCNA_turquoise","LINC02982"
"WGCNA_turquoise","FASTKD5"
"WGCNA_turquoise","DHRS4-AS1"
"WGCNA_turquoise","DDX3X"
"WGCNA_turquoise","MIR99AHG"
"WGCNA_turquoise","TMEM242"
"WGCNA_turquoise","TMEM167B"
"WGCNA_turquoise","CCDC7"
"WGCNA_turquoise","FNIP1"
"WGCNA_turquoise","PARLP2"
"WGCNA_turquoise","CDC14C"
"WGCNA_turquoise","TENM3"
"WGCNA_turquoise","CEBPZOS"
"WGCNA_turquoise","TDRD15"
"WGCNA_turquoise","HNRNPA3P12"
"WGCNA_turquoise","NBPF1"
"WGCNA_turquoise","UMAD1"
"WGCNA_turquoise","BMPR1AP1"
"WGCNA_turquoise","ZGLP1"
"WGCNA_turquoise","H2BC19P"
"WGCNA_turquoise","PPP3R1"
"WGCNA_turquoise","FAM200C"
"WGCNA_turquoise","HMSD"
"WGCNA_turquoise","FAM200A"
"WGCNA_turquoise","PPP2R2A"
"WGCNA_turquoise","ZNF880"
"WGCNA_turquoise","APOL6"
"WGCNA_turquoise","FAM185A"
"WGCNA_turquoise","SNORD19C"
"WGCNA_turquoise","SNORD63B"
"WGCNA_turquoise","NUTM2A-AS1"
"WGCNA_turquoise","LINC00571"
"WGCNA_turquoise","CHROMR"
"WGCNA_turquoise","DMTF1-AS1"
"WGCNA_turquoise","LINC02612"
"WGCNA_turquoise","BAZ2B-AS1"
"WGCNA_turquoise","SLC25A5-AS1"
"WGCNA_turquoise","LINC00365"
"WGCNA_turquoise","SMIM13"
"WGCNA_turquoise","EIF4BP3"
"WGCNA_turquoise","HNRNPA1L3"
"WGCNA_turquoise","HCG18"
"WGCNA_turquoise","RASAL2-AS1"
"WGCNA_turquoise","LINC02671"
"WGCNA_turquoise","EIF4A2P4"
"WGCNA_turquoise","RPS27AP6"
"WGCNA_turquoise","POT1-AS1"
"WGCNA_turquoise","GOT1-DT"
"WGCNA_turquoise","TAF1A-AS1"
"WGCNA_turquoise","LINC01779"
"WGCNA_turquoise","NRSN2-AS1"
"WGCNA_turquoise","LOC121627959"
"WGCNA_turquoise","NUTM2B-AS1"
"WGCNA_turquoise","LOC105372791"
"WGCNA_turquoise","PTPRD-AS1"
"WGCNA_turquoise","FGD5-AS1"
"WGCNA_turquoise","LINC01831"
"WGCNA_turquoise","TRAM2-AS1"
"WGCNA_turquoise","TMEM30A-DT"
"WGCNA_turquoise","ERCC6"
"WGCNA_turquoise","NOL7"
"WGCNA_turquoise","PCA3"
"WGCNA_turquoise","CCT8P1"
"WGCNA_turquoise","ZNF503-AS1"
"WGCNA_turquoise","FTCDNL1"
"WGCNA_turquoise","LOC100129215"
"WGCNA_turquoise","GAS1RR"
"WGCNA_turquoise","RPS3AP38"
"WGCNA_turquoise","LINC01876"
"WGCNA_turquoise","LINC02542"
"WGCNA_turquoise","TRBV2"
"WGCNA_turquoise","ENTPD1-AS1"
"WGCNA_turquoise","LOC100505985"
"WGCNA_turquoise","LINC00348"
"WGCNA_turquoise","ATF6-DT"
"WGCNA_turquoise","NCKAP5-AS2"
"WGCNA_turquoise","LINC02798"
"WGCNA_turquoise","LMCD1-AS1"
"WGCNA_turquoise","ZNF717"
"WGCNA_turquoise","KLLN"
"WGCNA_turquoise","PARG"
"WGCNA_turquoise","HNRNPKP2"
"WGCNA_turquoise","RBM26-AS1"
"WGCNA_turquoise","LINC01806"
"WGCNA_turquoise","STK4-DT"
"WGCNA_turquoise","RD3L"
"WGCNA_turquoise","SNAP25-AS1"
"WGCNA_turquoise","LYPLAL1-DT"
"WGCNA_turquoise","HCG11"
"WGCNA_turquoise","MT-ATP8"
"WGCNA_turquoise","DHFR"
"WGCNA_turquoise","SEPTIN7-DT"
"WGCNA_turquoise","UBAC2-AS1"
"WGCNA_turquoise","CCDC26"
"WGCNA_turquoise","SNHG31"
"WGCNA_turquoise","RALGAPA1P1"
"WGCNA_turquoise","ACVR2B-AS1"
"WGCNA_turquoise","MBNL1-AS1"
"WGCNA_turquoise","RPL4P4"
"WGCNA_turquoise","NAMPTP1"
"WGCNA_turquoise","PET100"
"WGCNA_turquoise","LARP4B-DT"
"WGCNA_turquoise","RPS4XP5"
"WGCNA_turquoise","ZRANB2-DT"
"WGCNA_turquoise","RPL5P4"
"WGCNA_turquoise","ALMS1-IT1"
"WGCNA_turquoise","KARS1P2"
"WGCNA_turquoise","FTX"
"WGCNA_turquoise","LINC01818"
"WGCNA_turquoise","PSAT1P3"
"WGCNA_turquoise","YY2"
"WGCNA_turquoise","LINC01614"
"WGCNA_turquoise","ZNF674-AS1"
"WGCNA_turquoise","RPS18P12"
"WGCNA_turquoise","LINC02541"
"WGCNA_turquoise","HSBP1"
"WGCNA_turquoise","AHI1-DT"
"WGCNA_turquoise","MANCR"
"WGCNA_turquoise","MAP4K3-DT"
"WGCNA_turquoise","GORAB-AS1"
"WGCNA_turquoise","LINC02015"
"WGCNA_turquoise","DLEU2"
"WGCNA_turquoise","KILH"
"WGCNA_turquoise","LINC-PINT"
"WGCNA_turquoise","SCAND3"
"WGCNA_turquoise","LOC105375523"
"WGCNA_turquoise","MCTS1"
"WGCNA_turquoise","NCOA7-AS1"
"WGCNA_turquoise","RAP2C-AS1"
"WGCNA_turquoise","LINC00865"
"WGCNA_turquoise","LINC02518"
"WGCNA_turquoise","RPL37A-DT"
"WGCNA_turquoise","LINC01780"
"WGCNA_turquoise","LOC101927269"
"WGCNA_turquoise","LINC03033"
"WGCNA_turquoise","SDCBPP3"
"WGCNA_turquoise","PET117"
"WGCNA_turquoise","LOC101927560"
"WGCNA_turquoise","CTAGE7P"
"WGCNA_turquoise","LOC105376070"
"WGCNA_turquoise","LINC00472"
"WGCNA_turquoise","B4GALT1-AS1"
"WGCNA_turquoise","LINC00513"
"WGCNA_turquoise","H2BC15"
"WGCNA_turquoise","GIRGL"
"WGCNA_turquoise","TAS2R62P"
"WGCNA_turquoise","LINC02535"
"WGCNA_turquoise","SYNCRIPP1"
"WGCNA_turquoise","ZNF879"
"WGCNA_turquoise","ERICH2-DT"
"WGCNA_turquoise","ZNF736"
"WGCNA_turquoise","MAGI2-AS3"
"WGCNA_turquoise","RPL34-DT"
"WGCNA_turquoise","SP2-AS1"
"WGCNA_turquoise","FAM133B"
"WGCNA_turquoise","LINC02817"
"WGCNA_turquoise","LOC101926907"
"WGCNA_turquoise","EIF3EP1"
"WGCNA_turquoise","MIR155HG"
"WGCNA_turquoise","ZSCAN31"
"WGCNA_turquoise","ITGA9-AS1"
"WGCNA_turquoise","TRAPPC13P1"
"WGCNA_turquoise","MSC-AS1"
"WGCNA_turquoise","LINC00402"
"WGCNA_turquoise","DOCK7-DT"
"WGCNA_turquoise","EPM2A-DT"
"WGCNA_turquoise","KIAA0040"
"WGCNA_turquoise","BHLHE40-AS1"
"WGCNA_turquoise","MRPS18CP7"
"WGCNA_turquoise","CD101-AS1"
"WGCNA_turquoise","SCAT8"
"WGCNA_turquoise","MFF-DT"
"WGCNA_turquoise","RNF217-AS1"
"WGCNA_turquoise","RAD23BP1"
"WGCNA_turquoise","MKLN1-AS"
"WGCNA_turquoise","NIFK-AS1"
"WGCNA_turquoise","LINC01852"
"WGCNA_turquoise","ZEB1-AS1"
"WGCNA_turquoise","LOC105375166"
"WGCNA_turquoise","HAND2-AS1"
"WGCNA_turquoise","NR2F1-AS1"
"WGCNA_turquoise","LINC00987"
"WGCNA_turquoise","TTN-AS1"
"WGCNA_turquoise","ELAVL4-AS1"
"WGCNA_turquoise","MGC27382"
"WGCNA_turquoise","ZNF737"
"WGCNA_turquoise","LINC01684"
"WGCNA_turquoise","FAM200B"
"WGCNA_turquoise","CAV2-DT"
"WGCNA_turquoise","PRKCQ-AS1"
"WGCNA_turquoise","LINC00649"
"WGCNA_turquoise","LOC102724768"
"WGCNA_turquoise","LINC01625"
"WGCNA_turquoise","LOC124901856"
"WGCNA_turquoise","NCK1-DT"
"WGCNA_turquoise","RNF103"
"WGCNA_turquoise","ERICH6-AS1"
"WGCNA_turquoise","LOC100287290"
"WGCNA_turquoise","PPIL3"
"WGCNA_turquoise","MTATP8P1"
"WGCNA_turquoise","PNMA2"
"WGCNA_turquoise","RDH14"
"WGCNA_turquoise","YAE1"
"WGCNA_turquoise","CRIPTO"
"WGCNA_turquoise","C3ORF85"
"WGCNA_turquoise","CD302"
"WGCNA_turquoise","PTPRG-AS1"
"WGCNA_turquoise","PAQR9-AS1"
"WGCNA_turquoise","ADAMTS9-AS2"
"WGCNA_turquoise","ARFGAP3"
"WGCNA_turquoise","BGLAP"
"WGCNA_turquoise","C22ORF39"
"WGCNA_turquoise","RBBP4P2"
"WGCNA_turquoise","LINC03015"
"WGCNA_turquoise","ARPIN"
"WGCNA_turquoise","SOX2-OT"
"WGCNA_turquoise","ARHGEF26-AS1"
"WGCNA_turquoise","STON1"
"WGCNA_turquoise","STMP1"
"WGCNA_turquoise","CCZ1P1"
"WGCNA_turquoise","DNAAF10"
"WGCNA_turquoise","DUBR"
"WGCNA_turquoise","HLMR1"
"WGCNA_turquoise","GSTA1"
"WGCNA_turquoise","NFS1"
"WGCNA_turquoise","RBM12"
"WGCNA_turquoise","CRYBB2"
"WGCNA_turquoise","LIFR-AS1"
"WGCNA_turquoise","LINC02453"
"WGCNA_turquoise","LINC00847"
"WGCNA_turquoise","A2M-AS1"
"WGCNA_turquoise","LOC124900193"
"WGCNA_turquoise","LINC00861"
"WGCNA_turquoise","RORA-AS1"
"WGCNA_turquoise","LOC100129203"
"WGCNA_turquoise","FAM111A-DT"
"WGCNA_turquoise","BDNF-AS"
"WGCNA_turquoise","ZNF585B"
"WGCNA_turquoise","CRNDE"
"WGCNA_turquoise","DRAIC"
"WGCNA_turquoise","SLC12A2-DT"
"WGCNA_turquoise","RAB30-DT"
"WGCNA_turquoise","RRS1-DT"
"WGCNA_turquoise","SBF2-AS1"
"WGCNA_turquoise","CIBAR1-DT"
"WGCNA_turquoise","ZBED5-AS1"
"WGCNA_turquoise","LOC100507250"
"WGCNA_turquoise","DNAJC3-DT"
"WGCNA_turquoise","GPRC5D-AS1"
"WGCNA_turquoise","OIP5-AS1"
"WGCNA_turquoise","STX18-AS1"
"WGCNA_turquoise","USP51"
"WGCNA_turquoise","MOCS2-DT"
"WGCNA_turquoise","UBA6-DT"
"WGCNA_turquoise","DPH6-DT"
"WGCNA_turquoise","ADH1C"
"WGCNA_turquoise","LINC00504"
"WGCNA_turquoise","GASK1B-AS1"
"WGCNA_turquoise","LETR1"
"WGCNA_turquoise","LOC124901048"
"WGCNA_turquoise","FLJ46284"
"WGCNA_turquoise","USP46-DT"
"WGCNA_turquoise","UGT2A3P7"
"WGCNA_turquoise","FMN1"
"WGCNA_turquoise","FAM151B-DT"
"WGCNA_turquoise","TERLR1"
"WGCNA_turquoise","LINC02997"
"WGCNA_turquoise","LINC01091"
"WGCNA_turquoise","EEF1A1P19"
"WGCNA_turquoise","GBA3"
"WGCNA_turquoise","LINC01018"
"WGCNA_turquoise","LINC02762"
"WGCNA_turquoise","ZNF718"
"WGCNA_turquoise","SNCAIP-AS3"
"WGCNA_turquoise","HEATR5A-DT"
"WGCNA_turquoise","LINC02499"
"WGCNA_turquoise","INTS6P1"
"WGCNA_turquoise","YPEL3-DT"
"WGCNA_turquoise","SELENOP"
"WGCNA_turquoise","GMDS-DT"
"WGCNA_turquoise","LOC101928622"
"WGCNA_turquoise","ZNF674"
"WGCNA_turquoise","ZNF345"
"WGCNA_turquoise","ZNF550"
"WGCNA_turquoise","AIDAP2"
"WGCNA_turquoise","LOC101928893"
"WGCNA_turquoise","MALAT1"
"WGCNA_turquoise","SCARNA5"
"WGCNA_turquoise","RN7SKP70"
"WGCNA_turquoise","LOC101926956"
"WGCNA_turquoise","C8ORF88"
"WGCNA_turquoise","SHLD3"
"WGCNA_turquoise","CCDC71L"
"WGCNA_turquoise","RAD21-AS1"
"WGCNA_turquoise","MIR3142HG"
"WGCNA_turquoise","PCDHGA7"
"WGCNA_turquoise","SLC10A5"
"WGCNA_turquoise","ZFHX4-AS1"
"WGCNA_turquoise","ALG11"
"WGCNA_turquoise","ATXN7L3B"
"WGCNA_turquoise","PRKDC"
"WGCNA_turquoise","OTUD6B-AS1"
"WGCNA_turquoise","UTP14C"
"WGCNA_turquoise","PCDHGA11"
"WGCNA_turquoise","ZNF260"
"WGCNA_turquoise","UBQLN1-AS1"
"WGCNA_turquoise","PABPC4L"
"WGCNA_turquoise","SMG1P6"
"WGCNA_turquoise","FPGT"
"WGCNA_turquoise","LIPT2-AS1"
"WGCNA_turquoise","C1DP5"
"WGCNA_turquoise","CHMP1B"
"WGCNA_turquoise","EID3"
"WGCNA_turquoise","MIR100HG"
"WGCNA_turquoise","EID1"
"WGCNA_turquoise","UBTFL10"
"WGCNA_turquoise","EBLN2"
"WGCNA_turquoise","POLR2M"
"WGCNA_turquoise","FDXACB1"
"WGCNA_turquoise","LINC02446"
"WGCNA_turquoise","CTSO"
"WGCNA_turquoise","SMLR1"
"WGCNA_turquoise","SMIM3"
"WGCNA_turquoise","ZNF225"
"WGCNA_turquoise","LOC105370635"
"WGCNA_turquoise","SMIM10L1"
"WGCNA_turquoise","TRAV1-2"
"WGCNA_turquoise","LOC100420580"
"WGCNA_turquoise","ZNF350"
"WGCNA_turquoise","ZNF253"
"WGCNA_turquoise","SLCO1B3-SLCO1B7"
"WGCNA_turquoise","DENND11"
"WGCNA_turquoise","LSM14A"
"WGCNA_turquoise","TMPO-AS1"
"WGCNA_turquoise","ZBED6"
"WGCNA_turquoise","PPP1R12A-AS1"
"WGCNA_turquoise","MGAM2"
"WGCNA_turquoise","CLEC5A"
"WGCNA_turquoise","CHURC1"
"WGCNA_turquoise","LINC00641"
"WGCNA_turquoise","PCNX4-DT"
"WGCNA_turquoise","LINC00871"
"WGCNA_turquoise","LINC02328"
"WGCNA_turquoise","BAZ1A-AS1"
"WGCNA_turquoise","MIA2-AS1"
"WGCNA_turquoise","FPGT-TNNI3K"
"WGCNA_turquoise","DUXAP1"
"WGCNA_turquoise","LINC00924"
"WGCNA_turquoise","USP3-AS1"
"WGCNA_turquoise","MTND5P32"
"WGCNA_turquoise","ARNT2-DT"
"WGCNA_turquoise","MTND4LP23"
"WGCNA_turquoise","MTCYBP23"
"WGCNA_turquoise","HSP90B2P"
"WGCNA_turquoise","TEDC2-AS1"
"WGCNA_turquoise","IL21R-AS1"
"WGCNA_turquoise","LINC00261"
"WGCNA_turquoise","NORAD"
"WGCNA_turquoise","SNHG19"
"WGCNA_turquoise","TMEM263-DT"
"WGCNA_turquoise","HEXA-AS1"
"WGCNA_turquoise","SCX"
"WGCNA_turquoise","CCPG1"
"WGCNA_turquoise","ATP2C2-AS1"
"WGCNA_turquoise","MANEA-DT"
"WGCNA_turquoise","LINC01003"
"WGCNA_turquoise","GAN"
"WGCNA_turquoise","LINC02177"
"WGCNA_turquoise","PIERCE2"
"WGCNA_turquoise","H2BC20P"
"WGCNA_turquoise","LINC00662"
"WGCNA_turquoise","CCER2"
"WGCNA_turquoise","LOC101927788"
"WGCNA_turquoise","MYZAP"
"WGCNA_turquoise","SRSF8"
"WGCNA_turquoise","LINC00667"
"WGCNA_turquoise","NOTCH2NLA"
"WGCNA_turquoise","L3MBTL4-AS1"
"WGCNA_turquoise","TTC39C-AS1"
"WGCNA_turquoise","DSG2-AS1"
"WGCNA_turquoise","PGDP1"
"WGCNA_turquoise","LOC100129774"
"WGCNA_turquoise","DTX2P1-UPK3BP1-PMS2P11"
"WGCNA_turquoise","LINC01915"
"WGCNA_turquoise","RNF115"
"WGCNA_turquoise","SEC22B"
"WGCNA_turquoise","TXNIP"
"WGCNA_turquoise","MIR3671"
"WGCNA_turquoise","SNHG25"
"WGCNA_turquoise","NCOA4"
"WGCNA_turquoise","ZNF230-DT"
"WGCNA_turquoise","ZNF850"
"WGCNA_turquoise","LOC729654"
"WGCNA_turquoise","LOC112267992"
"WGCNA_turquoise","ATF7-NPFF"
"WGCNA_turquoise","SEC24AP1"
"WGCNA_turquoise","ZNF285"
"WGCNA_turquoise","NDUFV2P1"
"WGCNA_turquoise","LRRC2-AS1"
"WGCNA_turquoise","MIR4453HG"
"WGCNA_turquoise","ZNF728"
"WGCNA_turquoise","ZNF587B"
"WGCNA_turquoise","LOC122539214"
"WGCNA_turquoise","MIRLET7A1HG"
"WGCNA_turquoise","MEI4"
"WGCNA_turquoise","GOLGA4-AS1"
"WGCNA_turquoise","HMGN3-AS1"
"WGCNA_turquoise","USP34-DT"
"WGCNA_turquoise","H4C14"
"WGCNA_turquoise","MAP2K5-DT"
"WGCNA_turquoise","TLCD4-RWDD3"
"WGCNA_turquoise","HERPUD2-AS1"
"WGCNA_turquoise","LINC02104"
"WGCNA_turquoise","LIX1L"
"WGCNA_turquoise","ATP2B1-AS1"
"WGCNA_turquoise","PDCD6IP-DT"
"WGCNA_turquoise","PLS3-AS1"
"WGCNA_turquoise","LINC01215"
"WGCNA_turquoise","GTF2H5"
"WGCNA_turquoise","MAP7-AS1"
"WGCNA_turquoise","TTC23L-AS1"
"WGCNA_turquoise","NUDT3"
"WGCNA_turquoise","LOC642361"
"WGCNA_turquoise","LINC02980"
"WGCNA_turquoise","ZNF595"
"WGCNA_turquoise","EFCAB10-AS1"
"WGCNA_turquoise","WASL-DT"
"WGCNA_turquoise","LINC02266"
"WGCNA_turquoise","MAP3K4-AS1"
"WGCNA_turquoise","SAP30-DT"
"WGCNA_turquoise","DCP1A"
"WGCNA_turquoise","TBC1D8-AS1"
"WGCNA_turquoise","LINC02035"
"WGCNA_turquoise","C2ORF15"
"WGCNA_turquoise","RAB33B-AS1"
"WGCNA_turquoise","CYP4F36P"
"WGCNA_turquoise","APP-DT"
"WGCNA_turquoise","USP27X"
"WGCNA_turquoise","TAF9"
"WGCNA_turquoise","ZNF658"
"WGCNA_turquoise","MIR223HG"
"WGCNA_turquoise","PPP4R3B"
"WGCNA_turquoise","LOC100419515"
"WGCNA_turquoise","CCL18"
"WGCNA_turquoise","PIGW"
"WGCNA_turquoise","ZNF516-DT"
"WGCNA_turquoise","TUBGCP5"
"WGCNA_turquoise","NAXD-AS1"
"WGCNA_turquoise","DUSP14"
"WGCNA_turquoise","DACH1"
"WGCNA_turquoise","RNA5-8SN4"
"WGCNA_turquoise","AMN1-AS1"
"WGCNA_turquoise","BICRA-AS2"
"WGCNA_turquoise","MARCKS"
"WGCNA_turquoise","ZNF670"
"WGCNA_turquoise","DDX52"
"WGCNA_turquoise","SRD5A2"
"WGCNA_turquoise","MRPL45"
"WGCNA_turquoise","EIF3EP3"
"WGCNA_turquoise","ZNF229"
"WGCNA_turquoise","KBTBD6-DT"
"WGCNA_turquoise","LINC00624"
"WGCNA_turquoise","PWAR5"
"WGCNA_turquoise","LOC112267859"
"WGCNA_red","FGR"
"WGCNA_red","PLXND1"
"WGCNA_red","CD38"
"WGCNA_red","ITGAL"
"WGCNA_red","CEACAM21"
"WGCNA_red","GAS7"
"WGCNA_red","CD79B"
"WGCNA_red","SCN4A"
"WGCNA_red","CACNA2D2"
"WGCNA_red","E2F2"
"WGCNA_red","SYN1"
"WGCNA_red","CAMK1G"
"WGCNA_red","CYTH3"
"WGCNA_red","MMP25"
"WGCNA_red","BTK"
"WGCNA_red","MRC2"
"WGCNA_red","PLAUR"
"WGCNA_red","TYROBP"
"WGCNA_red","ALOX5"
"WGCNA_red","EHD3"
"WGCNA_red","MARCO"
"WGCNA_red","CD74"
"WGCNA_red","RUNX3"
"WGCNA_red","VIM"
"WGCNA_red","CD44"
"WGCNA_red","SLAMF7"
"WGCNA_red","TNFRSF1B"
"WGCNA_red","ARHGAP31"
"WGCNA_red","APBA2"
"WGCNA_red","TMSB10"
"WGCNA_red","TIMP2"
"WGCNA_red","FLT4"
"WGCNA_red","MSR1"
"WGCNA_red","CAPG"
"WGCNA_red","LCP2"
"WGCNA_red","WWC3"
"WGCNA_red","CYBA"
"WGCNA_red","KCNQ1"
"WGCNA_red","RELT"
"WGCNA_red","DGKG"
"WGCNA_red","TBXAS1"
"WGCNA_red","GNA15"
"WGCNA_red","CHI3L2"
"WGCNA_red","TIE1"
"WGCNA_red","CD84"
"WGCNA_red","SPI1"
"WGCNA_red","EML1"
"WGCNA_red","PFKP"
"WGCNA_red","PKM"
"WGCNA_red","PRR11"
"WGCNA_red","ADGRF5"
"WGCNA_red","KCNAB2"
"WGCNA_red","DAPP1"
"WGCNA_red","SLC12A3"
"WGCNA_red","VASH1"
"WGCNA_red","FCGR2B"
"WGCNA_red","STK10"
"WGCNA_red","SIDT1"
"WGCNA_red","IRAG1"
"WGCNA_red","CD5L"
"WGCNA_red","IGF2BP2"
"WGCNA_red","TBX21"
"WGCNA_red","TEAD2"
"WGCNA_red","ZNF532"
"WGCNA_red","GTSE1"
"WGCNA_red","ADD2"
"WGCNA_red","FSCN1"
"WGCNA_red","RBMS2"
"WGCNA_red","FGFR1"
"WGCNA_red","CST7"
"WGCNA_red","BRINP1"
"WGCNA_red","SLC1A3"
"WGCNA_red","SP140"
"WGCNA_red","EPB41L2"
"WGCNA_red","PTPRC"
"WGCNA_red","FYB1"
"WGCNA_red","EPB41L3"
"WGCNA_red","KIF3C"
"WGCNA_red","FCN1"
"WGCNA_red","PILRA"
"WGCNA_red","AKR1B1"
"WGCNA_red","RAD54L"
"WGCNA_red","ADAMTS2"
"WGCNA_red","CETP"
"WGCNA_red","NID2"
"WGCNA_red","GNAS"
"WGCNA_red","SIGLEC1"
"WGCNA_red","DNAAF9"
"WGCNA_red","SIRPG"
"WGCNA_red","HEPH"
"WGCNA_red","GMIP"
"WGCNA_red","ICAM1"
"WGCNA_red","P3H2"
"WGCNA_red","CD209"
"WGCNA_red","NLRC4"
"WGCNA_red","LAMB1"
"WGCNA_red","SEL1L3"
"WGCNA_red","CCDC80"
"WGCNA_red","SLC7A8"
"WGCNA_red","SEMA6A"
"WGCNA_red","TYRO3"
"WGCNA_red","CDC45"
"WGCNA_red","ADA2"
"WGCNA_red","PTGS1"
"WGCNA_red","TREM2"
"WGCNA_red","IL12RB1"
"WGCNA_red","NRP1"
"WGCNA_red","TSPAN15"
"WGCNA_red","KCNK6"
"WGCNA_red","SLC7A4"
"WGCNA_red","CYTH4"
"WGCNA_red","MFNG"
"WGCNA_red","SEZ6L"
"WGCNA_red","PIK3IP1"
"WGCNA_red","CRYBB1"
"WGCNA_red","NEFH"
"WGCNA_red","HMOX1"
"WGCNA_red","APOBEC3H"
"WGCNA_red","APOL4"
"WGCNA_red","GRAP2"
"WGCNA_red","NCF4"
"WGCNA_red","CSF2RB"
"WGCNA_red","KCTD17"
"WGCNA_red","IL2RB"
"WGCNA_red","CTSG"
"WGCNA_red","GZMB"
"WGCNA_red","LGMN"
"WGCNA_red","GALNT16"
"WGCNA_red","ASB2"
"WGCNA_red","PLTP"
"WGCNA_red","MMP9"
"WGCNA_red","SLA2"
"WGCNA_red","SLCO4A1"
"WGCNA_red","RNF24"
"WGCNA_red","RASSF2"
"WGCNA_red","SIRPB1"
"WGCNA_red","HCK"
"WGCNA_red","SAMHD1"
"WGCNA_red","MAPRE1"
"WGCNA_red","E2F1"
"WGCNA_red","PPP1R16B"
"WGCNA_red","TLR8"
"WGCNA_red","ELF4"
"WGCNA_red","TIMP1"
"WGCNA_red","RUBCNL"
"WGCNA_red","FLT1"
"WGCNA_red","ACOD1"
"WGCNA_red","CORO1A"
"WGCNA_red","ZNF423"
"WGCNA_red","COTL1"
"WGCNA_red","CRISPLD2"
"WGCNA_red","MEFV"
"WGCNA_red","PYCARD"
"WGCNA_red","IL21R"
"WGCNA_red","CORO2B"
"WGCNA_red","CEMIP"
"WGCNA_red","CD37"
"WGCNA_red","CLEC4M"
"WGCNA_red","IL4I1"
"WGCNA_red","LILRB1"
"WGCNA_red","LILRA1"
"WGCNA_red","IL27RA"
"WGCNA_red","ASF1B"
"WGCNA_red","EPHX3"
"WGCNA_red","CLC"
"WGCNA_red","EBI3"
"WGCNA_red","SLC1A5"
"WGCNA_red","TGFB1"
"WGCNA_red","DENND3"
"WGCNA_red","CEACAM4"
"WGCNA_red","SIGLEC8"
"WGCNA_red","CD79A"
"WGCNA_red","ICAM4"
"WGCNA_red","NKG7"
"WGCNA_red","CD33"
"WGCNA_red","ATP1A3"
"WGCNA_red","SIGLEC6"
"WGCNA_red","LILRB5"
"WGCNA_red","SCN1B"
"WGCNA_red","PIK3CG"
"WGCNA_red","CPVL"
"WGCNA_red","CCL24"
"WGCNA_red","IMPDH1"
"WGCNA_red","BLVRA"
"WGCNA_red","LIMK1"
"WGCNA_red","SUSD1"
"WGCNA_red","TNFSF8"
"WGCNA_red","ENG"
"WGCNA_red","DOCK8"
"WGCNA_red","GATA3"
"WGCNA_red","CXCL12"
"WGCNA_red","PALD1"
"WGCNA_red","UNC5B"
"WGCNA_red","VSIR"
"WGCNA_red","SPOCK2"
"WGCNA_red","TSPAN14"
"WGCNA_red","HOXB6"
"WGCNA_red","ICAM2"
"WGCNA_red","ABI3"
"WGCNA_red","CRACD"
"WGCNA_red","MS4A6A"
"WGCNA_red","MS4A4A"
"WGCNA_red","ST3GAL4"
"WGCNA_red","IL10RA"
"WGCNA_red","CBL"
"WGCNA_red","SLC15A3"
"WGCNA_red","CD5"
"WGCNA_red","POU2AF1"
"WGCNA_red","SELPLG"
"WGCNA_red","BIN2"
"WGCNA_red","OAS3"
"WGCNA_red","ARHGDIB"
"WGCNA_red","PTPN6"
"WGCNA_red","RIPOR2"
"WGCNA_red","SASH1"
"WGCNA_red","PHACTR1"
"WGCNA_red","CD83"
"WGCNA_red","TREML2"
"WGCNA_red","VNN2"
"WGCNA_red","SOBP"
"WGCNA_red","CCND3"
"WGCNA_red","LY86"
"WGCNA_red","SPARC"
"WGCNA_red","GNPDA1"
"WGCNA_red","PCDH12"
"WGCNA_red","PDGFRB"
"WGCNA_red","HRH2"
"WGCNA_red","CD86"
"WGCNA_red","GNB4"
"WGCNA_red","ZBTB47"
"WGCNA_red","DOK1"
"WGCNA_red","IGFBP5"
"WGCNA_red","CHST10"
"WGCNA_red","WIPF1"
"WGCNA_red","PLEK"
"WGCNA_red","KCNC4"
"WGCNA_red","ARHGEF2"
"WGCNA_red","NCF2"
"WGCNA_red","OLFML3"
"WGCNA_red","CD2"
"WGCNA_red","KIF21B"
"WGCNA_red","CD48"
"WGCNA_red","PADI2"
"WGCNA_red","IGSF21"
"WGCNA_red","PLA2G2D"
"WGCNA_red","KIF17"
"WGCNA_red","ID3"
"WGCNA_red","CDC20"
"WGCNA_red","NRP2"
"WGCNA_red","C1ORF54"
"WGCNA_red","TCF21"
"WGCNA_red","SPP1"
"WGCNA_red","FGF23"
"WGCNA_red","PHF19"
"WGCNA_red","CSF3R"
"WGCNA_red","NPC2"
"WGCNA_red","GPR68"
"WGCNA_red","BCL11A"
"WGCNA_red","TEK"
"WGCNA_red","TASL"
"WGCNA_red","TNN"
"WGCNA_red","KCNJ5"
"WGCNA_red","IQSEC3"
"WGCNA_red","DUSP4"
"WGCNA_red","TNFRSF8"
"WGCNA_red","SCPEP1"
"WGCNA_red","ADCY7"
"WGCNA_red","TSHZ3"
"WGCNA_red","FABP3"
"WGCNA_red","CCRL2"
"WGCNA_red","CSMD2"
"WGCNA_red","TMIGD3"
"WGCNA_red","SASH3"
"WGCNA_red","LAX1"
"WGCNA_red","CD244"
"WGCNA_red","LY9"
"WGCNA_red","HS3ST2"
"WGCNA_red","RAMP3"
"WGCNA_red","GLIPR2"
"WGCNA_red","SRGN"
"WGCNA_red","CHST3"
"WGCNA_red","HVCN1"
"WGCNA_red","ADGRE5"
"WGCNA_red","NCKAP1L"
"WGCNA_red","MMP19"
"WGCNA_red","PDE1B"
"WGCNA_red","NFE2"
"WGCNA_red","KCNJ2"
"WGCNA_red","PI3"
"WGCNA_red","PREX1"
"WGCNA_red","BCAS4"
"WGCNA_red","F13A1"
"WGCNA_red","BTN2A2"
"WGCNA_red","TREM1"
"WGCNA_red","NRN1"
"WGCNA_red","EFNB2"
"WGCNA_red","OPRL1"
"WGCNA_red","IL1B"
"WGCNA_red","VASP"
"WGCNA_red","CD93"
"WGCNA_red","MMP24"
"WGCNA_red","FFAR2"
"WGCNA_red","HCST"
"WGCNA_red","CCR7"
"WGCNA_red","CFP"
"WGCNA_red","FAM78A"
"WGCNA_red","HIVEP3"
"WGCNA_red","PTPRB"
"WGCNA_red","ADGRE2"
"WGCNA_red","F2RL3"
"WGCNA_red","FGL2"
"WGCNA_red","KDR"
"WGCNA_red","ASPHD2"
"WGCNA_red","RFPL1"
"WGCNA_red","RAC2"
"WGCNA_red","APOBEC3A"
"WGCNA_red","SPECC1"
"WGCNA_red","LRRC4"
"WGCNA_red","CCDC136"
"WGCNA_red","WDFY4"
"WGCNA_red","DLL4"
"WGCNA_red","SLC44A2"
"WGCNA_red","SIGLEC9"
"WGCNA_red","RIPK3"
"WGCNA_red","RNASE1"
"WGCNA_red","SEC14L1"
"WGCNA_red","ARHGEF6"
"WGCNA_red","ARPC1B"
"WGCNA_red","UNC13A"
"WGCNA_red","KLHDC7B"
"WGCNA_red","PXDN"
"WGCNA_red","OLFM1"
"WGCNA_red","LSP1"
"WGCNA_red","GMFG"
"WGCNA_red","SMPDL3B"
"WGCNA_red","THEMIS2"
"WGCNA_red","AKAP12"
"WGCNA_red","LILRB2"
"WGCNA_red","PPT1"
"WGCNA_red","SLC6A6"
"WGCNA_red","AOC3"
"WGCNA_red","RAMP2"
"WGCNA_red","TMEM204"
"WGCNA_red","TNS4"
"WGCNA_red","RAI2"
"WGCNA_red","LGALS3"
"WGCNA_red","EMILIN2"
"WGCNA_red","PTPRE"
"WGCNA_red","CARD6"
"WGCNA_red","RAP1GAP2"
"WGCNA_red","CLEC10A"
"WGCNA_red","SYT11"
"WGCNA_red","ALOX5AP"
"WGCNA_red","CHIT1"
"WGCNA_red","BEX1"
"WGCNA_red","PDE6B"
"WGCNA_red","GIMAP6"
"WGCNA_red","GIMAP4"
"WGCNA_red","SWAP70"
"WGCNA_red","LYVE1"
"WGCNA_red","LOXL2"
"WGCNA_red","CD180"
"WGCNA_red","CD101"
"WGCNA_red","DOCK2"
"WGCNA_red","SPOCD1"
"WGCNA_red","FHOD3"
"WGCNA_red","DAGLA"
"WGCNA_red","C5AR2"
"WGCNA_red","COL4A2"
"WGCNA_red","ETS1"
"WGCNA_red","SLC37A2"
"WGCNA_red","ANXA1"
"WGCNA_red","CTSL"
"WGCNA_red","HAVCR2"
"WGCNA_red","CCNJL"
"WGCNA_red","PRR5L"
"WGCNA_red","LMO2"
"WGCNA_red","GDF11"
"WGCNA_red","TESPA1"
"WGCNA_red","AGAP2"
"WGCNA_red","STX11"
"WGCNA_red","NIBAN1"
"WGCNA_red","GPR55"
"WGCNA_red","SP110"
"WGCNA_red","DOCK10"
"WGCNA_red","ARMC9"
"WGCNA_red","STAB2"
"WGCNA_red","PLXNC1"
"WGCNA_red","LCP1"
"WGCNA_red","SCRN1"
"WGCNA_red","GPNMB"
"WGCNA_red","AOAH"
"WGCNA_red","IL10"
"WGCNA_red","GYPC"
"WGCNA_red","ANGPTL2"
"WGCNA_red","MYC"
"WGCNA_red","IL33"
"WGCNA_red","SIT1"
"WGCNA_red","CD72"
"WGCNA_red","IRF4"
"WGCNA_red","TCF19"
"WGCNA_red","HLA-F"
"WGCNA_red","ARRB1"
"WGCNA_red","IL18BP"
"WGCNA_red","FXYD6"
"WGCNA_red","CASP5"
"WGCNA_red","ITGA11"
"WGCNA_red","ADCY3"
"WGCNA_red","MYOF"
"WGCNA_red","CALHM2"
"WGCNA_red","ENTPD1"
"WGCNA_red","OIT3"
"WGCNA_red","CILP"
"WGCNA_red","FBN2"
"WGCNA_red","SHISAL1"
"WGCNA_red","GLIPR1"
"WGCNA_red","ACVRL1"
"WGCNA_red","GPR84"
"WGCNA_red","GALNT6"
"WGCNA_red","MORN3"
"WGCNA_red","RHOF"
"WGCNA_red","SLC24A4"
"WGCNA_red","WARS1"
"WGCNA_red","IGF1R"
"WGCNA_red","IQGAP1"
"WGCNA_red","IGSF6"
"WGCNA_red","CPNE2"
"WGCNA_red","CMTM3"
"WGCNA_red","CMTM2"
"WGCNA_red","CDH13"
"WGCNA_red","IRF8"
"WGCNA_red","RHBDL3"
"WGCNA_red","ZMYND15"
"WGCNA_red","PIK3R5"
"WGCNA_red","CARD14"
"WGCNA_red","TTYH2"
"WGCNA_red","SECTM1"
"WGCNA_red","TNFRSF11A"
"WGCNA_red","VAV1"
"WGCNA_red","EMP3"
"WGCNA_red","MYO1F"
"WGCNA_red","SIGLEC10"
"WGCNA_red","FCN3"
"WGCNA_red","TINAGL1"
"WGCNA_red","CTTNBP2NL"
"WGCNA_red","CD53"
"WGCNA_red","GPR161"
"WGCNA_red","XCL2"
"WGCNA_red","FCGR2A"
"WGCNA_red","RGS16"
"WGCNA_red","RGL1"
"WGCNA_red","ATP8B2"
"WGCNA_red","S100A8"
"WGCNA_red","ITPKB"
"WGCNA_red","RALB"
"WGCNA_red","THSD7B"
"WGCNA_red","ITGA9"
"WGCNA_red","NXPE3"
"WGCNA_red","NCEH1"
"WGCNA_red","MARCHF1"
"WGCNA_red","MYO10"
"WGCNA_red","OTULINL"
"WGCNA_red","GZMA"
"WGCNA_red","LHFPL2"
"WGCNA_red","CRHBP"
"WGCNA_red","TIMD4"
"WGCNA_red","KCNMB1"
"WGCNA_red","TNFRSF21"
"WGCNA_red","PPP1R18"
"WGCNA_red","FGD2"
"WGCNA_red","DIPK2B"
"WGCNA_red","IL2RG"
"WGCNA_red","ZNF185"
"WGCNA_red","DOK2"
"WGCNA_red","GBGT1"
"WGCNA_red","MKI67"
"WGCNA_red","RGS10"
"WGCNA_red","P4HA3"
"WGCNA_red","ESAM"
"WGCNA_red","MTCL2"
"WGCNA_red","FERMT3"
"WGCNA_red","FCGR1A"
"WGCNA_red","FAM124A"
"WGCNA_red","RGS18"
"WGCNA_red","PIP4K2A"
"WGCNA_red","TMEM86A"
"WGCNA_red","CCDC3"
"WGCNA_red","PTPRO"
"WGCNA_red","FLI1"
"WGCNA_red","ASTN1"
"WGCNA_red","HSPB8"
"WGCNA_red","ARL11"
"WGCNA_red","KCNK13"
"WGCNA_red","DAB2"
"WGCNA_red","BMP6"
"WGCNA_red","LPCAT1"
"WGCNA_red","CMTM7"
"WGCNA_red","ROBO4"
"WGCNA_red","LRRK1"
"WGCNA_red","GBP5"
"WGCNA_red","JAM2"
"WGCNA_red","FGD5"
"WGCNA_red","RAB6B"
"WGCNA_red","VOPP1"
"WGCNA_red","PTPRN2"
"WGCNA_red","SAMSN1"
"WGCNA_red","SLC7A7"
"WGCNA_red","VSIG4"
"WGCNA_red","OTOA"
"WGCNA_red","SLA"
"WGCNA_red","CLIC2"
"WGCNA_red","BATF"
"WGCNA_red","HK1"
"WGCNA_red","ITGAD"
"WGCNA_red","B3GNT7"
"WGCNA_red","TIMP4"
"WGCNA_red","NECAP2"
"WGCNA_red","MMP14"
"WGCNA_red","AFAP1L1"
"WGCNA_red","TSPAN18"
"WGCNA_red","TMEM164"
"WGCNA_red","GAREM2"
"WGCNA_red","DUSP2"
"WGCNA_red","GALNT14"
"WGCNA_red","LRRC43"
"WGCNA_red","WASF2"
"WGCNA_red","CLSTN2"
"WGCNA_red","SHROOM4"
"WGCNA_red","CD1B"
"WGCNA_red","NCF1"
"WGCNA_red","SLAMF8"
"WGCNA_red","EDA"
"WGCNA_red","ADAMTS4"
"WGCNA_red","FCER1G"
"WGCNA_red","SV2A"
"WGCNA_red","C1QC"
"WGCNA_red","M1AP"
"WGCNA_red","BTG2"
"WGCNA_red","HK2"
"WGCNA_red","RGL4"
"WGCNA_red","ADGRG5"
"WGCNA_red","ACE"
"WGCNA_red","ABR"
"WGCNA_red","LYPD5"
"WGCNA_red","CPAMD8"
"WGCNA_red","UBASH3A"
"WGCNA_red","GAB3"
"WGCNA_red","ITGB2"
"WGCNA_red","PRMT2"
"WGCNA_red","FCN2"
"WGCNA_red","PLPP7"
"WGCNA_red","HK3"
"WGCNA_red","ORAI2"
"WGCNA_red","IKZF3"
"WGCNA_red","SIGLEC11"
"WGCNA_red","FMNL3"
"WGCNA_red","CXCL16"
"WGCNA_red","SCIMP"
"WGCNA_red","PAQR4"
"WGCNA_red","PLPP3"
"WGCNA_red","RBP7"
"WGCNA_red","LAPTM5"
"WGCNA_red","SDC3"
"WGCNA_red","GBP4"
"WGCNA_red","VCAM1"
"WGCNA_red","NLRP3"
"WGCNA_red","PEA15"
"WGCNA_red","SLAMF6"
"WGCNA_red","OLFML2B"
"WGCNA_red","FCGR3B"
"WGCNA_red","IER5"
"WGCNA_red","FCMR"
"WGCNA_red","DISC1"
"WGCNA_red","NOSTRIN"
"WGCNA_red","CTSS"
"WGCNA_red","TNFAIP8L2"
"WGCNA_red","S100A11"
"WGCNA_red","ARHGAP25"
"WGCNA_red","S100A9"
"WGCNA_red","S100A12"
"WGCNA_red","COL6A3"
"WGCNA_red","PROK2"
"WGCNA_red","CXCR1"
"WGCNA_red","ADORA1"
"WGCNA_red","TGFBR2"
"WGCNA_red","GLB1L"
"WGCNA_red","FCRL1"
"WGCNA_red","AIM2"
"WGCNA_red","DNASE1L3"
"WGCNA_red","TM4SF18"
"WGCNA_red","PLB1"
"WGCNA_red","CDCP1"
"WGCNA_red","CCR1"
"WGCNA_red","YEATS2"
"WGCNA_red","PRKCD"
"WGCNA_red","ARHGEF3"
"WGCNA_red","DUSP7"
"WGCNA_red","PPM1M"
"WGCNA_red","GASK1B"
"WGCNA_red","SYTL3"
"WGCNA_red","FABP5"
"WGCNA_red","TAGAP"
"WGCNA_red","FNDC1"
"WGCNA_red","CTSB"
"WGCNA_red","SYK"
"WGCNA_red","SVEP1"
"WGCNA_red","CYBB"
"WGCNA_red","FOLR2"
"WGCNA_red","TMEM63C"
"WGCNA_red","DACT1"
"WGCNA_red","AK8"
"WGCNA_red","JCAD"
"WGCNA_red","SALL2"
"WGCNA_red","IFI27"
"WGCNA_red","GPR176"
"WGCNA_red","JAM3"
"WGCNA_red","FBN1"
"WGCNA_red","SPIC"
"WGCNA_red","DCHS1"
"WGCNA_red","GARRE1"
"WGCNA_red","PLD4"
"WGCNA_red","PRKCB"
"WGCNA_red","CLEC4E"
"WGCNA_red","BEAN1"
"WGCNA_red","TMED3"
"WGCNA_red","ACKR5"
"WGCNA_red","MS4A7"
"WGCNA_red","MS4A14"
"WGCNA_red","CNPY4"
"WGCNA_red","GNGT2"
"WGCNA_red","NOD2"
"WGCNA_red","SNX20"
"WGCNA_red","CD3D"
"WGCNA_red","TPM4"
"WGCNA_red","RHEBL1"
"WGCNA_red","TUBA1A"
"WGCNA_red","CYP2S1"
"WGCNA_red","AXL"
"WGCNA_red","LAIR1"
"WGCNA_red","SEMA6B"
"WGCNA_red","SLC43A2"
"WGCNA_red","CD300C"
"WGCNA_red","CD300A"
"WGCNA_red","GSDMA"
"WGCNA_red","NLRC3"
"WGCNA_red","RAB3IL1"
"WGCNA_red","NAALADL1"
"WGCNA_red","CX3CR1"
"WGCNA_red","HLA-DPA1"
"WGCNA_red","FILIP1L"
"WGCNA_red","TAP1"
"WGCNA_red","RAB31"
"WGCNA_red","CAVIN2"
"WGCNA_red","COL3A1"
"WGCNA_red","GFRA2"
"WGCNA_red","TCTN2"
"WGCNA_red","INPP5D"
"WGCNA_red","LGALS9"
"WGCNA_red","SIGLEC7"
"WGCNA_red","SHE"
"WGCNA_red","PTAFR"
"WGCNA_red","RNASE6"
"WGCNA_red","NPR1"
"WGCNA_red","CD52"
"WGCNA_red","ZEB2"
"WGCNA_red","ITGAM"
"WGCNA_red","MYO7B"
"WGCNA_red","FABP4"
"WGCNA_red","DNAJC18"
"WGCNA_red","MZB1"
"WGCNA_red","PFKFB3"
"WGCNA_red","PAQR8"
"WGCNA_red","CEACAM3"
"WGCNA_red","FPR2"
"WGCNA_red","FPR1"
"WGCNA_red","GIMAP8"
"WGCNA_red","CHST11"
"WGCNA_red","PTGER4"
"WGCNA_red","DSCAM"
"WGCNA_red","PIK3CD"
"WGCNA_red","PTCRA"
"WGCNA_red","P2RY6"
"WGCNA_red","RGS19"
"WGCNA_red","TMEM51"
"WGCNA_red","RASGRP4"
"WGCNA_red","C3AR1"
"WGCNA_red","MOB3A"
"WGCNA_red","CD8B"
"WGCNA_red","CLEC7A"
"WGCNA_red","IL16"
"WGCNA_red","CTSW"
"WGCNA_red","KLHL6"
"WGCNA_red","HPSE"
"WGCNA_red","HSPA6"
"WGCNA_red","MMRN2"
"WGCNA_red","C1QB"
"WGCNA_red","C1QA"
"WGCNA_red","EHBP1L1"
"WGCNA_red","XCR1"
"WGCNA_red","SUSD5"
"WGCNA_red","HEG1"
"WGCNA_red","PHOSPHO1"
"WGCNA_red","C1QTNF1"
"WGCNA_red","XXYLT1"
"WGCNA_red","NRROS"
"WGCNA_red","KCNJ5-AS1"
"WGCNA_red","CMKLR1"
"WGCNA_red","ADGRE1"
"WGCNA_red","CHST2"
"WGCNA_red","SPSB4"
"WGCNA_red","MARCKSL1"
"WGCNA_red","TP53I11"
"WGCNA_red","MCTP1"
"WGCNA_red","LRRC25"
"WGCNA_red","CABP4"
"WGCNA_red","UCP2"
"WGCNA_red","FOSL1"
"WGCNA_red","NR2F1"
"WGCNA_red","BASP1"
"WGCNA_red","METRNL"
"WGCNA_red","RHOG"
"WGCNA_red","B3GNT8"
"WGCNA_red","HIC1"
"WGCNA_red","GPR4"
"WGCNA_red","CD163"
"WGCNA_red","CD163L1"
"WGCNA_red","KCNJ10"
"WGCNA_red","CALHM5"
"WGCNA_red","ZNF366"
"WGCNA_red","ZC3H12D"
"WGCNA_red","RPP25"
"WGCNA_red","SMIM10L2A"
"WGCNA_red","CCDC89"
"WGCNA_red","GIMAP7"
"WGCNA_red","CIITA"
"WGCNA_red","ALOX15B"
"WGCNA_red","CDH5"
"WGCNA_red","MYADM"
"WGCNA_red","GIPC3"
"WGCNA_red","GPBAR1"
"WGCNA_red","HCLS1"
"WGCNA_red","PRF1"
"WGCNA_red","CXCR2"
"WGCNA_red","FCRL6"
"WGCNA_red","F2R"
"WGCNA_red","TMEM132E"
"WGCNA_red","RNF135"
"WGCNA_red","P2RY13"
"WGCNA_red","SLC9A9"
"WGCNA_red","LINC02724"
"WGCNA_red","P2RY8"
"WGCNA_red","BACE2"
"WGCNA_red","CLEC4G"
"WGCNA_red","CSF1R"
"WGCNA_red","HCAR2"
"WGCNA_red","LCK"
"WGCNA_red","ADGRG3"
"WGCNA_red","SLC8A1"
"WGCNA_red","TMEM119"
"WGCNA_red","GPR132"
"WGCNA_red","MX2"
"WGCNA_red","FBXL7"
"WGCNA_red","RFLNB"
"WGCNA_red","LHFPL6"
"WGCNA_red","PRKX"
"WGCNA_red","ADAP2"
"WGCNA_red","SOCS3"
"WGCNA_red","LPAR5"
"WGCNA_red","SNN"
"WGCNA_red","TMEM106A"
"WGCNA_red","F8"
"WGCNA_red","MAFF"
"WGCNA_red","SLC24A3"
"WGCNA_red","FAM43A"
"WGCNA_red","GP1BA"
"WGCNA_red","KLHL33"
"WGCNA_red","IL3RA"
"WGCNA_red","TCN2"
"WGCNA_red","PDE6G"
"WGCNA_red","ADARB2"
"WGCNA_red","SRL"
"WGCNA_red","IKZF1"
"WGCNA_red","EVI2B"
"WGCNA_red","IFITM1"
"WGCNA_red","C16ORF54"
"WGCNA_red","RASA3"
"WGCNA_red","CD300LF"
"WGCNA_red","SAPCD2"
"WGCNA_red","EDARADD"
"WGCNA_red","CD300E"
"WGCNA_red","GLDN"
"WGCNA_red","FCAR"
"WGCNA_red","SPATA12"
"WGCNA_red","ARHGAP30"
"WGCNA_red","PDE2A"
"WGCNA_red","CXCR3"
"WGCNA_red","LILRB4"
"WGCNA_red","LILRA5"
"WGCNA_red","GCNT1"
"WGCNA_red","FNBP1"
"WGCNA_red","FPR3"
"WGCNA_red","COL4A1"
"WGCNA_red","TRPV2"
"WGCNA_red","SEMA4D"
"WGCNA_red","SOWAHD"
"WGCNA_red","TTC24"
"WGCNA_red","COL14A1"
"WGCNA_red","RAB42"
"WGCNA_red","NCCRP1"
"WGCNA_red","MIR3667HG"
"WGCNA_red","RELN"
"WGCNA_red","VSTM1"
"WGCNA_red","NCR1"
"WGCNA_red","PTPRT"
"WGCNA_red","HLA-DRB1"
"WGCNA_red","S100A4"
"WGCNA_red","SEMA4A"
"WGCNA_red","SIRPB2"
"WGCNA_red","RYR1"
"WGCNA_red","SRGAP3"
"WGCNA_red","GIMAP5"
"WGCNA_red","TCEAL3"
"WGCNA_red","AFAP1"
"WGCNA_red","HLA-DQB2"
"WGCNA_red","HRH1"
"WGCNA_red","HLA-DQA1"
"WGCNA_red","FLNA"
"WGCNA_red","POFUT4"
"WGCNA_red","C5AR1"
"WGCNA_red","SPN"
"WGCNA_red","PCDHB11"
"WGCNA_red","MPEG1"
"WGCNA_red","PDCD1LG2"
"WGCNA_red","CR1L"
"WGCNA_red","CFD"
"WGCNA_red","CYRIA"
"WGCNA_red","SLC22A12"
"WGCNA_red","KEL"
"WGCNA_red","SULT1C4"
"WGCNA_red","TOR4A"
"WGCNA_red","TMEM229B"
"WGCNA_red","CSF2RA"
"WGCNA_red","NRARP"
"WGCNA_red","RCSD1"
"WGCNA_red","CD247"
"WGCNA_red","CD3E"
"WGCNA_red","GRK5"
"WGCNA_red","MAP3K3"
"WGCNA_red","STUM"
"WGCNA_red","CR1"
"WGCNA_red","FCGR3A"
"WGCNA_red","TMEM273"
"WGCNA_red","HLA-DOA"
"WGCNA_red","HLA-DMA"
"WGCNA_red","PSMB8-AS1"
"WGCNA_red","HLA-DRA"
"WGCNA_red","CARD16"
"WGCNA_red","AIF1"
"WGCNA_red","NCR3"
"WGCNA_red","LST1"
"WGCNA_red","TNF"
"WGCNA_red","LILRB3"
"WGCNA_red","HLA-E"
"WGCNA_red","CD177"
"WGCNA_red","FOLR1-AS1"
"WGCNA_red","TMSB4X"
"WGCNA_red","B3GALT4"
"WGCNA_red","GPSM3"
"WGCNA_red","CLIC1"
"WGCNA_red","HLA-B"
"WGCNA_red","IGKC"
"WGCNA_red","IGKV4-1"
"WGCNA_red","IGKV3D-20"
"WGCNA_red","IGKV3D-11"
"WGCNA_red","IGLV4-69"
"WGCNA_red","IGLV8-61"
"WGCNA_red","IGLV6-57"
"WGCNA_red","IGLV10-54"
"WGCNA_red","IGLV1-47"
"WGCNA_red","IGLV7-46"
"WGCNA_red","IGLV5-45"
"WGCNA_red","IGLV1-44"
"WGCNA_red","IGLV7-43"
"WGCNA_red","IGLV1-40"
"WGCNA_red","IGLV1-36"
"WGCNA_red","IGLV3-27"
"WGCNA_red","IGLV3-25"
"WGCNA_red","IGLV2-23"
"WGCNA_red","IGLV3-21"
"WGCNA_red","IGLV3-19"
"WGCNA_red","IGLV2-14"
"WGCNA_red","IGLV2-11"
"WGCNA_red","IGLV3-10"
"WGCNA_red","IGLV3-9"
"WGCNA_red","IGLC2"
"WGCNA_red","TRBV6-5"
"WGCNA_red","TRBC2"
"WGCNA_red","TRAV8-4"
"WGCNA_red","TRAV12-3"
"WGCNA_red","TRAV23DV6"
"WGCNA_red","TRAV38-1"
"WGCNA_red","IGHG2"
"WGCNA_red","IGHA1"
"WGCNA_red","IGHG1"
"WGCNA_red","IGHG3"
"WGCNA_red","IGHV3-11"
"WGCNA_red","IGHV3-13"
"WGCNA_red","IGHV3-15"
"WGCNA_red","IGHV1-18"
"WGCNA_red","IGHV3-21"
"WGCNA_red","IGHV3-23"
"WGCNA_red","IGHV1-24"
"WGCNA_red","IGHV4-28"
"WGCNA_red","IGHV3-33"
"WGCNA_red","IGHV4-34"
"WGCNA_red","IGHV4-39"
"WGCNA_red","IGHV1-45"
"WGCNA_red","IGHV3-49"
"WGCNA_red","IGHV5-51"
"WGCNA_red","IGHV3-53"
"WGCNA_red","IGHV1-58"
"WGCNA_red","IGHV4-61"
"WGCNA_red","IGHV3-66"
"WGCNA_red","IGHV3-73"
"WGCNA_red","RTL8B"
"WGCNA_red","GIMAP1"
"WGCNA_red","LBH"
"WGCNA_red","RPL7AP64"
"WGCNA_red","C19ORF38"
"WGCNA_red","C10ORF105"
"WGCNA_red","LINC00243"
"WGCNA_red","HLA-DPB1"
"WGCNA_red","IGLV9-49"
"WGCNA_red","OR2I1"
"WGCNA_red","IGHV3-64"
"WGCNA_red","IGKV3D-15"
"WGCNA_red","LINC02828"
"WGCNA_red","IGHV4-59"
"WGCNA_red","PELATON"
"WGCNA_red","IGHV3-74"
"WGCNA_red","LINC01504"
"WGCNA_red","IGHV3-72"
"WGCNA_red","HLA-DMB"
"WGCNA_red","TMEM185B"
"WGCNA_red","HNRNPA1P21"
"WGCNA_red","LINC00954"
"WGCNA_red","KHDC1-AS1"
"WGCNA_red","IGHV4-30-2"
"WGCNA_red","LINC01353"
"WGCNA_red","FAM225A"
"WGCNA_red","CT69"
"WGCNA_red","IGHV3-43"
"WGCNA_red","LINC03002"
"WGCNA_red","LINC01503"
"WGCNA_red","SPAAR"
"WGCNA_red","NFAM1"
"WGCNA_red","LINC01871"
"WGCNA_red","LINC03070"
"WGCNA_red","ZNF853"
"WGCNA_red","LINC01679"
"WGCNA_red","IGKV2D-30"
"WGCNA_red","APOBEC3G"
"WGCNA_red","IGKV1-6"
"WGCNA_red","IGKV3-20"
"WGCNA_red","LILRA4"
"WGCNA_red","LILRA2"
"WGCNA_red","PCDHGC3"
"WGCNA_red","IGKV1-17"
"WGCNA_red","IGKV1-16"
"WGCNA_red","IGKV2-24"
"WGCNA_red","IGKV3-11"
"WGCNA_red","TRBV11-2"
"WGCNA_red","IGKV1-9"
"WGCNA_red","PLEKHO2"
"WGCNA_red","LINC00996"
"WGCNA_red","IGKV1-39"
"WGCNA_red","IGKV2-30"
"WGCNA_red","IGKV2D-29"
"WGCNA_red","IGKV1-5"
"WGCNA_red","ETV5"
"WGCNA_red","IGKV3-15"
"WGCNA_red","LILRA6"
"WGCNA_red","APOBEC3C"
"WGCNA_red","IGKV1-27"
"WGCNA_red","MGC16275"
"WGCNA_red","PCED1B-AS1"
"WGCNA_red","NAIP"
"WGCNA_red","DENND3-AS1"
"WGCNA_red","HOXA10"
"WGCNA_red","LOC100128993"
"WGCNA_red","LYN"
"WGCNA_red","SIGLEC14"
"WGCNA_red","SENCR"
"WGCNA_red","IGLL5"
"WGCNA_red","GVINP1"
"WGCNA_red","LNROP"
"WGCNA_red","FAM66D"
"WGCNA_red","SLC39A13-AS1"
"WGCNA_red","HCAR3"
"WGCNA_red","MIR9-3HG"
"WGCNA_red","TIFAB"
"WGCNA_red","LINC02953"
"WGCNA_red","ZNF486"
"WGCNA_red","PDE2A-AS2"
"WGCNA_red","PGA5"
"WGCNA_red","MGAM"
"WGCNA_red","LINC02285"
"WGCNA_red","ALDH1A3-AS1"
"WGCNA_red","CDH13-AS2"
"WGCNA_red","MRC1"
"WGCNA_red","PECAM1"
"WGCNA_red","IKBKE"
"WGCNA_red","HID1-AS1"
"WGCNA_red","TSPOAP1-AS1"
"WGCNA_red","FCGR1CP"
"WGCNA_red","RN7SL138P"
"WGCNA_red","PIK3R5-DT"
"WGCNA_red","PCAT19"
"WGCNA_red","CARD8-AS1"
"WGCNA_red","SPIB"
"WGCNA_red","ATP6V0D1-DT"
"WGCNA_red","IGHV3-30"
"WGCNA_red","CCL5"
"WGCNA_red","MILR1"
"WGCNA_red","DOC2B"
"WGCNA_red","HK2-DT"
"WGCNA_red","ARHGAP23"
"WGCNA_red","CCL3"
"WGCNA_red","IGHV2-70"
"WGCNA_red","CCL23"
"WGCNA_red","LOC102723407"
"WGCNA_red","LINC02826"
"WGCNA_red","CCL4"
"WGCNA_red","LOC101929494"
"WGCNA_red","RAB7B"
"WGCNA_red","GPIHBP1"
"WGCNA_red","TRAC"
"WGCNA_red","TRBV7-9"
"WGCNA_red","IGKV1D-12"
"WGCNA_red","IGHV1-69D"
"WGCNA_brown","STPG1"
"WGCNA_brown","NIPAL3"
"WGCNA_brown","CYP51A1"
"WGCNA_brown","LAP3"
"WGCNA_brown","LASP1"
"WGCNA_brown","SNX11"
"WGCNA_brown","M6PR"
"WGCNA_brown","CASP10"
"WGCNA_brown","CFLAR"
"WGCNA_brown","POLDIP2"
"WGCNA_brown","KDM1A"
"WGCNA_brown","ST7"
"WGCNA_brown","SLC25A5"
"WGCNA_brown","LIG3"
"WGCNA_brown","REXO5"
"WGCNA_brown","CIAPIN1"
"WGCNA_brown","ABCB4"
"WGCNA_brown","GDE1"
"WGCNA_brown","TMEM98"
"WGCNA_brown","AP2B1"
"WGCNA_brown","MAP3K9"
"WGCNA_brown","COX10"
"WGCNA_brown","ARSD"
"WGCNA_brown","NOS2"
"WGCNA_brown","BLTP2"
"WGCNA_brown","ST3GAL1"
"WGCNA_brown","UBE3C"
"WGCNA_brown","BAZ1B"
"WGCNA_brown","METTL13"
"WGCNA_brown","CD9"
"WGCNA_brown","NCAPD2"
"WGCNA_brown","CD4"
"WGCNA_brown","HFE"
"WGCNA_brown","FMO1"
"WGCNA_brown","ELOA"
"WGCNA_brown","SYT7"
"WGCNA_brown","LARS2"
"WGCNA_brown","LTF"
"WGCNA_brown","SLC7A14"
"WGCNA_brown","NUB1"
"WGCNA_brown","ANGEL1"
"WGCNA_brown","ACP3"
"WGCNA_brown","BID"
"WGCNA_brown","CHDH"
"WGCNA_brown","RALBP1"
"WGCNA_brown","STEEP1"
"WGCNA_brown","ZFP64"
"WGCNA_brown","SLC7A9"
"WGCNA_brown","C8B"
"WGCNA_brown","RTF2"
"WGCNA_brown","HSD17B6"
"WGCNA_brown","KPNA6"
"WGCNA_brown","BTN3A1"
"WGCNA_brown","MIPEP"
"WGCNA_brown","SNX1"
"WGCNA_brown","HMGB3"
"WGCNA_brown","BAK1"
"WGCNA_brown","SARS1"
"WGCNA_brown","EIPR1"
"WGCNA_brown","GAB2"
"WGCNA_brown","TRIO"
"WGCNA_brown","CDH1"
"WGCNA_brown","C6"
"WGCNA_brown","TNC"
"WGCNA_brown","RETSAT"
"WGCNA_brown","JADE2"
"WGCNA_brown","CTNNA1"
"WGCNA_brown","HSPA5"
"WGCNA_brown","TPR"
"WGCNA_brown","ROS1"
"WGCNA_brown","SNX29"
"WGCNA_brown","VPS13D"
"WGCNA_brown","TNFRSF9"
"WGCNA_brown","LTBP1"
"WGCNA_brown","RFC2"
"WGCNA_brown","SLC4A8"
"WGCNA_brown","RAD51"
"WGCNA_brown","METTL24"
"WGCNA_brown","AKR7A2"
"WGCNA_brown","LAMA3"
"WGCNA_brown","THRAP3"
"WGCNA_brown","SYNE2"
"WGCNA_brown","ATP9A"
"WGCNA_brown","FAM168A"
"WGCNA_brown","CYFIP2"
"WGCNA_brown","ITIH1"
"WGCNA_brown","KIFC1"
"WGCNA_brown","TRAF3IP2"
"WGCNA_brown","PKP2"
"WGCNA_brown","ALDH18A1"
"WGCNA_brown","GATB"
"WGCNA_brown","RNF4"
"WGCNA_brown","TM7SF3"
"WGCNA_brown","HIPK2"
"WGCNA_brown","TNPO3"
"WGCNA_brown","TRAM2"
"WGCNA_brown","GLP2R"
"WGCNA_brown","ERBB3"
"WGCNA_brown","KARS1"
"WGCNA_brown","ADAT1"
"WGCNA_brown","PDIA5"
"WGCNA_brown","TBC1D1"
"WGCNA_brown","FOXJ2"
"WGCNA_brown","YBX1"
"WGCNA_brown","KDM4A"
"WGCNA_brown","ZFAT"
"WGCNA_brown","FECH"
"WGCNA_brown","NEO1"
"WGCNA_brown","PHKA1"
"WGCNA_brown","TP53BP1"
"WGCNA_brown","RHOA"
"WGCNA_brown","DHX8"
"WGCNA_brown","HEATR6"
"WGCNA_brown","ATP11A"
"WGCNA_brown","MAOB"
"WGCNA_brown","GNB5"
"WGCNA_brown","WIPI1"
"WGCNA_brown","NDST1"
"WGCNA_brown","AP3M2"
"WGCNA_brown","PABPC1"
"WGCNA_brown","TESK2"
"WGCNA_brown","EIF2B3"
"WGCNA_brown","RPS6KA2"
"WGCNA_brown","ACTN1"
"WGCNA_brown","ZFYVE26"
"WGCNA_brown","TRPC5"
"WGCNA_brown","SMC1A"
"WGCNA_brown","P4HA2"
"WGCNA_brown","EVC"
"WGCNA_brown","NDE1"
"WGCNA_brown","TMEM38A"
"WGCNA_brown","MCM2"
"WGCNA_brown","SDHA"
"WGCNA_brown","ABCB11"
"WGCNA_brown","DHRS9"
"WGCNA_brown","ST6GAL1"
"WGCNA_brown","TSG101"
"WGCNA_brown","CA12"
"WGCNA_brown","ZZEF1"
"WGCNA_brown","ENO1"
"WGCNA_brown","EIF4G3"
"WGCNA_brown","SLC25A3"
"WGCNA_brown","FOSL2"
"WGCNA_brown","TMEM131"
"WGCNA_brown","MOCOS"
"WGCNA_brown","SART3"
"WGCNA_brown","MCM6"
"WGCNA_brown","MLH1"
"WGCNA_brown","SLC46A1"
"WGCNA_brown","GPATCH1"
"WGCNA_brown","AMPH"
"WGCNA_brown","MCCC1"
"WGCNA_brown","GNB1"
"WGCNA_brown","UBE2D4"
"WGCNA_brown","CEACAM1"
"WGCNA_brown","FDFT1"
"WGCNA_brown","PGM1"
"WGCNA_brown","PTPRH"
"WGCNA_brown","MID2"
"WGCNA_brown","CXCL2"
"WGCNA_brown","DELE1"
"WGCNA_brown","IL12RB2"
"WGCNA_brown","COL19A1"
"WGCNA_brown","NFE2L1"
"WGCNA_brown","ERC1"
"WGCNA_brown","KAT6A"
"WGCNA_brown","ZNF416"
"WGCNA_brown","RPS5"
"WGCNA_brown","FAT1"
"WGCNA_brown","SMAP2"
"WGCNA_brown","NOA1"
"WGCNA_brown","SSH1"
"WGCNA_brown","APLP2"
"WGCNA_brown","NCOA1"
"WGCNA_brown","AGBL5"
"WGCNA_brown","EFR3B"
"WGCNA_brown","HADHA"
"WGCNA_brown","CD82"
"WGCNA_brown","PREP"
"WGCNA_brown","ABCB1"
"WGCNA_brown","TTC39A"
"WGCNA_brown","ORC1"
"WGCNA_brown","ATG16L1"
"WGCNA_brown","B4GALT1"
"WGCNA_brown","NFX1"
"WGCNA_brown","EIF2AK1"
"WGCNA_brown","SEPHS1"
"WGCNA_brown","HSD17B2"
"WGCNA_brown","HUWE1"
"WGCNA_brown","CASS4"
"WGCNA_brown","PIR"
"WGCNA_brown","METTL2A"
"WGCNA_brown","COQ9"
"WGCNA_brown","ATRN"
"WGCNA_brown","F11"
"WGCNA_brown","MAPKAPK5"
"WGCNA_brown","ANAPC5"
"WGCNA_brown","OAS1"
"WGCNA_brown","SIRT4"
"WGCNA_brown","IGBP1"
"WGCNA_brown","CMTM1"
"WGCNA_brown","GANAB"
"WGCNA_brown","OTUB2"
"WGCNA_brown","DDX24"
"WGCNA_brown","MUL1"
"WGCNA_brown","PABPC4"
"WGCNA_brown","PDPR"
"WGCNA_brown","AARS1"
"WGCNA_brown","GLG1"
"WGCNA_brown","KIF4A"
"WGCNA_brown","TF"
"WGCNA_brown","PITPNM3"
"WGCNA_brown","HAUS4"
"WGCNA_brown","JPH4"
"WGCNA_brown","SUPT16H"
"WGCNA_brown","TOX4"
"WGCNA_brown","TBX15"
"WGCNA_brown","EZR"
"WGCNA_brown","AGO1"
"WGCNA_brown","CLSPN"
"WGCNA_brown","XYLB"
"WGCNA_brown","CDC6"
"WGCNA_brown","CWF19L1"
"WGCNA_brown","FKBP5"
"WGCNA_brown","BRPF3"
"WGCNA_brown","HSP90AB1"
"WGCNA_brown","DSP"
"WGCNA_brown","SCD"
"WGCNA_brown","PSMD8"
"WGCNA_brown","SERPIND1"
"WGCNA_brown","CRKL"
"WGCNA_brown","BCL2L13"
"WGCNA_brown","SEC14L3"
"WGCNA_brown","SNRPD3"
"WGCNA_brown","SRRD"
"WGCNA_brown","EIF3L"
"WGCNA_brown","CCDC134"
"WGCNA_brown","DEPDC5"
"WGCNA_brown","TTC28"
"WGCNA_brown","TCF20"
"WGCNA_brown","RTCB"
"WGCNA_brown","JOSD1"
"WGCNA_brown","TIMP3"
"WGCNA_brown","PACSIN2"
"WGCNA_brown","MCM5"
"WGCNA_brown","MTMR3"
"WGCNA_brown","MIEF1"
"WGCNA_brown","PNPLA3"
"WGCNA_brown","SAMM50"
"WGCNA_brown","EIF3D"
"WGCNA_brown","EP300"
"WGCNA_brown","CERK"
"WGCNA_brown","ZBED4"
"WGCNA_brown","MLC1"
"WGCNA_brown","ABHD4"
"WGCNA_brown","KHNYN"
"WGCNA_brown","PRMT5"
"WGCNA_brown","PYGL"
"WGCNA_brown","SAMD15"
"WGCNA_brown","AHSA1"
"WGCNA_brown","SPTLC2"
"WGCNA_brown","SNW1"
"WGCNA_brown","DHRS7"
"WGCNA_brown","SUSD6"
"WGCNA_brown","SERPINA4"
"WGCNA_brown","MTHFD1"
"WGCNA_brown","PSMC1"
"WGCNA_brown","APEX1"
"WGCNA_brown","CINP"
"WGCNA_brown","CHD8"
"WGCNA_brown","DCAF11"
"WGCNA_brown","PSMA6"
"WGCNA_brown","GMPR2"
"WGCNA_brown","IFT52"
"WGCNA_brown","NDRG3"
"WGCNA_brown","GID8"
"WGCNA_brown","CDS2"
"WGCNA_brown","SEC23B"
"WGCNA_brown","TM9SF4"
"WGCNA_brown","POFUT1"
"WGCNA_brown","KIF3B"
"WGCNA_brown","TTI1"
"WGCNA_brown","AHCY"
"WGCNA_brown","FAM83D"
"WGCNA_brown","DHX35"
"WGCNA_brown","APMAP"
"WGCNA_brown","SMAD7"
"WGCNA_brown","CSTF2"
"WGCNA_brown","MXRA5"
"WGCNA_brown","TBL1X"
"WGCNA_brown","GPR143"
"WGCNA_brown","MCTS2"
"WGCNA_brown","MTMR8"
"WGCNA_brown","PGK1"
"WGCNA_brown","UBL4A"
"WGCNA_brown","CD40LG"
"WGCNA_brown","MAGED2"
"WGCNA_brown","GLA"
"WGCNA_brown","ACP5"
"WGCNA_brown","PARP4"
"WGCNA_brown","SLC25A15"
"WGCNA_brown","OLFM4"
"WGCNA_brown","NUP93"
"WGCNA_brown","POLR2C"
"WGCNA_brown","CFAP263"
"WGCNA_brown","PSMD7"
"WGCNA_brown","TANGO6"
"WGCNA_brown","SLC7A6OS"
"WGCNA_brown","MON1B"
"WGCNA_brown","SEC14L5"
"WGCNA_brown","NOMO3"
"WGCNA_brown","CRYM"
"WGCNA_brown","ZNF174"
"WGCNA_brown","UBFD1"
"WGCNA_brown","EARS2"
"WGCNA_brown","GGA2"
"WGCNA_brown","HMOX2"
"WGCNA_brown","DNAJA3"
"WGCNA_brown","BFAR"
"WGCNA_brown","XYLT1"
"WGCNA_brown","NOMO1"
"WGCNA_brown","VPS35L"
"WGCNA_brown","KNOP1"
"WGCNA_brown","HERC1"
"WGCNA_brown","FAH"
"WGCNA_brown","EHD4"
"WGCNA_brown","BMF"
"WGCNA_brown","BRF2"
"WGCNA_brown","TRIM35"
"WGCNA_brown","CA2"
"WGCNA_brown","INTS9"
"WGCNA_brown","CPQ"
"WGCNA_brown","CCN4"
"WGCNA_brown","NCALD"
"WGCNA_brown","ANXA13"
"WGCNA_brown","SH2D4A"
"WGCNA_brown","INTS10"
"WGCNA_brown","TNFRSF10A"
"WGCNA_brown","HNRNPL"
"WGCNA_brown","ARHGEF18"
"WGCNA_brown","POP4"
"WGCNA_brown","DNASE2"
"WGCNA_brown","WNT2"
"WGCNA_brown","COBL"
"WGCNA_brown","GARS1"
"WGCNA_brown","NPTX2"
"WGCNA_brown","SERPINE1"
"WGCNA_brown","ACTR3C"
"WGCNA_brown","CHCHD3"
"WGCNA_brown","EIF4H"
"WGCNA_brown","TRIM14"
"WGCNA_brown","PTGR1"
"WGCNA_brown","RGP1"
"WGCNA_brown","APBA1"
"WGCNA_brown","PDLIM1"
"WGCNA_brown","TWNK"
"WGCNA_brown","PITRM1"
"WGCNA_brown","STN1"
"WGCNA_brown","XPNPEP1"
"WGCNA_brown","KPNB1"
"WGCNA_brown","GOSR2"
"WGCNA_brown","PNPO"
"WGCNA_brown","CBX1"
"WGCNA_brown","C1QBP"
"WGCNA_brown","PSMD11"
"WGCNA_brown","MLX"
"WGCNA_brown","LRRC59"
"WGCNA_brown","DUSP3"
"WGCNA_brown","EFNB3"
"WGCNA_brown","DHRS7B"
"WGCNA_brown","TNFAIP1"
"WGCNA_brown","CWH43"
"WGCNA_brown","NFKB1"
"WGCNA_brown","MANBA"
"WGCNA_brown","SLC2A9"
"WGCNA_brown","FAM149A"
"WGCNA_brown","ZBTB16"
"WGCNA_brown","MTCH2"
"WGCNA_brown","HSPA8"
"WGCNA_brown","P2RX3"
"WGCNA_brown","OSBP"
"WGCNA_brown","CCND1"
"WGCNA_brown","PRPF19"
"WGCNA_brown","HPX"
"WGCNA_brown","NUP98"
"WGCNA_brown","CORO1C"
"WGCNA_brown","DAO"
"WGCNA_brown","TSPAN11"
"WGCNA_brown","MLEC"
"WGCNA_brown","ATP5F1B"
"WGCNA_brown","LTA4H"
"WGCNA_brown","SLC6A12"
"WGCNA_brown","SH2B3"
"WGCNA_brown","AKAP3"
"WGCNA_brown","MANSC1"
"WGCNA_brown","DUSP16"
"WGCNA_brown","CDK2AP1"
"WGCNA_brown","OAS2"
"WGCNA_brown","SPRING1"
"WGCNA_brown","VDR"
"WGCNA_brown","TIMELESS"
"WGCNA_brown","GAPDH"
"WGCNA_brown","TPI1"
"WGCNA_brown","LPCAT3"
"WGCNA_brown","APOBEC1"
"WGCNA_brown","LDHB"
"WGCNA_brown","BTN3A3"
"WGCNA_brown","ULBP1"
"WGCNA_brown","MCM3"
"WGCNA_brown","RNF8"
"WGCNA_brown","GPLD1"
"WGCNA_brown","UNC93A"
"WGCNA_brown","SLC22A2"
"WGCNA_brown","PACRG"
"WGCNA_brown","FAM120B"
"WGCNA_brown","SLC29A1"
"WGCNA_brown","MEP1A"
"WGCNA_brown","CEP72"
"WGCNA_brown","KIF20A"
"WGCNA_brown","MRPS27"
"WGCNA_brown","PCDHB5"
"WGCNA_brown","HAVCR1"
"WGCNA_brown","ARSB"
"WGCNA_brown","TARS1"
"WGCNA_brown","AGXT2"
"WGCNA_brown","WWC1"
"WGCNA_brown","ERGIC1"
"WGCNA_brown","ACTR8"
"WGCNA_brown","TBCCD1"
"WGCNA_brown","HRG"
"WGCNA_brown","AMOTL2"
"WGCNA_brown","PCCB"
"WGCNA_brown","USP4"
"WGCNA_brown","DRC9"
"WGCNA_brown","UMPS"
"WGCNA_brown","SLC41A3"
"WGCNA_brown","KLHL18"
"WGCNA_brown","MAPKAPK3"
"WGCNA_brown","NCL"
"WGCNA_brown","NRBP1"
"WGCNA_brown","FN1"
"WGCNA_brown","GGCX"
"WGCNA_brown","PDCL3"
"WGCNA_brown","IL1R2"
"WGCNA_brown","IL1RL2"
"WGCNA_brown","UXS1"
"WGCNA_brown","HDLBP"
"WGCNA_brown","PPP1R7"
"WGCNA_brown","ODC1"
"WGCNA_brown","NOL10"
"WGCNA_brown","SLC1A4"
"WGCNA_brown","PNO1"
"WGCNA_brown","THADA"
"WGCNA_brown","EPAS1"
"WGCNA_brown","PARD3B"
"WGCNA_brown","ALMS1"
"WGCNA_brown","DHCR24"
"WGCNA_brown","CEP104"
"WGCNA_brown","TCEANC2"
"WGCNA_brown","MRPL37"
"WGCNA_brown","ICMT"
"WGCNA_brown","ELAPOR1"
"WGCNA_brown","HDAC1"
"WGCNA_brown","RNF19B"
"WGCNA_brown","MFN2"
"WGCNA_brown","SMG7"
"WGCNA_brown","PRDM2"
"WGCNA_brown","AGMAT"
"WGCNA_brown","TTF2"
"WGCNA_brown","HAO2"
"WGCNA_brown","OSCP1"
"WGCNA_brown","AIRIM"
"WGCNA_brown","NID1"
"WGCNA_brown","RIMS3"
"WGCNA_brown","PINK1-AS"
"WGCNA_brown","APH1A"
"WGCNA_brown","SLC2A1"
"WGCNA_brown","MPL"
"WGCNA_brown","PIK3R3"
"WGCNA_brown","NSUN4"
"WGCNA_brown","FASLG"
"WGCNA_brown","SERPINC1"
"WGCNA_brown","MAN1C1"
"WGCNA_brown","RPS6KA1"
"WGCNA_brown","CENPF"
"WGCNA_brown","CHRNB4"
"WGCNA_brown","ALDH8A1"
"WGCNA_brown","DCLRE1B"
"WGCNA_brown","RPN2"
"WGCNA_brown","STBD1"
"WGCNA_brown","CYP20A1"
"WGCNA_brown","FKBP15"
"WGCNA_brown","TRIM32"
"WGCNA_brown","NEK6"
"WGCNA_brown","MAPKAP1"
"WGCNA_brown","INVS"
"WGCNA_brown","DCAF4"
"WGCNA_brown","IRF2BPL"
"WGCNA_brown","ACOT2"
"WGCNA_brown","AREL1"
"WGCNA_brown","TTLL5"
"WGCNA_brown","DLST"
"WGCNA_brown","EIF2B2"
"WGCNA_brown","NRDE2"
"WGCNA_brown","COQ6"
"WGCNA_brown","GPR75"
"WGCNA_brown","IFIT3"
"WGCNA_brown","TCTN3"
"WGCNA_brown","ARMH3"
"WGCNA_brown","GOT1"
"WGCNA_brown","CPN1"
"WGCNA_brown","KANSL1"
"WGCNA_brown","PCDHB12"
"WGCNA_brown","TCP1"
"WGCNA_brown","SNX19"
"WGCNA_brown","TEX11"
"WGCNA_brown","CCDC77"
"WGCNA_brown","TGFBI"
"WGCNA_brown","FAM53C"
"WGCNA_brown","KDM3B"
"WGCNA_brown","UTP20"
"WGCNA_brown","ADRA1A"
"WGCNA_brown","EPHX2"
"WGCNA_brown","UBIAD1"
"WGCNA_brown","NCAPH"
"WGCNA_brown","TMEM131L"
"WGCNA_brown","ABCC11"
"WGCNA_brown","PLBD1"
"WGCNA_brown","IAPP"
"WGCNA_brown","RGSL1"
"WGCNA_brown","CAT"
"WGCNA_brown","ZSCAN20"
"WGCNA_brown","CLCC1"
"WGCNA_brown","PLG"
"WGCNA_brown","PRXL2A"
"WGCNA_brown","PMS2"
"WGCNA_brown","FKBP9"
"WGCNA_brown","MRM2"
"WGCNA_brown","ACO1"
"WGCNA_brown","KIAA1549"
"WGCNA_brown","ZWINT"
"WGCNA_brown","ACOT9"
"WGCNA_brown","PRDX4"
"WGCNA_brown","ATP7B"
"WGCNA_brown","OPTN"
"WGCNA_brown","SPATS2"
"WGCNA_brown","ORMDL2"
"WGCNA_brown","TUBA1B"
"WGCNA_brown","KBTBD4"
"WGCNA_brown","SLC36A1"
"WGCNA_brown","AGO2"
"WGCNA_brown","MOGAT1"
"WGCNA_brown","TTPAL"
"WGCNA_brown","PIGT"
"WGCNA_brown","ZNFX1"
"WGCNA_brown","PEPD"
"WGCNA_brown","XPO5"
"WGCNA_brown","AHNAK"
"WGCNA_brown","EMC3"
"WGCNA_brown","SEPTIN6"
"WGCNA_brown","MRPS7"
"WGCNA_brown","GRIA3"
"WGCNA_brown","C3"
"WGCNA_brown","DTD1"
"WGCNA_brown","STK35"
"WGCNA_brown","TBC1D20"
"WGCNA_brown","PSMB2"
"WGCNA_brown","IGFLR1"
"WGCNA_brown","NR1D1"
"WGCNA_brown","BECN1"
"WGCNA_brown","ELK1"
"WGCNA_brown","ZC4H2"
"WGCNA_brown","MASP1"
"WGCNA_brown","EMC1"
"WGCNA_brown","UBR4"
"WGCNA_brown","SLC35E1"
"WGCNA_brown","MACF1"
"WGCNA_brown","METTL16"
"WGCNA_brown","ZNF835"
"WGCNA_brown","AKAP9"
"WGCNA_brown","HIP1"
"WGCNA_brown","RFPL3"
"WGCNA_brown","IFT22"
"WGCNA_brown","CGNL1"
"WGCNA_brown","INO80"
"WGCNA_brown","IVD"
"WGCNA_brown","CALML4"
"WGCNA_brown","E2F8"
"WGCNA_brown","PIMREG"
"WGCNA_brown","BCL2L2"
"WGCNA_brown","AJUBA"
"WGCNA_brown","PARP2"
"WGCNA_brown","TTI2"
"WGCNA_brown","LBP"
"WGCNA_brown","GNL3L"
"WGCNA_brown","SH3BP4"
"WGCNA_brown","ACE2"
"WGCNA_brown","SNX9"
"WGCNA_brown","NDUFA10"
"WGCNA_brown","CAMSAP1"
"WGCNA_brown","CYP2E1"
"WGCNA_brown","ZNF317"
"WGCNA_brown","ZNF426"
"WGCNA_brown","MPP1"
"WGCNA_brown","UBE4B"
"WGCNA_brown","ULBP2"
"WGCNA_brown","ULBP3"
"WGCNA_brown","AAR2"
"WGCNA_brown","ACSS2"
"WGCNA_brown","EDA2R"
"WGCNA_brown","ARHGEF9"
"WGCNA_brown","GINS2"
"WGCNA_brown","CAP1"
"WGCNA_brown","RAB11FIP4"
"WGCNA_brown","TRAF3"
"WGCNA_brown","ADGRE3"
"WGCNA_brown","HACL1"
"WGCNA_brown","RFTN1"
"WGCNA_brown","C3ORF20"
"WGCNA_brown","GALNT15"
"WGCNA_brown","PSME3"
"WGCNA_brown","ACLY"
"WGCNA_brown","VPS25"
"WGCNA_brown","DIAPH1"
"WGCNA_brown","EXOC4"
"WGCNA_brown","ANO1"
"WGCNA_brown","KHDRBS3"
"WGCNA_brown","CHD1L"
"WGCNA_brown","ZNF132"
"WGCNA_brown","C19ORF12"
"WGCNA_brown","FAAP24"
"WGCNA_brown","TRIM21"
"WGCNA_brown","RAF1"
"WGCNA_brown","IMMT"
"WGCNA_brown","RPA1"
"WGCNA_brown","SERPINF1"
"WGCNA_brown","TBC1D14"
"WGCNA_brown","LANCL2"
"WGCNA_brown","DDC"
"WGCNA_brown","MATN2"
"WGCNA_brown","SDF2"
"WGCNA_brown","TERF2"
"WGCNA_brown","PTPRA"
"WGCNA_brown","DAP3"
"WGCNA_brown","APCS"
"WGCNA_brown","MMACHC"
"WGCNA_brown","BHMT2"
"WGCNA_brown","KANK4"
"WGCNA_brown","SLC14A2"
"WGCNA_brown","ATP8A2"
"WGCNA_brown","WASF3"
"WGCNA_brown","MYH10"
"WGCNA_brown","SCO1"
"WGCNA_brown","SLC41A1"
"WGCNA_brown","EPSTI1"
"WGCNA_brown","MORC4"
"WGCNA_brown","EPHB2"
"WGCNA_brown","CNDP2"
"WGCNA_brown","LARGE1"
"WGCNA_brown","SBF2"
"WGCNA_brown","MICAL2"
"WGCNA_brown","ERG28"
"WGCNA_brown","ELP3"
"WGCNA_brown","ADAMDEC1"
"WGCNA_brown","IRAK2"
"WGCNA_brown","VHL"
"WGCNA_brown","BHLHE40"
"WGCNA_brown","HMGCS2"
"WGCNA_brown","PTGFRN"
"WGCNA_brown","ARF3"
"WGCNA_brown","TMEM106C"
"WGCNA_brown","IL2RA"
"WGCNA_brown","ECHDC3"
"WGCNA_brown","SLC35D4"
"WGCNA_brown","KCTD1"
"WGCNA_brown","CABLES1"
"WGCNA_brown","GNL2"
"WGCNA_brown","APLNR"
"WGCNA_brown","FADS2"
"WGCNA_brown","UBAC2"
"WGCNA_brown","POGLUT2"
"WGCNA_brown","STT3A"
"WGCNA_brown","GOLM1"
"WGCNA_brown","OASL"
"WGCNA_brown","P2RX4"
"WGCNA_brown","TRAFD1"
"WGCNA_brown","OCM2"
"WGCNA_brown","HILPDA"
"WGCNA_brown","GLS2"
"WGCNA_brown","TSPAN31"
"WGCNA_brown","ZC3H10"
"WGCNA_brown","PRADC1"
"WGCNA_brown","SEMA4F"
"WGCNA_brown","CCT7"
"WGCNA_brown","BCO1"
"WGCNA_brown","URB2"
"WGCNA_brown","TAF5L"
"WGCNA_brown","GLUL"
"WGCNA_brown","LAMC1"
"WGCNA_brown","TTLL4"
"WGCNA_brown","ITM2C"
"WGCNA_brown","TMBIM1"
"WGCNA_brown","EIF4E2"
"WGCNA_brown","TMEM127"
"WGCNA_brown","TGFBRAP1"
"WGCNA_brown","APPL2"
"WGCNA_brown","RPL13AP25"
"WGCNA_brown","TNS3"
"WGCNA_brown","ZDHHC4"
"WGCNA_brown","CIDEB"
"WGCNA_brown","TEX2"
"WGCNA_brown","DCAF7"
"WGCNA_brown","KAT7"
"WGCNA_brown","HS6ST1"
"WGCNA_brown","UGGT1"
"WGCNA_brown","DNAJC1"
"WGCNA_brown","LRRC8A"
"WGCNA_brown","RALGPS1"
"WGCNA_brown","CDK5RAP2"
"WGCNA_brown","TLR4"
"WGCNA_brown","ALDOB"
"WGCNA_brown","CTSV"
"WGCNA_brown","ALDH1B1"
"WGCNA_brown","IGFBPL1"
"WGCNA_brown","PPIL1"
"WGCNA_brown","GMPR"
"WGCNA_brown","CMTR1"
"WGCNA_brown","CAPN11"
"WGCNA_brown","TRIM10"
"WGCNA_brown","TAF8"
"WGCNA_brown","FGFBP2"
"WGCNA_brown","SLCO2B1"
"WGCNA_brown","PRCP"
"WGCNA_brown","RNF121"
"WGCNA_brown","MRPL15"
"WGCNA_brown","SLC37A4"
"WGCNA_brown","RMDN3"
"WGCNA_brown","BCAR3"
"WGCNA_brown","CENPO"
"WGCNA_brown","ASCC1"
"WGCNA_brown","PLA2G12B"
"WGCNA_brown","ATIC"
"WGCNA_brown","SMARCAL1"
"WGCNA_brown","PARP16"
"WGCNA_brown","SHROOM3"
"WGCNA_brown","HADH"
"WGCNA_brown","GUCD1"
"WGCNA_brown","RNF185"
"WGCNA_brown","C1RL"
"WGCNA_brown","PEX5"
"WGCNA_brown","INHBE"
"WGCNA_brown","SLC7A1"
"WGCNA_brown","RDH16"
"WGCNA_brown","ESYT1"
"WGCNA_brown","ZNF740"
"WGCNA_brown","RTN1"
"WGCNA_brown","ADAM21"
"WGCNA_brown","MFAP1"
"WGCNA_brown","SORD"
"WGCNA_brown","PCSK6"
"WGCNA_brown","CYP1A2"
"WGCNA_brown","RHCG"
"WGCNA_brown","ABHD2"
"WGCNA_brown","EFL1"
"WGCNA_brown","GLYR1"
"WGCNA_brown","PMM2"
"WGCNA_brown","PARN"
"WGCNA_brown","FTO"
"WGCNA_brown","UQCRC2"
"WGCNA_brown","MYLK3"
"WGCNA_brown","MARVELD3"
"WGCNA_brown","MBTPS1"
"WGCNA_brown","MEAK7"
"WGCNA_brown","ZSCAN32"
"WGCNA_brown","PDPK1"
"WGCNA_brown","UTP4"
"WGCNA_brown","NOB1"
"WGCNA_brown","SSH2"
"WGCNA_brown","ARSG"
"WGCNA_brown","BCAS3"
"WGCNA_brown","AFG3L2"
"WGCNA_brown","MEP1B"
"WGCNA_brown","EIF4A3"
"WGCNA_brown","WDR45B"
"WGCNA_brown","APP"
"WGCNA_brown","URB1"
"WGCNA_brown","NLRP12"
"WGCNA_brown","SLC47A1"
"WGCNA_brown","ZNF473"
"WGCNA_brown","PGD"
"WGCNA_brown","NBPF3"
"WGCNA_brown","SYPL2"
"WGCNA_brown","SLC44A3"
"WGCNA_brown","IGSF3"
"WGCNA_brown","ALDH9A1"
"WGCNA_brown","GPA33"
"WGCNA_brown","SDHC"
"WGCNA_brown","ISG20L2"
"WGCNA_brown","TUFT1"
"WGCNA_brown","RFX5"
"WGCNA_brown","CERS2"
"WGCNA_brown","EIF2D"
"WGCNA_brown","TPM3"
"WGCNA_brown","UBAP2L"
"WGCNA_brown","SLC39A1"
"WGCNA_brown","CREB3L4"
"WGCNA_brown","ILF2"
"WGCNA_brown","GALNT2"
"WGCNA_brown","PARP1"
"WGCNA_brown","PSEN2"
"WGCNA_brown","PDIA6"
"WGCNA_brown","GALM"
"WGCNA_brown","ABCG8"
"WGCNA_brown","CIAO1"
"WGCNA_brown","SNRNP200"
"WGCNA_brown","EXOC6B"
"WGCNA_brown","TEX261"
"WGCNA_brown","MALL"
"WGCNA_brown","TMEM177"
"WGCNA_brown","POLR2D"
"WGCNA_brown","SUMF1"
"WGCNA_brown","ACKR3"
"WGCNA_brown","FANCD2"
"WGCNA_brown","RETREG2"
"WGCNA_brown","ACKR2"
"WGCNA_brown","GASK1A"
"WGCNA_brown","LRIG1"
"WGCNA_brown","LIMD1"
"WGCNA_brown","TCTA"
"WGCNA_brown","DCAF1"
"WGCNA_brown","AHSG"
"WGCNA_brown","GC"
"WGCNA_brown","ADAMTS16"
"WGCNA_brown","FARS2"
"WGCNA_brown","GFOD1"
"WGCNA_brown","DAAM2"
"WGCNA_brown","GNA12"
"WGCNA_brown","MDH2"
"WGCNA_brown","ATXN7L1"
"WGCNA_brown","ZC3HAV1L"
"WGCNA_brown","TMEM140"
"WGCNA_brown","SHROOM2"
"WGCNA_brown","SH3KBP1"
"WGCNA_brown","MSN"
"WGCNA_brown","CCNB3"
"WGCNA_brown","SLC16A2"
"WGCNA_brown","NONO"
"WGCNA_brown","SNX12"
"WGCNA_brown","PRPS1"
"WGCNA_brown","IGSF1"
"WGCNA_brown","RPL10"
"WGCNA_brown","GINS4"
"WGCNA_brown","DNAJC5B"
"WGCNA_brown","MRPS28"
"WGCNA_brown","ALAD"
"WGCNA_brown","ASTN2"
"WGCNA_brown","WDR31"
"WGCNA_brown","SURF4"
"WGCNA_brown","GPR107"
"WGCNA_brown","FAM171A1"
"WGCNA_brown","PARD3"
"WGCNA_brown","POLR3A"
"WGCNA_brown","HABP2"
"WGCNA_brown","ITPRIP"
"WGCNA_brown","CNNM2"
"WGCNA_brown","PAMR1"
"WGCNA_brown","PTPRJ"
"WGCNA_brown","INTS4"
"WGCNA_brown","PAK1"
"WGCNA_brown","NCAM1"
"WGCNA_brown","LAMTOR1"
"WGCNA_brown","KAT14"
"WGCNA_brown","FADS1"
"WGCNA_brown","FEZ1"
"WGCNA_brown","GPHA2"
"WGCNA_brown","SLC22A9"
"WGCNA_brown","MRPL49"
"WGCNA_brown","SLC9D1"
"WGCNA_brown","TIRAP"
"WGCNA_brown","CNDP1"
"WGCNA_brown","CCT5"
"WGCNA_brown","DOCK1"
"WGCNA_brown","RILPL2"
"WGCNA_brown","UBC"
"WGCNA_brown","NOCT"
"WGCNA_brown","DCP1B"
"WGCNA_brown","UBE3B"
"WGCNA_brown","MAT1A"
"WGCNA_brown","EXT2"
"WGCNA_brown","VIPAS39"
"WGCNA_brown","CDC123"
"WGCNA_brown","ACAD8"
"WGCNA_brown","NCAPD3"
"WGCNA_brown","AKR1C2"
"WGCNA_brown","ITIH2"
"WGCNA_brown","INPP1"
"WGCNA_brown","TMEM45B"
"WGCNA_brown","NBAS"
"WGCNA_brown","PABPC3"
"WGCNA_brown","AP1S3"
"WGCNA_brown","FAM168B"
"WGCNA_brown","MGAT5"
"WGCNA_brown","ATP5F1A"
"WGCNA_brown","TGOLN2"
"WGCNA_brown","PFKM"
"WGCNA_brown","PELO"
"WGCNA_brown","MR1"
"WGCNA_brown","CDYL"
"WGCNA_brown","TXNDC11"
"WGCNA_brown","ACMSD"
"WGCNA_brown","PLA2R1"
"WGCNA_brown","PID1"
"WGCNA_brown","HS3ST3A1"
"WGCNA_brown","ANKH"
"WGCNA_brown","PRKCA"
"WGCNA_brown","PGCKA1"
"WGCNA_brown","FAM167A"
"WGCNA_brown","PGM5"
"WGCNA_brown","CNTNAP3B"
"WGCNA_brown","PLCL2"
"WGCNA_brown","PIEZO2"
"WGCNA_brown","OXA1L"
"WGCNA_brown","ZKSCAN2"
"WGCNA_brown","PDIA4"
"WGCNA_brown","PPARGC1B"
"WGCNA_brown","ELMO1"
"WGCNA_brown","MIDEAS"
"WGCNA_brown","FAM161B"
"WGCNA_brown","ADAMTSL3"
"WGCNA_brown","SFXN2"
"WGCNA_brown","PTDSS1"
"WGCNA_brown","EEF1A1"
"WGCNA_brown","UBE2L6"
"WGCNA_brown","ZDHHC5"
"WGCNA_brown","UTP14A"
"WGCNA_brown","AIFM1"
"WGCNA_brown","ZNF689"
"WGCNA_brown","SLC6A1"
"WGCNA_brown","NRG1"
"WGCNA_brown","CPT2"
"WGCNA_brown","MYO1E"
"WGCNA_brown","SLC35B2"
"WGCNA_brown","MX1"
"WGCNA_brown","C2CD2"
"WGCNA_brown","TMEM268"
"WGCNA_brown","AGAP1"
"WGCNA_brown","PAFAH2"
"WGCNA_brown","XDH"
"WGCNA_brown","EYA3"
"WGCNA_brown","FANCC"
"WGCNA_brown","MRAS"
"WGCNA_brown","RHBDL2"
"WGCNA_brown","H4C8"
"WGCNA_brown","KCNB1"
"WGCNA_brown","B4GALT5"
"WGCNA_brown","CD1A"
"WGCNA_brown","TMED4"
"WGCNA_brown","COPG2"
"WGCNA_brown","TAGLN2"
"WGCNA_brown","NDUFS2"
"WGCNA_brown","TOMM40L"
"WGCNA_brown","EPB41"
"WGCNA_brown","IFNAR2"
"WGCNA_brown","IFNGR2"
"WGCNA_brown","GART"
"WGCNA_brown","UBE2Z"
"WGCNA_brown","HLCS"
"WGCNA_brown","GOLGA6A"
"WGCNA_brown","PADI4"
"WGCNA_brown","CYB5R1"
"WGCNA_brown","AMFR"
"WGCNA_brown","FAM131B"
"WGCNA_brown","PSKH1"
"WGCNA_brown","CCDC117"
"WGCNA_brown","ZNF221"
"WGCNA_brown","ARHGAP35"
"WGCNA_brown","FNDC5"
"WGCNA_brown","ABCG1"
"WGCNA_brown","TRAPPC10"
"WGCNA_brown","ZNF208"
"WGCNA_brown","SIK3"
"WGCNA_brown","VPS11"
"WGCNA_brown","ADAR"
"WGCNA_brown","IL6R"
"WGCNA_brown","ANO10"
"WGCNA_brown","SLC25A44"
"WGCNA_brown","PSMC2"
"WGCNA_brown","PCYT1A"
"WGCNA_brown","FBXO27"
"WGCNA_brown","CD300LG"
"WGCNA_brown","ALOX15"
"WGCNA_brown","BCL6B"
"WGCNA_brown","NTN3"
"WGCNA_brown","NEU3"
"WGCNA_brown","TTC9C"
"WGCNA_brown","PARS2"
"WGCNA_brown","UBXN10"
"WGCNA_brown","TRIM58"
"WGCNA_brown","NCSTN"
"WGCNA_brown","BPNT1"
"WGCNA_brown","KIF26B"
"WGCNA_brown","B3GALNT2"
"WGCNA_brown","PIGR"
"WGCNA_brown","FCAMR"
"WGCNA_brown","RPRD2"
"WGCNA_brown","IWS1"
"WGCNA_brown","BMP10"
"WGCNA_brown","ATP1A1"
"WGCNA_brown","TMEM169"
"WGCNA_brown","CCT3"
"WGCNA_brown","CHCHD4"
"WGCNA_brown","SUCLG1"
"WGCNA_brown","ADAMTS9"
"WGCNA_brown","ABHD6"
"WGCNA_brown","CPA3"
"WGCNA_brown","ZDHHC3"
"WGCNA_brown","CLEC3B"
"WGCNA_brown","FYCO1"
"WGCNA_brown","SMIM12"
"WGCNA_brown","RPN1"
"WGCNA_brown","SFMBT1"
"WGCNA_brown","EXO5"
"WGCNA_brown","CLDN19"
"WGCNA_brown","CDC25A"
"WGCNA_brown","CCDC51"
"WGCNA_brown","APEH"
"WGCNA_brown","RAD54L2"
"WGCNA_brown","ETNPPL"
"WGCNA_brown","FHIP1A"
"WGCNA_brown","EGFLAM"
"WGCNA_brown","CCDC127"
"WGCNA_brown","SEPTIN8"
"WGCNA_brown","ANKRD55"
"WGCNA_brown","TBX20"
"WGCNA_brown","GALNT10"
"WGCNA_brown","LMTK2"
"WGCNA_brown","ADCY1"
"WGCNA_brown","SPIDR"
"WGCNA_brown","FMC1"
"WGCNA_brown","DCSTAMP"
"WGCNA_brown","FREM1"
"WGCNA_brown","MYORG"
"WGCNA_brown","UBAP1"
"WGCNA_brown","HGSNAT"
"WGCNA_brown","PGAP4"
"WGCNA_brown","AQP3"
"WGCNA_brown","VCP"
"WGCNA_brown","PIGO"
"WGCNA_brown","STOML2"
"WGCNA_brown","MELK"
"WGCNA_brown","MARCHF8"
"WGCNA_brown","ZCCHC24"
"WGCNA_brown","CRYL1"
"WGCNA_brown","BEND7"
"WGCNA_brown","TAF3"
"WGCNA_brown","VSTM4"
"WGCNA_brown","NSD1"
"WGCNA_brown","CLEC1B"
"WGCNA_brown","BORCS5"
"WGCNA_brown","BMS1"
"WGCNA_brown","NDRG2"
"WGCNA_brown","ZFYVE1"
"WGCNA_brown","TTC7B"
"WGCNA_brown","MOAP1"
"WGCNA_brown","R3HCC1L"
"WGCNA_brown","AMOTL1"
"WGCNA_brown","HTRA1"
"WGCNA_brown","LIPC"
"WGCNA_brown","GPT2"
"WGCNA_brown","HIF1AN"
"WGCNA_brown","NOLC1"
"WGCNA_brown","SGPL1"
"WGCNA_brown","WBP1L"
"WGCNA_brown","TPP1"
"WGCNA_brown","USP54"
"WGCNA_brown","ATP9B"
"WGCNA_brown","PPFIBP2"
"WGCNA_brown","CYB5R2"
"WGCNA_brown","TUB"
"WGCNA_brown","XRRA1"
"WGCNA_brown","CENPN"
"WGCNA_brown","LEO1"
"WGCNA_brown","TK2"
"WGCNA_brown","HSP90B1"
"WGCNA_brown","DCTN5"
"WGCNA_brown","ZBTB39"
"WGCNA_brown","MYO1A"
"WGCNA_brown","PIP4K2C"
"WGCNA_brown","DIS3L"
"WGCNA_brown","CCNDBP1"
"WGCNA_brown","MARS1"
"WGCNA_brown","PDIA3"
"WGCNA_brown","DUSP18"
"WGCNA_brown","TEF"
"WGCNA_brown","PHB1"
"WGCNA_brown","UGT1A6"
"WGCNA_brown","TBC1D2B"
"WGCNA_brown","CDK12"
"WGCNA_brown","MYO5B"
"WGCNA_brown","TRIM68"
"WGCNA_brown","SMG8"
"WGCNA_brown","RAB8A"
"WGCNA_brown","TUBA1C"
"WGCNA_brown","GPD1"
"WGCNA_brown","TSR1"
"WGCNA_brown","DDB1"
"WGCNA_brown","BSCL2"
"WGCNA_brown","C2CD3"
"WGCNA_brown","TRANK1"
"WGCNA_brown","FADD"
"WGCNA_brown","SCARA3"
"WGCNA_brown","SCARA5"
"WGCNA_brown","ACOX2"
"WGCNA_brown","POLR3D"
"WGCNA_brown","FEN1"
"WGCNA_brown","SLC20A2"
"WGCNA_brown","STAT3"
"WGCNA_brown","ABHD15"
"WGCNA_brown","CHTF8"
"WGCNA_brown","C2ORF68"
"WGCNA_brown","VCX3A"
"WGCNA_brown","DHRSX"
"WGCNA_brown","FAM110B"
"WGCNA_brown","PRELID1"
"WGCNA_brown","SNUPN"
"WGCNA_brown","CRADD"
"WGCNA_brown","RNASE2"
"WGCNA_brown","PTPN9"
"WGCNA_brown","PCBP1"
"WGCNA_brown","RAMAC"
"WGCNA_brown","LUZP1"
"WGCNA_brown","HNRNPF"
"WGCNA_brown","BTD"
"WGCNA_brown","ONECUT1"
"WGCNA_brown","TRIM56"
"WGCNA_brown","TPST1"
"WGCNA_brown","OTUD7A"
"WGCNA_brown","KLF13"
"WGCNA_brown","SERPINA6"
"WGCNA_brown","SIK2"
"WGCNA_brown","MRAP"
"WGCNA_brown","GLB1"
"WGCNA_brown","FAXDC2"
"WGCNA_brown","CRTAP"
"WGCNA_brown","GABARAP"
"WGCNA_brown","UBB"
"WGCNA_brown","ADORA2B"
"WGCNA_brown","SLC23A1"
"WGCNA_brown","SMAGP"
"WGCNA_brown","HSPA4"
"WGCNA_brown","ZNF16"
"WGCNA_brown","POLH"
"WGCNA_brown","SYT9"
"WGCNA_brown","GPR37"
"WGCNA_brown","AKAP13"
"WGCNA_brown","USP32"
"WGCNA_brown","TANC2"
"WGCNA_brown","LRRC8E"
"WGCNA_brown","PRKCE"
"WGCNA_brown","PGAM1"
"WGCNA_brown","WIPF2"
"WGCNA_brown","ETFDH"
"WGCNA_brown","MAP6"
"WGCNA_brown","FGA"
"WGCNA_brown","CTPS1"
"WGCNA_brown","ANGPTL7"
"WGCNA_brown","FBXL14"
"WGCNA_brown","EXOSC10"
"WGCNA_brown","NINJ2"
"WGCNA_brown","RNASEH1"
"WGCNA_brown","CYP4F11"
"WGCNA_brown","ORMDL3"
"WGCNA_brown","NME6"
"WGCNA_brown","CEBPB"
"WGCNA_brown","DPAGT1"
"WGCNA_brown","CLP1"
"WGCNA_brown","FGGY"
"WGCNA_brown","RND1"
"WGCNA_brown","TMEM217"
"WGCNA_brown","PDP2"
"WGCNA_brown","DHCR7"
"WGCNA_brown","MYD88"
"WGCNA_brown","TADA2B"
"WGCNA_brown","MTX1"
"WGCNA_brown","MAB21L3"
"WGCNA_brown","VANGL1"
"WGCNA_brown","GOLGB1"
"WGCNA_brown","NDNF"
"WGCNA_brown","DAG1"
"WGCNA_brown","SMARCC1"
"WGCNA_brown","ZNF417"
"WGCNA_brown","PTPRM"
"WGCNA_brown","PEAK1"
"WGCNA_brown","TNFRSF10D"
"WGCNA_brown","TNFRSF10C"
"WGCNA_brown","ZNF622"
"WGCNA_brown","CHD2"
"WGCNA_brown","PSMD1"
"WGCNA_brown","MUC13"
"WGCNA_brown","STAT5B"
"WGCNA_brown","RNF213"
"WGCNA_brown","SELP"
"WGCNA_brown","PIGG"
"WGCNA_brown","PRPF8"
"WGCNA_brown","ZHX3"
"WGCNA_brown","EXO1"
"WGCNA_brown","ATP2A2"
"WGCNA_brown","RPL4"
"WGCNA_brown","ANKRD36C"
"WGCNA_brown","FBXW8"
"WGCNA_brown","SLC22A1"
"WGCNA_brown","MRPS22"
"WGCNA_brown","PSMD2"
"WGCNA_brown","INHBC"
"WGCNA_brown","CTDSP2"
"WGCNA_brown","CKAP5"
"WGCNA_brown","DOLK"
"WGCNA_brown","ANKS4B"
"WGCNA_brown","NRIP3"
"WGCNA_brown","LONRF3"
"WGCNA_brown","P2RY2"
"WGCNA_brown","ERCC6L2-AS1"
"WGCNA_brown","ZNF77"
"WGCNA_brown","TTLL11"
"WGCNA_brown","RUVBL1"
"WGCNA_brown","A2M"
"WGCNA_brown","LINC02880"
"WGCNA_brown","UNC119B"
"WGCNA_brown","TCP11L1"
"WGCNA_brown","ACBD7"
"WGCNA_brown","ZSCAN2"
"WGCNA_brown","CDC26"
"WGCNA_brown","SYNE3"
"WGCNA_brown","NCKAP5"
"WGCNA_brown","TYMS"
"WGCNA_brown","ANKLE2"
"WGCNA_brown","FMR1NB"
"WGCNA_brown","SMCR8"
"WGCNA_brown","ACER2"
"WGCNA_brown","ZFAS1"
"WGCNA_brown","ERICH5"
"WGCNA_brown","ACOT4"
"WGCNA_brown","C18ORF32"
"WGCNA_brown","HASPIN"
"WGCNA_brown","GBA1"
"WGCNA_brown","FLJ32255"
"WGCNA_brown","ZNF619"
"WGCNA_brown","GRB2"
"WGCNA_brown","ASB8"
"WGCNA_brown","IMPDH2"
"WGCNA_brown","GALNT11"
"WGCNA_brown","PLEKHM3"
"WGCNA_brown","DNAJC22"
"WGCNA_brown","GLDC"
"WGCNA_brown","KLHL11"
"WGCNA_brown","SLC25A20"
"WGCNA_brown","CPN2"
"WGCNA_brown","CD300LB"
"WGCNA_brown","ZNF852"
"WGCNA_brown","ZNF552"
"WGCNA_brown","CYC1"
"WGCNA_brown","MAGED1"
"WGCNA_brown","GVQW3"
"WGCNA_brown","WSCD1"
"WGCNA_brown","HLA-DQB1"
"WGCNA_brown","GCC1"
"WGCNA_brown","APOBEC3B"
"WGCNA_brown","PIPOX"
"WGCNA_brown","PDXDC1"
"WGCNA_brown","ITLN1"
"WGCNA_brown","RCC1"
"WGCNA_brown","OAZ2"
"WGCNA_brown","ZNF609"
"WGCNA_brown","HARBI1"
"WGCNA_brown","CYP8B1"
"WGCNA_brown","EIF2S3B"
"WGCNA_brown","SSTR2"
"WGCNA_brown","ARSJ"
"WGCNA_brown","ZNF792"
"WGCNA_brown","LRRC57"
"WGCNA_brown","PJA1"
"WGCNA_brown","CCL13"
"WGCNA_brown","SETD2"
"WGCNA_brown","MRPS23"
"WGCNA_brown","TNFSF15"
"WGCNA_brown","ZBTB20"
"WGCNA_brown","AMIGO1"
"WGCNA_brown","COPG1"
"WGCNA_brown","RELL1"
"WGCNA_brown","RNF41"
"WGCNA_brown","SLC2A4"
"WGCNA_brown","ZNF329"
"WGCNA_brown","PRKAG1"
"WGCNA_brown","GINS3"
"WGCNA_brown","PNMA8A"
"WGCNA_brown","CHST15"
"WGCNA_brown","TDRKH"
"WGCNA_brown","IST1"
"WGCNA_brown","EXT1"
"WGCNA_brown","SHMT2"
"WGCNA_brown","CYB5D1"
"WGCNA_brown","SYNM"
"WGCNA_brown","C8ORF33"
"WGCNA_brown","ZSCAN22"
"WGCNA_brown","C1S"
"WGCNA_brown","KIAA2012"
"WGCNA_brown","CLN8"
"WGCNA_brown","KPNA2"
"WGCNA_brown","MXRA7"
"WGCNA_brown","NGRN"
"WGCNA_brown","GRID1"
"WGCNA_brown","CCDC87"
"WGCNA_brown","SRPRA"
"WGCNA_brown","CAMK1D"
"WGCNA_brown","ARHGEF37"
"WGCNA_brown","RABIF"
"WGCNA_brown","HSP90AB3P"
"WGCNA_brown","PTTG1IP"
"WGCNA_brown","TUBB"
"WGCNA_brown","BCOR"
"WGCNA_brown","RIPK4"
"WGCNA_brown","SF3A3"
"WGCNA_brown","PRR14L"
"WGCNA_brown","ZNF438"
"WGCNA_brown","CCR3"
"WGCNA_brown","CMTM4"
"WGCNA_brown","CCR4"
"WGCNA_brown","BTBD9"
"WGCNA_brown","LRRC55"
"WGCNA_brown","TMPRSS2"
"WGCNA_brown","DENND5A"
"WGCNA_brown","DIABLO"
"WGCNA_brown","EIF3C"
"WGCNA_brown","NIPSNAP1"
"WGCNA_brown","SCFD2"
"WGCNA_brown","KCNJ12"
"WGCNA_brown","ACOT1"
"WGCNA_brown","NCMAP"
"WGCNA_brown","FOXO4"
"WGCNA_brown","NEU1"
"WGCNA_brown","KRABD2"
"WGCNA_brown","AMER1"
"WGCNA_brown","TMED9"
"WGCNA_brown","USP18"
"WGCNA_brown","SGCZ"
"WGCNA_brown","UFD1-AS1"
"WGCNA_brown","MANEAL"
"WGCNA_brown","FAF1"
"WGCNA_brown","NOMO2"
"WGCNA_brown","ZNF445"
"WGCNA_brown","PRKN"
"WGCNA_brown","SMYD3"
"WGCNA_brown","KPNA7"
"WGCNA_brown","SV2B"
"WGCNA_brown","UBE2L3"
"WGCNA_brown","PMEL"
"WGCNA_brown","DRG1"
"WGCNA_brown","ANKFY1"
"WGCNA_brown","NAT8L"
"WGCNA_brown","BCAP31"
"WGCNA_brown","AK2P1"
"WGCNA_brown","POMK"
"WGCNA_brown","KLHL34"
"WGCNA_brown","TMLHE"
"WGCNA_brown","LRCH3"
"WGCNA_brown","AGBL4"
"WGCNA_brown","POLR3C"
"WGCNA_brown","WWOX"
"WGCNA_brown","SLC51B"
"WGCNA_brown","SOWAHB"
"WGCNA_brown","ZNF749"
"WGCNA_brown","KDM4D"
"WGCNA_brown","BACE1"
"WGCNA_brown","SMYD4"
"WGCNA_brown","GPATCH8"
"WGCNA_brown","KTN1-AS1"
"WGCNA_brown","KIF24"
"WGCNA_brown","ZNF397"
"WGCNA_brown","SERPINA11"
"WGCNA_brown","EFCAB6"
"WGCNA_brown","GPR141"
"WGCNA_brown","AKR1C1"
"WGCNA_brown","CIDEC"
"WGCNA_brown","NHLRC1"
"WGCNA_brown","ZKSCAN4"
"WGCNA_brown","KRT18P59"
"WGCNA_brown","THSD4"
"WGCNA_brown","NHEJ1"
"WGCNA_brown","MEIS3P2"
"WGCNA_brown","ZNF490"
"WGCNA_brown","TMPPE"
"WGCNA_brown","NCR3LG1"
"WGCNA_brown","ZNF669"
"WGCNA_brown","CENPP"
"WGCNA_brown","FOCAD"
"WGCNA_brown","SERPINA5"
"WGCNA_brown","RALGAPA2"
"WGCNA_brown","RTL6"
"WGCNA_brown","CYP51A1-AS1"
"WGCNA_brown","ZDHHC9"
"WGCNA_brown","MTF1"
"WGCNA_brown","TRMT2B"
"WGCNA_brown","FAM120AOS"
"WGCNA_brown","KCTD21"
"WGCNA_brown","H1-0"
"WGCNA_brown","SF3B3"
"WGCNA_brown","ZNF573"
"WGCNA_brown","NUGGC"
"WGCNA_brown","ZFP92"
"WGCNA_brown","PAX5"
"WGCNA_brown","AKR1C3"
"WGCNA_brown","ZNF79"
"WGCNA_brown","ZNF565"
"WGCNA_brown","TRRAP"
"WGCNA_brown","SRGAP2B"
"WGCNA_brown","ZNF774"
"WGCNA_brown","PTPN1"
"WGCNA_brown","XRCC6"
"WGCNA_brown","XRCC2"
"WGCNA_brown","ZKSCAN5"
"WGCNA_brown","ZFP62"
"WGCNA_brown","GM2A"
"WGCNA_brown","MAML3"
"WGCNA_brown","ILRUN"
"WGCNA_brown","SRGAP1"
"WGCNA_brown","NOP9"
"WGCNA_brown","ZNF398"
"WGCNA_brown","ZSCAN25"
"WGCNA_brown","ANXA6"
"WGCNA_brown","SIGLEC15"
"WGCNA_brown","KIAA1671"
"WGCNA_brown","IGF2R"
"WGCNA_brown","DYNC1H1"
"WGCNA_brown","SND1"
"WGCNA_brown","SERPINA1"
"WGCNA_brown","SVIL"
"WGCNA_brown","FBXL22"
"WGCNA_brown","CYP2B6"
"WGCNA_brown","IPP"
"WGCNA_brown","GSTK1"
"WGCNA_brown","FAM177B"
"WGCNA_brown","ATG7"
"WGCNA_brown","SIPA1L1"
"WGCNA_brown","CDC42SE1"
"WGCNA_brown","DNAH10"
"WGCNA_brown","PARVA"
"WGCNA_brown","PSAP"
"WGCNA_brown","TXNRD3"
"WGCNA_brown","MAP1LC3C"
"WGCNA_brown","FAM118B"
"WGCNA_brown","H4C16"
"WGCNA_brown","CYP2A13"
"WGCNA_brown","INKA2"
"WGCNA_brown","H2BC12"
"WGCNA_brown","PLCG2"
"WGCNA_brown","ZNF71"
"WGCNA_brown","MPZL1"
"WGCNA_brown","ENTPD7"
"WGCNA_brown","MB"
"WGCNA_brown","CLEC4C"
"WGCNA_brown","FKBP1C"
"WGCNA_brown","DDX42"
"WGCNA_brown","SLC29A3"
"WGCNA_brown","ZNF587"
"WGCNA_brown","HLA-DRB5"
"WGCNA_brown","CTNND1"
"WGCNA_brown","NUDT16"
"WGCNA_brown","AKR1C4"
"WGCNA_brown","CCDC69"
"WGCNA_brown","C6ORF89"
"WGCNA_brown","IPO9"
"WGCNA_brown","GLMP"
"WGCNA_brown","ECI2"
"WGCNA_brown","UNC13B"
"WGCNA_brown","F5"
"WGCNA_brown","SMURF1"
"WGCNA_brown","GRIN3A"
"WGCNA_brown","MTOR"
"WGCNA_brown","BRINP2"
"WGCNA_brown","PNP"
"WGCNA_brown","CES1"
"WGCNA_brown","FICD"
"WGCNA_brown","RUNDC1"
"WGCNA_brown","TYW1"
"WGCNA_brown","ITPRIPL1"
"WGCNA_brown","PRC1"
"WGCNA_brown","NOS1AP"
"WGCNA_brown","NAGA"
"WGCNA_brown","ARMCX6"
"WGCNA_brown","MIR331"
"WGCNA_brown","RNU6-674P"
"WGCNA_brown","MRPS18B"
"WGCNA_brown","LINC01285"
"WGCNA_brown","CCDC162P"
"WGCNA_brown","HSD3B1"
"WGCNA_brown","ATP1A1-AS1"
"WGCNA_brown","RBM20"
"WGCNA_brown","GIGYF2"
"WGCNA_brown","NHSL2"
"WGCNA_brown","PSMB8"
"WGCNA_brown","NBDY"
"WGCNA_brown","CFB"
"WGCNA_brown","HSPA1L"
"WGCNA_brown","MBD5"
"WGCNA_brown","ABHD16A"
"WGCNA_brown","GPANK1"
"WGCNA_brown","MICB"
"WGCNA_brown","PPP1R11"
"WGCNA_brown","INSYN2B"
"WGCNA_brown","ZNF425"
"WGCNA_brown","LINC00654"
"WGCNA_brown","TMEM256"
"WGCNA_brown","RPS3AP47"
"WGCNA_brown","HCP5"
"WGCNA_brown","RNU6-1189P"
"WGCNA_brown","MIR635"
"WGCNA_brown","MIR621"
"WGCNA_brown","MIR548AA2"
"WGCNA_brown","MIR199A2"
"WGCNA_brown","DIO1"
"WGCNA_brown","TRGV9"
"WGCNA_brown","TRBV9"
"WGCNA_brown","TRBV5-1"
"WGCNA_brown","TRBV19"
"WGCNA_brown","TRBC1"
"WGCNA_brown","TRAV3"
"WGCNA_brown","TRAV12-1"
"WGCNA_brown","TRAV8-2"
"WGCNA_brown","TRAV8-3"
"WGCNA_brown","TRAV12-2"
"WGCNA_brown","TRAV9-2"
"WGCNA_brown","TRAV19"
"WGCNA_brown","TRAV21"
"WGCNA_brown","TRAV26-1"
"WGCNA_brown","IGHV2-26"
"WGCNA_brown","IGHV1-46"
"WGCNA_brown","IGHV1-69"
"WGCNA_brown","RPL17P39"
"WGCNA_brown","LINC02693"
"WGCNA_brown","RPL15P3"
"WGCNA_brown","LOC100130018"
"WGCNA_brown","RPS18P2"
"WGCNA_brown","ERV3-1"
"WGCNA_brown","LAP3P2"
"WGCNA_brown","RPL7AP43"
"WGCNA_brown","RPLP0P6"
"WGCNA_brown","ZBTB9"
"WGCNA_brown","RPL7AP50"
"WGCNA_brown","HEXA"
"WGCNA_brown","SEC14L1P1"
"WGCNA_brown","RPS3AP20"
"WGCNA_brown","ZNF134"
"WGCNA_brown","ZNF888"
"WGCNA_brown","EMP2"
"WGCNA_brown","KRT18P10"
"WGCNA_brown","AZGP1P2"
"WGCNA_brown","RPS15AP1"
"WGCNA_brown","CSKMT"
"WGCNA_brown","RPL13P12"
"WGCNA_brown","GOLGA6B"
"WGCNA_brown","AKR1C7P"
"WGCNA_brown","ASS1P10"
"WGCNA_brown","FAM66B"
"WGCNA_brown","ZNF407"
"WGCNA_brown","EWSR1P1"
"WGCNA_brown","CYB5RL"
"WGCNA_brown","RPL21P69"
"WGCNA_brown","RPL21P28"
"WGCNA_brown","RPL21P119"
"WGCNA_brown","RPL21P16"
"WGCNA_brown","RNU6ATAC6P"
"WGCNA_brown","SLC12A8"
"WGCNA_brown","RNU4-62P"
"WGCNA_brown","RN7SKP177"
"WGCNA_brown","LINC02068"
"WGCNA_brown","LINC00397"
"WGCNA_brown","TMSB4XP4"
"WGCNA_brown","ATXN1L"
"WGCNA_brown","BEND3P2"
"WGCNA_brown","TMEM183BP"
"WGCNA_brown","LINC00863"
"WGCNA_brown","DYNC1I2P1"
"WGCNA_brown","NPM1P39"
"WGCNA_brown","DUTP6"
"WGCNA_brown","RPS8P1"
"WGCNA_brown","RPS15AP17"
"WGCNA_brown","BOLA3-DT"
"WGCNA_brown","MTND1P23"
"WGCNA_brown","SMIM2"
"WGCNA_brown","RPL7P22"
"WGCNA_brown","LINC01108"
"WGCNA_brown","C14ORF132"
"WGCNA_brown","LOC644909"
"WGCNA_brown","LINC02936"
"WGCNA_brown","ACNATP"
"WGCNA_brown","MYO1B-AS1"
"WGCNA_brown","CTSLP1"
"WGCNA_brown","SEC63P1"
"WGCNA_brown","PCMTD1-DT"
"WGCNA_brown","PSMD2P1"
"WGCNA_brown","HNF4A-AS1"
"WGCNA_brown","HSPA8P8"
"WGCNA_brown","EIF4A1P10"
"WGCNA_brown","EPHA1-AS1"
"WGCNA_brown","LINC00242"
"WGCNA_brown","LINC02766"
"WGCNA_brown","ANKRD33BP1"
"WGCNA_brown","LINC01435"
"WGCNA_brown","RPL4P6"
"WGCNA_brown","RPL10P6"
"WGCNA_brown","TRBV5-4"
"WGCNA_brown","ELOVL2-AS1"
"WGCNA_brown","LRRC37A6P"
"WGCNA_brown","SMARCE1P5"
"WGCNA_brown","LOC644456"
"WGCNA_brown","LOC105373411"
"WGCNA_brown","KRT8P10"
"WGCNA_brown","LINC00574"
"WGCNA_brown","PCAT7"
"WGCNA_brown","MTHFD1P1"
"WGCNA_brown","RPS7P3"
"WGCNA_brown","HS1BP3-IT1"
"WGCNA_brown","EP300-AS1"
"WGCNA_brown","CAP1P2"
"WGCNA_brown","GNG12-AS1"
"WGCNA_brown","RPL3P4"
"WGCNA_brown","TRBV29-1"
"WGCNA_brown","LINC01687"
"WGCNA_brown","ERI3-IT1"
"WGCNA_brown","ZNF892"
"WGCNA_brown","RPS15P4"
"WGCNA_brown","LINC01237"
"WGCNA_brown","KRTAP5-AS1"
"WGCNA_brown","LOC107986822"
"WGCNA_brown","GDI2P2"
"WGCNA_brown","HSPA8P1"
"WGCNA_brown","RPL7AP16"
"WGCNA_brown","LINC01426"
"WGCNA_brown","RPL13AP20"
"WGCNA_brown","XRCC6P2"
"WGCNA_brown","EIF4A1P2"
"WGCNA_brown","LOC124907725"
"WGCNA_brown","ID2-AS1"
"WGCNA_brown","BRD3OS"
"WGCNA_brown","LOC100130548"
"WGCNA_brown","LINC01702"
"WGCNA_brown","RPEL1"
"WGCNA_brown","LINC01278"
"WGCNA_brown","LOC100128334"
"WGCNA_brown","LOC100418888"
"WGCNA_brown","LINC03129"
"WGCNA_brown","HNRNPA3P5"
"WGCNA_brown","LINC02815"
"WGCNA_brown","TMEM26-AS1"
"WGCNA_brown","BMS1P10"
"WGCNA_brown","SMG1P1"
"WGCNA_brown","ASS1P12"
"WGCNA_brown","RPSAP15"
"WGCNA_brown","LINC00857"
"WGCNA_brown","TRBV3-1"
"WGCNA_brown","LOC105373390"
"WGCNA_brown","LINC02984"
"WGCNA_brown","LINC02037"
"WGCNA_brown","LOC124900469"
"WGCNA_brown","PCDHA13"
"WGCNA_brown","ADSL"
"WGCNA_brown","NEPRO-AS1"
"WGCNA_brown","ACAD11"
"WGCNA_brown","RPL13P5"
"WGCNA_brown","FOXO3B"
"WGCNA_brown","CAP1P1"
"WGCNA_brown","LINC03014"
"WGCNA_brown","UGT1A9"
"WGCNA_brown","LINC00877"
"WGCNA_brown","CRCP"
"WGCNA_brown","SUCLG2-DT"
"WGCNA_brown","PSMC1P1"
"WGCNA_brown","RPL23AP8"
"WGCNA_brown","UGT1A1"
"WGCNA_brown","SLC5A4-AS1"
"WGCNA_brown","CNTF"
"WGCNA_brown","LINC00870"
"WGCNA_brown","MRPL33"
"WGCNA_brown","PCDHAC2"
"WGCNA_brown","KCTD7"
"WGCNA_brown","HNRNPKP4"
"WGCNA_brown","RTL9"
"WGCNA_brown","DDOST"
"WGCNA_brown","UGT1A7"
"WGCNA_brown","RPL36AP37"
"WGCNA_brown","UGT1A4"
"WGCNA_brown","EEF1A1P45"
"WGCNA_brown","UBE2V1"
"WGCNA_brown","PTCHD4"
"WGCNA_brown","RPL17P7"
"WGCNA_brown","EEF1A1P4"
"WGCNA_brown","USP2-AS1"
"WGCNA_brown","MSANTD2-AS1"
"WGCNA_brown","GNAO1-DT"
"WGCNA_brown","FZD4-DT"
"WGCNA_brown","SORL1-AS1"
"WGCNA_brown","LOC105369147"
"WGCNA_brown","UBL7-DT"
"WGCNA_brown","PRKCH-AS1"
"WGCNA_brown","MARS2"
"WGCNA_brown","NRAV"
"WGCNA_brown","PCDHAC1"
"WGCNA_brown","LINC02432"
"WGCNA_brown","COPB2-DT"
"WGCNA_brown","KRT8P46"
"WGCNA_brown","PCDHA11"
"WGCNA_brown","LINC01093"
"WGCNA_brown","LOC100419045"
"WGCNA_brown","TRGV7"
"WGCNA_brown","USP38-DT"
"WGCNA_brown","LINC02200"
"WGCNA_brown","KLHL2P1"
"WGCNA_brown","KRT8P33"
"WGCNA_brown","ATP6V1E2"
"WGCNA_brown","NTAN1P2"
"WGCNA_brown","REELD1"
"WGCNA_brown","KRT18P54"
"WGCNA_brown","HNRNPKP1"
"WGCNA_brown","LINC01843"
"WGCNA_brown","ALDH7A1P1"
"WGCNA_brown","GTF2IP9"
"WGCNA_brown","PCDHA12"
"WGCNA_brown","RNA5SP154"
"WGCNA_brown","RNU6-1110P"
"WGCNA_brown","RNA5SP82"
"WGCNA_brown","PCDHGA12"
"WGCNA_brown","PCDHGB6"
"WGCNA_brown","C1ORF210"
"WGCNA_brown","PCDHGA5"
"WGCNA_brown","PCDHGA10"
"WGCNA_brown","PCDHGB2"
"WGCNA_brown","PCDHGB4"
"WGCNA_brown","PCDHGB7"
"WGCNA_brown","PCDHGB1"
"WGCNA_brown","PCDHGA3"
"WGCNA_brown","KRT8P3"
"WGCNA_brown","LOC124902752"
"WGCNA_brown","FXYD6-AS1"
"WGCNA_brown","CSNK2A3"
"WGCNA_brown","DNAJB6P1"
"WGCNA_brown","LOC643709"
"WGCNA_brown","GLYATL1-AS1"
"WGCNA_brown","PANK3P1"
"WGCNA_brown","FAM222A-AS1"
"WGCNA_brown","LINC02747"
"WGCNA_brown","PRECSIT"
"WGCNA_brown","TOMM20P2"
"WGCNA_brown","ADGRA3P1"
"WGCNA_brown","PLBD1-AS1"
"WGCNA_brown","HP"
"WGCNA_brown","GATC"
"WGCNA_brown","GALNT4"
"WGCNA_brown","AKIRIN1P1"
"WGCNA_brown","EIF4A1P4"
"WGCNA_brown","R3HDM2-DT"
"WGCNA_brown","BCDIN3D-AS1"
"WGCNA_brown","ZNF578"
"WGCNA_brown","LINC02321"
"WGCNA_brown","LINC00639"
"WGCNA_brown","ITGB3"
"WGCNA_brown","THTPA"
"WGCNA_brown","MAPK6-DT"
"WGCNA_brown","RPL7AP75"
"WGCNA_brown","ZFHX3-AS1"
"WGCNA_brown","AQP7B"
"WGCNA_brown","LOC388248"
"WGCNA_brown","FBXL19-AS1"
"WGCNA_brown","LOC103344931"
"WGCNA_brown","LINC02256"
"WGCNA_brown","TMEM178B"
"WGCNA_brown","PCDHGA9"
"WGCNA_brown","LINC02175"
"WGCNA_brown","PCDHGB3"
"WGCNA_brown","PCDHGA4"
"WGCNA_brown","GTF2I"
"WGCNA_brown","ZNF234"
"WGCNA_brown","ATP5F1AP3"
"WGCNA_brown","RN7SL689P"
"WGCNA_brown","MIR5581"
"WGCNA_brown","GDF2"
"WGCNA_brown","OTUD7B"
"WGCNA_brown","LRRC37A7P"
"WGCNA_brown","RBM8A"
"WGCNA_brown","MIR4664"
"WGCNA_brown","RASSF5"
"WGCNA_brown","UXT-AS1"
"WGCNA_brown","ZNF561-AS1"
"WGCNA_brown","RPL10P15"
"WGCNA_brown","DPY19L3-DT"
"WGCNA_brown","KCNJ2-AS1"
"WGCNA_brown","SMUG1P1"
"WGCNA_brown","S1PR2"
"WGCNA_brown","LINC02987"
"WGCNA_brown","LINC01801"
"WGCNA_brown","VN1R83P"
"WGCNA_brown","LINC02965"
"WGCNA_brown","LOC732229"
"WGCNA_brown","TMEM185A"
"WGCNA_brown","NBPF9"
"WGCNA_brown","SLC25A53"
"WGCNA_brown","MTATP6P2"
"WGCNA_brown","LPP-AS2"
"WGCNA_brown","SMARCE1P7"
"WGCNA_brown","LOC124905564"
"WGCNA_brown","NBPF10"
"WGCNA_brown","LYRM4-AS1"
"WGCNA_brown","FAM47E-STBD1"
"WGCNA_brown","GAS6-DT"
"WGCNA_brown","NBPF26"
"WGCNA_brown","GRIK1-AS3"
"WGCNA_brown","H4C12"
"WGCNA_brown","CYFIP1"
"WGCNA_brown","H2BC8"
"WGCNA_brown","SYNRG"
"WGCNA_brown","CASTOR2"
"WGCNA_brown","SOCS7"
"WGCNA_brown","H3C6"
"WGCNA_brown","ZNF2"
"WGCNA_brown","ACACA"
"WGCNA_brown","LOC102724159"
"WGCNA_brown","CCL15"
"WGCNA_brown","UHRF1"
"WGCNA_brown","PIP4K2B"
"WGCNA_brown","LOC102724877"
"WGCNA_brown","PCDHGB5"
"WGCNA_brown","LOC390332"
"WGCNA_brown","BCLAF1P2"
"WGCNA_yellow","LAS1L"
"WGCNA_yellow","CD99"
"WGCNA_yellow","PDK2"
"WGCNA_yellow","SPATA20"
"WGCNA_yellow","BAIAP2L1"
"WGCNA_yellow","ALDH3B1"
"WGCNA_yellow","FARP2"
"WGCNA_yellow","PAF1"
"WGCNA_yellow","ELAC2"
"WGCNA_yellow","DNAJC11"
"WGCNA_yellow","NADK"
"WGCNA_yellow","CYB561"
"WGCNA_yellow","PLEKHG6"
"WGCNA_yellow","NFIX"
"WGCNA_yellow","MED24"
"WGCNA_yellow","RHOBTB2"
"WGCNA_yellow","MASP2"
"WGCNA_yellow","ETV7"
"WGCNA_yellow","PRSS3"
"WGCNA_yellow","TSPAN9"
"WGCNA_yellow","RNF216"
"WGCNA_yellow","PPP5C"
"WGCNA_yellow","ERCC1"
"WGCNA_yellow","EXTL3"
"WGCNA_yellow","CALCOCO1"
"WGCNA_yellow","PSMC4"
"WGCNA_yellow","MAN2B2"
"WGCNA_yellow","DNASE1L1"
"WGCNA_yellow","POLA2"
"WGCNA_yellow","CAPN1"
"WGCNA_yellow","NPC1L1"
"WGCNA_yellow","XYLT2"
"WGCNA_yellow","NUDCD3"
"WGCNA_yellow","PRDM11"
"WGCNA_yellow","RNF10"
"WGCNA_yellow","RNH1"
"WGCNA_yellow","TYMP"
"WGCNA_yellow","GRN"
"WGCNA_yellow","ALG1"
"WGCNA_yellow","ABCF2"
"WGCNA_yellow","CHPF2"
"WGCNA_yellow","ATP6V0A1"
"WGCNA_yellow","EDC4"
"WGCNA_yellow","CTNS"
"WGCNA_yellow","LSG1"
"WGCNA_yellow","AIFM2"
"WGCNA_yellow","CUL7"
"WGCNA_yellow","PHKA2"
"WGCNA_yellow","GEMIN8"
"WGCNA_yellow","DTNBP1"
"WGCNA_yellow","MAP4"
"WGCNA_yellow","TSPAN17"
"WGCNA_yellow","H6PD"
"WGCNA_yellow","CLPTM1L"
"WGCNA_yellow","FOXP3"
"WGCNA_yellow","TBC1D22A"
"WGCNA_yellow","SZRD1"
"WGCNA_yellow","F7"
"WGCNA_yellow","SEC61A1"
"WGCNA_yellow","POLR3E"
"WGCNA_yellow","PARP12"
"WGCNA_yellow","CTDP1"
"WGCNA_yellow","PTPRU"
"WGCNA_yellow","DGAT2"
"WGCNA_yellow","CS"
"WGCNA_yellow","ELMO2"
"WGCNA_yellow","POLD1"
"WGCNA_yellow","U2AF2"
"WGCNA_yellow","MED29"
"WGCNA_yellow","GPC1"
"WGCNA_yellow","CTSA"
"WGCNA_yellow","AP3D1"
"WGCNA_yellow","NTN1"
"WGCNA_yellow","SPEN"
"WGCNA_yellow","ASB1"
"WGCNA_yellow","SMARCD1"
"WGCNA_yellow","ELOVL1"
"WGCNA_yellow","ACSM2B"
"WGCNA_yellow","TNFRSF1A"
"WGCNA_yellow","STOML1"
"WGCNA_yellow","IDH3G"
"WGCNA_yellow","HYAL2"
"WGCNA_yellow","IFI35"
"WGCNA_yellow","GPKOW"
"WGCNA_yellow","POLR1A"
"WGCNA_yellow","TTC7A"
"WGCNA_yellow","SIRT2"
"WGCNA_yellow","SMG6"
"WGCNA_yellow","CLTCL1"
"WGCNA_yellow","DGCR2"
"WGCNA_yellow","ST6GALNAC1"
"WGCNA_yellow","ST6GALNAC2"
"WGCNA_yellow","WDR1"
"WGCNA_yellow","ATP6AP1"
"WGCNA_yellow","PRKACA"
"WGCNA_yellow","EPN2"
"WGCNA_yellow","MARK2"
"WGCNA_yellow","AP1M1"
"WGCNA_yellow","PVR"
"WGCNA_yellow","SCARB1"
"WGCNA_yellow","NLE1"
"WGCNA_yellow","CDHR2"
"WGCNA_yellow","MGLL"
"WGCNA_yellow","MYDGF"
"WGCNA_yellow","CELSR1"
"WGCNA_yellow","SPAG5"
"WGCNA_yellow","ACACB"
"WGCNA_yellow","GTF3C1"
"WGCNA_yellow","EXOSC5"
"WGCNA_yellow","LRCH4"
"WGCNA_yellow","TP53INP2"
"WGCNA_yellow","SDF4"
"WGCNA_yellow","TOLLIP"
"WGCNA_yellow","LIPE"
"WGCNA_yellow","PAFAH1B3"
"WGCNA_yellow","DNM2"
"WGCNA_yellow","KEAP1"
"WGCNA_yellow","SLC35H1"
"WGCNA_yellow","JMJD4"
"WGCNA_yellow","AACS"
"WGCNA_yellow","ITGB5"
"WGCNA_yellow","PLOD1"
"WGCNA_yellow","ZNF324"
"WGCNA_yellow","TXLNA"
"WGCNA_yellow","CTTN"
"WGCNA_yellow","USP40"
"WGCNA_yellow","POMGNT1"
"WGCNA_yellow","ITPKC"
"WGCNA_yellow","LAT2"
"WGCNA_yellow","ACOX3"
"WGCNA_yellow","PIGS"
"WGCNA_yellow","PGS1"
"WGCNA_yellow","GNAO1"
"WGCNA_yellow","SH3BP2"
"WGCNA_yellow","NOP14"
"WGCNA_yellow","ADD1"
"WGCNA_yellow","KHSRP"
"WGCNA_yellow","ASAP3"
"WGCNA_yellow","EDEM2"
"WGCNA_yellow","C3ORF18"
"WGCNA_yellow","SMOX"
"WGCNA_yellow","NSFL1C"
"WGCNA_yellow","MAVS"
"WGCNA_yellow","SLC8B1"
"WGCNA_yellow","GCN1"
"WGCNA_yellow","CDIP1"
"WGCNA_yellow","MLF2"
"WGCNA_yellow","FETUB"
"WGCNA_yellow","CERS4"
"WGCNA_yellow","MCOLN1"
"WGCNA_yellow","EFNB1"
"WGCNA_yellow","ABCC6"
"WGCNA_yellow","RNF31"
"WGCNA_yellow","TINF2"
"WGCNA_yellow","COMT"
"WGCNA_yellow","NUP188"
"WGCNA_yellow","CRAT"
"WGCNA_yellow","BAG6"
"WGCNA_yellow","VARS1"
"WGCNA_yellow","ABL1"
"WGCNA_yellow","ACOT7"
"WGCNA_yellow","TMED1"
"WGCNA_yellow","MACROH2A2"
"WGCNA_yellow","HSD3B7"
"WGCNA_yellow","EFNA2"
"WGCNA_yellow","MARCHF2"
"WGCNA_yellow","TECR"
"WGCNA_yellow","POLR2E"
"WGCNA_yellow","HCN2"
"WGCNA_yellow","MKNK2"
"WGCNA_yellow","KLHL22"
"WGCNA_yellow","SMARCB1"
"WGCNA_yellow","SF3A1"
"WGCNA_yellow","SEC14L2"
"WGCNA_yellow","SPECC1L"
"WGCNA_yellow","PES1"
"WGCNA_yellow","GGT1"
"WGCNA_yellow","PPM1F"
"WGCNA_yellow","ESS2"
"WGCNA_yellow","TFIP11"
"WGCNA_yellow","PICK1"
"WGCNA_yellow","CENPM"
"WGCNA_yellow","GTPBP1"
"WGCNA_yellow","POLDIP3"
"WGCNA_yellow","PPP6R2"
"WGCNA_yellow","SBF1"
"WGCNA_yellow","SUN2"
"WGCNA_yellow","CYB5R3"
"WGCNA_yellow","TTLL1"
"WGCNA_yellow","AP1B1"
"WGCNA_yellow","TTLL12"
"WGCNA_yellow","CBX7"
"WGCNA_yellow","ZMAT5"
"WGCNA_yellow","TAB1"
"WGCNA_yellow","ASCC2"
"WGCNA_yellow","MYH9"
"WGCNA_yellow","FOXRED2"
"WGCNA_yellow","KIAA0930"
"WGCNA_yellow","L3MBTL2"
"WGCNA_yellow","RANGAP1"
"WGCNA_yellow","ZC3H7B"
"WGCNA_yellow","ACO2"
"WGCNA_yellow","DESI1"
"WGCNA_yellow","RBM23"
"WGCNA_yellow","ITPK1"
"WGCNA_yellow","PCK2"
"WGCNA_yellow","TM9SF1"
"WGCNA_yellow","RABGGTA"
"WGCNA_yellow","PCIF1"
"WGCNA_yellow","GSS"
"WGCNA_yellow","TRPC4AP"
"WGCNA_yellow","PYGB"
"WGCNA_yellow","ABHD12"
"WGCNA_yellow","CD40"
"WGCNA_yellow","UQCC1"
"WGCNA_yellow","HNF4A"
"WGCNA_yellow","TPD52L2"
"WGCNA_yellow","DNAJC5"
"WGCNA_yellow","DIDO1"
"WGCNA_yellow","ISM1"
"WGCNA_yellow","HM13"
"WGCNA_yellow","PXMP4"
"WGCNA_yellow","CST3"
"WGCNA_yellow","ACTR5"
"WGCNA_yellow","ACOT8"
"WGCNA_yellow","RBFA"
"WGCNA_yellow","SUV39H1"
"WGCNA_yellow","ABCD1"
"WGCNA_yellow","CCDC22"
"WGCNA_yellow","SLC35A2"
"WGCNA_yellow","CD99L2"
"WGCNA_yellow","USP11"
"WGCNA_yellow","PORCN"
"WGCNA_yellow","MAPK3"
"WGCNA_yellow","N4BP1"
"WGCNA_yellow","USB1"
"WGCNA_yellow","SLC38A7"
"WGCNA_yellow","VAC14"
"WGCNA_yellow","ESRP2"
"WGCNA_yellow","CLCN7"
"WGCNA_yellow","SLC7A5"
"WGCNA_yellow","UBE2I"
"WGCNA_yellow","CDIPT"
"WGCNA_yellow","BCKDK"
"WGCNA_yellow","SYT17"
"WGCNA_yellow","RNF40"
"WGCNA_yellow","CSK"
"WGCNA_yellow","CTSH"
"WGCNA_yellow","TTC23"
"WGCNA_yellow","RPAP1"
"WGCNA_yellow","VPS18"
"WGCNA_yellow","NDRG1"
"WGCNA_yellow","GFUS"
"WGCNA_yellow","MAN2B1"
"WGCNA_yellow","NUCB1"
"WGCNA_yellow","CLPTM1"
"WGCNA_yellow","RELB"
"WGCNA_yellow","ERCC2"
"WGCNA_yellow","RNASEH2A"
"WGCNA_yellow","TIMM44"
"WGCNA_yellow","VRK3"
"WGCNA_yellow","PPP6R1"
"WGCNA_yellow","OLFM2"
"WGCNA_yellow","HACL2"
"WGCNA_yellow","TIMM50"
"WGCNA_yellow","GPI"
"WGCNA_yellow","AKT2"
"WGCNA_yellow","PLD3"
"WGCNA_yellow","PRX"
"WGCNA_yellow","CCDC9"
"WGCNA_yellow","HNRNPUL1"
"WGCNA_yellow","DMAC2"
"WGCNA_yellow","PLIN3"
"WGCNA_yellow","NAPA"
"WGCNA_yellow","MEGF8"
"WGCNA_yellow","GRWD1"
"WGCNA_yellow","DBP"
"WGCNA_yellow","PPP2R1A"
"WGCNA_yellow","TNPO2"
"WGCNA_yellow","DDX49"
"WGCNA_yellow","ARMC6"
"WGCNA_yellow","USF2"
"WGCNA_yellow","KXD1"
"WGCNA_yellow","ZNF574"
"WGCNA_yellow","SIPA1L3"
"WGCNA_yellow","CADM4"
"WGCNA_yellow","OGDH"
"WGCNA_yellow","PDAP1"
"WGCNA_yellow","EIF3B"
"WGCNA_yellow","SNX8"
"WGCNA_yellow","TAF6"
"WGCNA_yellow","TFR2"
"WGCNA_yellow","AGFG2"
"WGCNA_yellow","PLOD3"
"WGCNA_yellow","CLIP2"
"WGCNA_yellow","CORO2A"
"WGCNA_yellow","TBC1D13"
"WGCNA_yellow","NCS1"
"WGCNA_yellow","CREB3"
"WGCNA_yellow","RAPGEF1"
"WGCNA_yellow","ABCA2"
"WGCNA_yellow","DNMBP"
"WGCNA_yellow","KAZALD1"
"WGCNA_yellow","FBXW4"
"WGCNA_yellow","GBF1"
"WGCNA_yellow","SUFU"
"WGCNA_yellow","LHPP"
"WGCNA_yellow","PPIF"
"WGCNA_yellow","UBTF"
"WGCNA_yellow","PSMD3"
"WGCNA_yellow","CASC3"
"WGCNA_yellow","RNF43"
"WGCNA_yellow","SEPTIN4"
"WGCNA_yellow","ENO3"
"WGCNA_yellow","RNF167"
"WGCNA_yellow","SLC25A11"
"WGCNA_yellow","FTSJ3"
"WGCNA_yellow","SYNGR2"
"WGCNA_yellow","B9D1"
"WGCNA_yellow","CYTH1"
"WGCNA_yellow","LGALS3BP"
"WGCNA_yellow","VAT1"
"WGCNA_yellow","EFTUD2"
"WGCNA_yellow","DPH1"
"WGCNA_yellow","NHERF1"
"WGCNA_yellow","SLC38A12"
"WGCNA_yellow","VTN"
"WGCNA_yellow","UNC119"
"WGCNA_yellow","ALDOC"
"WGCNA_yellow","SUPT6H"
"WGCNA_yellow","WFS1"
"WGCNA_yellow","DTX4"
"WGCNA_yellow","ATG2A"
"WGCNA_yellow","EHD1"
"WGCNA_yellow","UNC93B1"
"WGCNA_yellow","CCDC86"
"WGCNA_yellow","TMEM109"
"WGCNA_yellow","APOA4"
"WGCNA_yellow","GALNT18"
"WGCNA_yellow","NECTIN1"
"WGCNA_yellow","AMBRA1"
"WGCNA_yellow","MADD"
"WGCNA_yellow","CARS1"
"WGCNA_yellow","CD81"
"WGCNA_yellow","PITPNM1"
"WGCNA_yellow","MVK"
"WGCNA_yellow","CAMKK2"
"WGCNA_yellow","BCL7A"
"WGCNA_yellow","KRT18"
"WGCNA_yellow","TRPV4"
"WGCNA_yellow","ACAD10"
"WGCNA_yellow","LTBR"
"WGCNA_yellow","OGFOD2"
"WGCNA_yellow","ADGRD1"
"WGCNA_yellow","CHD4"
"WGCNA_yellow","USP5"
"WGCNA_yellow","PRKAB1"
"WGCNA_yellow","RAB35"
"WGCNA_yellow","FANCE"
"WGCNA_yellow","SLC39A7"
"WGCNA_yellow","BYSL"
"WGCNA_yellow","PPP2R5D"
"WGCNA_yellow","GMDS"
"WGCNA_yellow","DAP"
"WGCNA_yellow","IK"
"WGCNA_yellow","PCDHB7"
"WGCNA_yellow","DROSHA"
"WGCNA_yellow","ZNF346"
"WGCNA_yellow","OGG1"
"WGCNA_yellow","PFKFB4"
"WGCNA_yellow","GNAI2"
"WGCNA_yellow","HYAL1"
"WGCNA_yellow","PLXNA1"
"WGCNA_yellow","PODXL2"
"WGCNA_yellow","CSPG5"
"WGCNA_yellow","SCAP"
"WGCNA_yellow","GORASP1"
"WGCNA_yellow","EIF4G1"
"WGCNA_yellow","KCNIP3"
"WGCNA_yellow","ACTR1B"
"WGCNA_yellow","STEAP3"
"WGCNA_yellow","TP53I3"
"WGCNA_yellow","GTF3C2"
"WGCNA_yellow","PPM1G"
"WGCNA_yellow","MOGS"
"WGCNA_yellow","CNPPD1"
"WGCNA_yellow","SDC1"
"WGCNA_yellow","PHF13"
"WGCNA_yellow","MECR"
"WGCNA_yellow","SCAMP3"
"WGCNA_yellow","MEF2D"
"WGCNA_yellow","FBXO6"
"WGCNA_yellow","PLEKHM2"
"WGCNA_yellow","ADPRS"
"WGCNA_yellow","ECE1"
"WGCNA_yellow","IPO13"
"WGCNA_yellow","B4GALT2"
"WGCNA_yellow","ERI3"
"WGCNA_yellow","DHDDS"
"WGCNA_yellow","POLR1G"
"WGCNA_yellow","EEF2KMT"
"WGCNA_yellow","UBN1"
"WGCNA_yellow","HS1BP3"
"WGCNA_yellow","PTPA"
"WGCNA_yellow","FLVCR2"
"WGCNA_yellow","TMEM214"
"WGCNA_yellow","AVPI1"
"WGCNA_yellow","WDR55"
"WGCNA_yellow","SIL1"
"WGCNA_yellow","CLU"
"WGCNA_yellow","PTK2B"
"WGCNA_yellow","AKAP1"
"WGCNA_yellow","TRIM25"
"WGCNA_yellow","FAM117A"
"WGCNA_yellow","CEP89"
"WGCNA_yellow","CRY2"
"WGCNA_yellow","TMEM39B"
"WGCNA_yellow","TMEM54"
"WGCNA_yellow","MRPS2"
"WGCNA_yellow","CYREN"
"WGCNA_yellow","RBM19"
"WGCNA_yellow","PKN1"
"WGCNA_yellow","SARDH"
"WGCNA_yellow","DNPEP"
"WGCNA_yellow","SLC12A4"
"WGCNA_yellow","USP22"
"WGCNA_yellow","LYPD3"
"WGCNA_yellow","PACSIN1"
"WGCNA_yellow","PEX6"
"WGCNA_yellow","MOCS1"
"WGCNA_yellow","CDKN1A"
"WGCNA_yellow","DOK4"
"WGCNA_yellow","IRF1"
"WGCNA_yellow","ARMC7"
"WGCNA_yellow","MIF4GD"
"WGCNA_yellow","MBOAT7"
"WGCNA_yellow","SLC25A23"
"WGCNA_yellow","GTF2F1"
"WGCNA_yellow","GPR108"
"WGCNA_yellow","OPA3"
"WGCNA_yellow","RTN2"
"WGCNA_yellow","EML2"
"WGCNA_yellow","SDCBP2"
"WGCNA_yellow","PSMF1"
"WGCNA_yellow","AP5S1"
"WGCNA_yellow","S1PR4"
"WGCNA_yellow","RALY"
"WGCNA_yellow","CEP250"
"WGCNA_yellow","PLAGL2"
"WGCNA_yellow","KDM5C"
"WGCNA_yellow","ST3GAL3"
"WGCNA_yellow","TMEM53"
"WGCNA_yellow","F10"
"WGCNA_yellow","LRFN3"
"WGCNA_yellow","CAPNS1"
"WGCNA_yellow","THRA"
"WGCNA_yellow","FRMD8"
"WGCNA_yellow","PRMT1"
"WGCNA_yellow","ASL"
"WGCNA_yellow","STAT5A"
"WGCNA_yellow","TRAP1"
"WGCNA_yellow","NUP214"
"WGCNA_yellow","SLC10A3"
"WGCNA_yellow","TRAF2"
"WGCNA_yellow","LRRC61"
"WGCNA_yellow","FGFRL1"
"WGCNA_yellow","EPS15L1"
"WGCNA_yellow","GFER"
"WGCNA_yellow","KDM4B"
"WGCNA_yellow","TUBA4A"
"WGCNA_yellow","AAMP"
"WGCNA_yellow","PNKD"
"WGCNA_yellow","POR"
"WGCNA_yellow","CDC42EP1"
"WGCNA_yellow","APOL3"
"WGCNA_yellow","MCHR1"
"WGCNA_yellow","APOL2"
"WGCNA_yellow","APOBEC3F"
"WGCNA_yellow","HERC2"
"WGCNA_yellow","CLN6"
"WGCNA_yellow","SUMF2"
"WGCNA_yellow","FXR2"
"WGCNA_yellow","KIF1C"
"WGCNA_yellow","CDKN2D"
"WGCNA_yellow","PGAP6"
"WGCNA_yellow","STARD8"
"WGCNA_yellow","NALF2"
"WGCNA_yellow","ECSIT"
"WGCNA_yellow","THEM6"
"WGCNA_yellow","NECTIN2"
"WGCNA_yellow","NCAN"
"WGCNA_yellow","KIF1A"
"WGCNA_yellow","BST2"
"WGCNA_yellow","COLGALT1"
"WGCNA_yellow","DDA1"
"WGCNA_yellow","ACTN4"
"WGCNA_yellow","MAP1S"
"WGCNA_yellow","PGPEP1"
"WGCNA_yellow","CRB3"
"WGCNA_yellow","TUBGCP2"
"WGCNA_yellow","CEP85"
"WGCNA_yellow","OSBPL2"
"WGCNA_yellow","EXOSC2"
"WGCNA_yellow","UCK1"
"WGCNA_yellow","YIPF2"
"WGCNA_yellow","ANGPTL6"
"WGCNA_yellow","DNMT1"
"WGCNA_yellow","LRP3"
"WGCNA_yellow","UBA1"
"WGCNA_yellow","GFAP"
"WGCNA_yellow","CHMP1A"
"WGCNA_yellow","NR1H2"
"WGCNA_yellow","LRRC4B"
"WGCNA_yellow","MGAT1"
"WGCNA_yellow","TUBG1"
"WGCNA_yellow","TRAF7"
"WGCNA_yellow","NINJ1"
"WGCNA_yellow","STARD3"
"WGCNA_yellow","RARA"
"WGCNA_yellow","LLGL1"
"WGCNA_yellow","LRRC41"
"WGCNA_yellow","DHX30"
"WGCNA_yellow","EEFSEC"
"WGCNA_yellow","FLOT2"
"WGCNA_yellow","ARHGEF11"
"WGCNA_yellow","DPH2"
"WGCNA_yellow","ZSWIM3"
"WGCNA_yellow","CPLANE2"
"WGCNA_yellow","CASP9"
"WGCNA_yellow","PEMT"
"WGCNA_yellow","PIK3C2B"
"WGCNA_yellow","SEC14L4"
"WGCNA_yellow","ADCK2"
"WGCNA_yellow","DPF2"
"WGCNA_yellow","DGLUCY"
"WGCNA_yellow","FKBP11"
"WGCNA_yellow","DDB2"
"WGCNA_yellow","ACP2"
"WGCNA_yellow","YARS1"
"WGCNA_yellow","CDCA8"
"WGCNA_yellow","NAT10"
"WGCNA_yellow","AMHR2"
"WGCNA_yellow","FAM186B"
"WGCNA_yellow","RDH5"
"WGCNA_yellow","ACVR1B"
"WGCNA_yellow","OS9"
"WGCNA_yellow","SMPD2"
"WGCNA_yellow","RAB11FIP5"
"WGCNA_yellow","DYSF"
"WGCNA_yellow","KLHL36"
"WGCNA_yellow","KIAA0513"
"WGCNA_yellow","AGT"
"WGCNA_yellow","FLNB"
"WGCNA_yellow","TBRG4"
"WGCNA_yellow","TTYH3"
"WGCNA_yellow","NMT1"
"WGCNA_yellow","GATA4"
"WGCNA_yellow","SMPD4"
"WGCNA_yellow","SAP130"
"WGCNA_yellow","NIBAN2"
"WGCNA_yellow","DAB2IP"
"WGCNA_yellow","SLC2A8"
"WGCNA_yellow","RABEPK"
"WGCNA_yellow","TLN1"
"WGCNA_yellow","KLC4"
"WGCNA_yellow","SLC22A7"
"WGCNA_yellow","YIPF3"
"WGCNA_yellow","TMEM63B"
"WGCNA_yellow","TUBB2A"
"WGCNA_yellow","RIPK1"
"WGCNA_yellow","TUBB2B"
"WGCNA_yellow","HMGA1"
"WGCNA_yellow","TRIM26"
"WGCNA_yellow","VARS2"
"WGCNA_yellow","NUMA1"
"WGCNA_yellow","BUD13"
"WGCNA_yellow","MAP2K5"
"WGCNA_yellow","SMAD6"
"WGCNA_yellow","RPL7P9"
"WGCNA_yellow","CGREF1"
"WGCNA_yellow","SLC5A6"
"WGCNA_yellow","EMILIN1"
"WGCNA_yellow","DTNB"
"WGCNA_yellow","ACTR1A"
"WGCNA_yellow","UBL7"
"WGCNA_yellow","RGS3"
"WGCNA_yellow","TAPBPL"
"WGCNA_yellow","TCHP"
"WGCNA_yellow","SUOX"
"WGCNA_yellow","SLC39A5"
"WGCNA_yellow","SMARCC2"
"WGCNA_yellow","ANKRD52"
"WGCNA_yellow","RAB20"
"WGCNA_yellow","JDP2"
"WGCNA_yellow","DISP2"
"WGCNA_yellow","CYP11A1"
"WGCNA_yellow","SCAMP2"
"WGCNA_yellow","POLG"
"WGCNA_yellow","UNC45A"
"WGCNA_yellow","FURIN"
"WGCNA_yellow","RUSF1"
"WGCNA_yellow","NKD1"
"WGCNA_yellow","DHX38"
"WGCNA_yellow","KATNB1"
"WGCNA_yellow","TCF25"
"WGCNA_yellow","GFOD2"
"WGCNA_yellow","VPS53"
"WGCNA_yellow","G6PC3"
"WGCNA_yellow","SLC16A3"
"WGCNA_yellow","CSNK1D"
"WGCNA_yellow","TBCD"
"WGCNA_yellow","FN3KRP"
"WGCNA_yellow","RPTOR"
"WGCNA_yellow","ERBB2"
"WGCNA_yellow","PFKL"
"WGCNA_yellow","FEM1A"
"WGCNA_yellow","CCDC97"
"WGCNA_yellow","SCYL1"
"WGCNA_yellow","AKT1"
"WGCNA_yellow","SAE1"
"WGCNA_yellow","EVI5L"
"WGCNA_yellow","IGLON5"
"WGCNA_yellow","IL22RA1"
"WGCNA_yellow","C1ORF216"
"WGCNA_yellow","KIAA0319L"
"WGCNA_yellow","WDTC1"
"WGCNA_yellow","PTPRF"
"WGCNA_yellow","STRIP1"
"WGCNA_yellow","CELSR2"
"WGCNA_yellow","UCK2"
"WGCNA_yellow","FAM163A"
"WGCNA_yellow","ECM1"
"WGCNA_yellow","ZNF687"
"WGCNA_yellow","TARS2"
"WGCNA_yellow","PI4KB"
"WGCNA_yellow","MINDY1"
"WGCNA_yellow","C1ORF56"
"WGCNA_yellow","ADAM15"
"WGCNA_yellow","GATAD2B"
"WGCNA_yellow","PKLR"
"WGCNA_yellow","SNAP47"
"WGCNA_yellow","ARF1"
"WGCNA_yellow","EPHX1"
"WGCNA_yellow","ETNK2"
"WGCNA_yellow","NAT8"
"WGCNA_yellow","SFXN5"
"WGCNA_yellow","FBLN7"
"WGCNA_yellow","DIS3L2"
"WGCNA_yellow","POMGNT2"
"WGCNA_yellow","IQSEC1"
"WGCNA_yellow","CAND2"
"WGCNA_yellow","ALDH1L1"
"WGCNA_yellow","SLC26A1"
"WGCNA_yellow","TNIP1"
"WGCNA_yellow","RMND5B"
"WGCNA_yellow","CDCA5"
"WGCNA_yellow","MEPCE"
"WGCNA_yellow","EPHA1"
"WGCNA_yellow","DENND2A"
"WGCNA_yellow","CHMP7"
"WGCNA_yellow","SIGMAR1"
"WGCNA_yellow","MED22"
"WGCNA_yellow","REXO4"
"WGCNA_yellow","PTGES2"
"WGCNA_yellow","NTMT1"
"WGCNA_yellow","NACC2"
"WGCNA_yellow","CAMK2G"
"WGCNA_yellow","DNAJB12"
"WGCNA_yellow","PAOX"
"WGCNA_yellow","PDCD11"
"WGCNA_yellow","TNKS1BP1"
"WGCNA_yellow","SERPING1"
"WGCNA_yellow","SSRP1"
"WGCNA_yellow","SLC43A1"
"WGCNA_yellow","CSTPP1"
"WGCNA_yellow","SERPINH1"
"WGCNA_yellow","CAPN5"
"WGCNA_yellow","TTC12"
"WGCNA_yellow","HYOU1"
"WGCNA_yellow","MTA2"
"WGCNA_yellow","TMEM138"
"WGCNA_yellow","INCENP"
"WGCNA_yellow","SIDT2"
"WGCNA_yellow","LSM14B"
"WGCNA_yellow","CDC42EP2"
"WGCNA_yellow","PPP4C"
"WGCNA_yellow","ALDOA"
"WGCNA_yellow","HIRIP3"
"WGCNA_yellow","TAOK2"
"WGCNA_yellow","DHX37"
"WGCNA_yellow","PLBD2"
"WGCNA_yellow","VPS26B"
"WGCNA_yellow","BAG3"
"WGCNA_yellow","GLT1D1"
"WGCNA_yellow","ADPRHL1"
"WGCNA_yellow","GRAP"
"WGCNA_yellow","SLC5A10"
"WGCNA_yellow","NEIL2"
"WGCNA_yellow","XPC"
"WGCNA_yellow","FBXL18"
"WGCNA_yellow","MMS19"
"WGCNA_yellow","PI4K2A"
"WGCNA_yellow","TRMT44"
"WGCNA_yellow","MOV10"
"WGCNA_yellow","PPM1J"
"WGCNA_yellow","LARP1"
"WGCNA_yellow","KDM8"
"WGCNA_yellow","PCDH1"
"WGCNA_yellow","ZFAND3"
"WGCNA_yellow","BRPF1"
"WGCNA_yellow","RPUSD3"
"WGCNA_yellow","SEC13"
"WGCNA_yellow","TMEM171"
"WGCNA_yellow","CACNA1D"
"WGCNA_yellow","AP3S2"
"WGCNA_yellow","PRXL2B"
"WGCNA_yellow","PANK4"
"WGCNA_yellow","C12ORF43"
"WGCNA_yellow","RER1"
"WGCNA_yellow","SKI"
"WGCNA_yellow","WIPI2"
"WGCNA_yellow","LDLRAP1"
"WGCNA_yellow","HPD"
"WGCNA_yellow","CNNM4"
"WGCNA_yellow","SPATA2"
"WGCNA_yellow","FAM86C1P"
"WGCNA_yellow","GPAT4"
"WGCNA_yellow","DEDD"
"WGCNA_yellow","PINK1"
"WGCNA_yellow","DMTN"
"WGCNA_yellow","CCAR2"
"WGCNA_yellow","SCUBE1"
"WGCNA_yellow","ATP13A2"
"WGCNA_yellow","UROC1"
"WGCNA_yellow","CHCHD6"
"WGCNA_yellow","ATP6V0D1"
"WGCNA_yellow","CALM3"
"WGCNA_yellow","BSDC1"
"WGCNA_yellow","WDR4"
"WGCNA_yellow","PDXK"
"WGCNA_yellow","G6PD"
"WGCNA_yellow","CSTB"
"WGCNA_yellow","AGPAT3"
"WGCNA_yellow","LRRC3"
"WGCNA_yellow","LSS"
"WGCNA_yellow","VAV2"
"WGCNA_yellow","C19ORF47"
"WGCNA_yellow","ST6GALNAC6"
"WGCNA_yellow","SHKBP1"
"WGCNA_yellow","MED27"
"WGCNA_yellow","FLAD1"
"WGCNA_yellow","SHC1"
"WGCNA_yellow","NLRX1"
"WGCNA_yellow","FDPS"
"WGCNA_yellow","LMNA"
"WGCNA_yellow","UBQLN4"
"WGCNA_yellow","GPATCH4"
"WGCNA_yellow","NACC1"
"WGCNA_yellow","LRRC14"
"WGCNA_yellow","SQSTM1"
"WGCNA_yellow","MGAT4B"
"WGCNA_yellow","MAML1"
"WGCNA_yellow","PGLYRP2"
"WGCNA_yellow","LRWD1"
"WGCNA_yellow","AP2M1"
"WGCNA_yellow","ABCF3"
"WGCNA_yellow","THAP8"
"WGCNA_yellow","FDXR"
"WGCNA_yellow","ITGA5"
"WGCNA_yellow","EMC10"
"WGCNA_yellow","SHANK1"
"WGCNA_yellow","TNFSF13"
"WGCNA_yellow","CCNF"
"WGCNA_yellow","ADCY9"
"WGCNA_yellow","CLPB"
"WGCNA_yellow","CYB561A3"
"WGCNA_yellow","STX5"
"WGCNA_yellow","RPS6KA4"
"WGCNA_yellow","LRP5"
"WGCNA_yellow","CYP4A22"
"WGCNA_yellow","FAM151A"
"WGCNA_yellow","CIMAP2"
"WGCNA_yellow","KLHL21"
"WGCNA_yellow","TSSK3"
"WGCNA_yellow","DENND2D"
"WGCNA_yellow","HAAO"
"WGCNA_yellow","MAPKAPK2"
"WGCNA_yellow","ERCC3"
"WGCNA_yellow","PMVK"
"WGCNA_yellow","PBXIP1"
"WGCNA_yellow","YY1AP1"
"WGCNA_yellow","HDAC11"
"WGCNA_yellow","MTMR14"
"WGCNA_yellow","KLF15"
"WGCNA_yellow","IFT122"
"WGCNA_yellow","BAP1"
"WGCNA_yellow","TKT"
"WGCNA_yellow","LRPAP1"
"WGCNA_yellow","SLC51A"
"WGCNA_yellow","ATRIP"
"WGCNA_yellow","RNF123"
"WGCNA_yellow","MON1A"
"WGCNA_yellow","KCNK5"
"WGCNA_yellow","SLC29A4"
"WGCNA_yellow","DNAAF5"
"WGCNA_yellow","GPR146"
"WGCNA_yellow","INTS1"
"WGCNA_yellow","SLC4A2"
"WGCNA_yellow","MID1IP1"
"WGCNA_yellow","NOL6"
"WGCNA_yellow","PMPCA"
"WGCNA_yellow","RET"
"WGCNA_yellow","PIP4P1"
"WGCNA_yellow","RNASE7"
"WGCNA_yellow","PSMC3"
"WGCNA_yellow","ABTB2"
"WGCNA_yellow","DPCD"
"WGCNA_yellow","LARP6"
"WGCNA_yellow","ZNF319"
"WGCNA_yellow","HPS6"
"WGCNA_yellow","DNAAF8"
"WGCNA_yellow","SMPD1"
"WGCNA_yellow","APBB1"
"WGCNA_yellow","ILK"
"WGCNA_yellow","MOGAT2"
"WGCNA_yellow","C16ORF46"
"WGCNA_yellow","MCM7"
"WGCNA_yellow","NDEL1"
"WGCNA_yellow","COG1"
"WGCNA_yellow","ZNF592"
"WGCNA_yellow","BMERB1"
"WGCNA_yellow","ELFN2"
"WGCNA_yellow","GOLGA2"
"WGCNA_yellow","SLC27A4"
"WGCNA_yellow","URM1"
"WGCNA_yellow","C15ORF39"
"WGCNA_yellow","SP2"
"WGCNA_yellow","DUS2"
"WGCNA_yellow","TBC1D16"
"WGCNA_yellow","STIM1"
"WGCNA_yellow","ZNF646"
"WGCNA_yellow","KMT2D"
"WGCNA_yellow","ZNF526"
"WGCNA_yellow","TRAPPC9"
"WGCNA_yellow","YIF1B"
"WGCNA_yellow","DAPK3"
"WGCNA_yellow","EEF2"
"WGCNA_yellow","CHAF1A"
"WGCNA_yellow","OTUB1"
"WGCNA_yellow","SPRYD3"
"WGCNA_yellow","TK1"
"WGCNA_yellow","ABCA3"
"WGCNA_yellow","KCTD5"
"WGCNA_yellow","VPS37C"
"WGCNA_yellow","SLC3A2"
"WGCNA_yellow","MAP4K2"
"WGCNA_yellow","NUDT16L1"
"WGCNA_yellow","DDIT4"
"WGCNA_yellow","NKIRAS2"
"WGCNA_yellow","NT5DC2"
"WGCNA_yellow","MFSD2A"
"WGCNA_yellow","DTYMK"
"WGCNA_yellow","COG7"
"WGCNA_yellow","STIP1"
"WGCNA_yellow","ATF6B"
"WGCNA_yellow","SERINC2"
"WGCNA_yellow","TMUB2"
"WGCNA_yellow","VWA3B"
"WGCNA_yellow","SEMA4C"
"WGCNA_yellow","CNNM3"
"WGCNA_yellow","GSTM4"
"WGCNA_yellow","DDX19A"
"WGCNA_yellow","LETM1"
"WGCNA_yellow","TMEM129"
"WGCNA_yellow","SLC49A3"
"WGCNA_yellow","MECP2"
"WGCNA_yellow","ASMTL"
"WGCNA_yellow","SLC25A6"
"WGCNA_yellow","CHST14"
"WGCNA_yellow","ATF5"
"WGCNA_yellow","XPO6"
"WGCNA_yellow","APEX2"
"WGCNA_yellow","CD2BP2"
"WGCNA_yellow","LMAN2"
"WGCNA_yellow","GPRIN1"
"WGCNA_yellow","GJB1"
"WGCNA_yellow","AGPAT2"
"WGCNA_yellow","FASN"
"WGCNA_yellow","GUSB"
"WGCNA_yellow","BRD3"
"WGCNA_yellow","CHRNB1"
"WGCNA_yellow","ADRA1B"
"WGCNA_yellow","GPRC5C"
"WGCNA_yellow","KRT8"
"WGCNA_yellow","HARS1"
"WGCNA_yellow","CDCA4"
"WGCNA_yellow","NRTN"
"WGCNA_yellow","TADA3"
"WGCNA_yellow","LRG1"
"WGCNA_yellow","CANT1"
"WGCNA_yellow","TPPP"
"WGCNA_yellow","BCL2L1"
"WGCNA_yellow","ZNF584"
"WGCNA_yellow","SPSB1"
"WGCNA_yellow","TCEA2"
"WGCNA_yellow","LGALS4"
"WGCNA_yellow","TLN2"
"WGCNA_yellow","ATPAF2"
"WGCNA_yellow","CYP4F22"
"WGCNA_yellow","LAMB2"
"WGCNA_yellow","USP19"
"WGCNA_yellow","QARS1"
"WGCNA_yellow","BSG"
"WGCNA_yellow","MAB21L4"
"WGCNA_yellow","FIBP"
"WGCNA_yellow","BANP"
"WGCNA_yellow","PPP1CA"
"WGCNA_yellow","CORO1B"
"WGCNA_yellow","LRRC20"
"WGCNA_yellow","CFL1"
"WGCNA_yellow","RAB43"
"WGCNA_yellow","RAB37"
"WGCNA_yellow","CES2"
"WGCNA_yellow","KAT5"
"WGCNA_yellow","DCAKD"
"WGCNA_yellow","GRK2"
"WGCNA_yellow","RELA"
"WGCNA_yellow","RNF26"
"WGCNA_yellow","GMPPB"
"WGCNA_yellow","SNX33"
"WGCNA_yellow","PC"
"WGCNA_yellow","NMNAT1"
"WGCNA_yellow","SLC19A1"
"WGCNA_yellow","CNP"
"WGCNA_yellow","CTSF"
"WGCNA_yellow","CYB561D1"
"WGCNA_yellow","ZDHHC24"
"WGCNA_yellow","PITPNA"
"WGCNA_yellow","DDX23"
"WGCNA_yellow","SLC16A13"
"WGCNA_yellow","SH3PXD2B"
"WGCNA_yellow","YIF1A"
"WGCNA_yellow","NLRP6"
"WGCNA_yellow","RAB1B"
"WGCNA_yellow","ZG16"
"WGCNA_yellow","SH3BP5L"
"WGCNA_yellow","DCTN2"
"WGCNA_yellow","ATG13"
"WGCNA_yellow","BAIAP2"
"WGCNA_yellow","SLC35A4"
"WGCNA_yellow","IP6K1"
"WGCNA_yellow","RNPEP"
"WGCNA_yellow","WDR25"
"WGCNA_yellow","GNG7"
"WGCNA_yellow","LMNB2"
"WGCNA_yellow","MYO1D"
"WGCNA_yellow","ACSF3"
"WGCNA_yellow","RUFY1"
"WGCNA_yellow","MAMSTR"
"WGCNA_yellow","THAP4"
"WGCNA_yellow","SHMT1"
"WGCNA_yellow","SEC24C"
"WGCNA_yellow","MTHFR"
"WGCNA_yellow","TOP3A"
"WGCNA_yellow","CCDC71"
"WGCNA_yellow","MIEF2"
"WGCNA_yellow","SLC25A22"
"WGCNA_yellow","ACAD9"
"WGCNA_yellow","IL17RA"
"WGCNA_yellow","CD151"
"WGCNA_yellow","TMEM94"
"WGCNA_yellow","FLII"
"WGCNA_yellow","CHID1"
"WGCNA_yellow","TMEM187"
"WGCNA_yellow","BET1L"
"WGCNA_yellow","RIC8A"
"WGCNA_yellow","LCN15"
"WGCNA_yellow","TMPRSS9"
"WGCNA_yellow","CALML3"
"WGCNA_yellow","BEND3"
"WGCNA_yellow","GRINA"
"WGCNA_yellow","ZHX2"
"WGCNA_yellow","RNF186"
"WGCNA_yellow","PFAS"
"WGCNA_yellow","CYBC1"
"WGCNA_yellow","CTC1"
"WGCNA_yellow","KLHDC7A"
"WGCNA_yellow","RRS1"
"WGCNA_yellow","FARSA"
"WGCNA_yellow","CALR"
"WGCNA_yellow","TMEM151A"
"WGCNA_yellow","GEMIN4"
"WGCNA_yellow","CDC42EP4"
"WGCNA_yellow","DGKZP1"
"WGCNA_yellow","ZBTB42"
"WGCNA_yellow","TIGD5"
"WGCNA_yellow","TMEM150B"
"WGCNA_yellow","EXOC3"
"WGCNA_yellow","LYNX1"
"WGCNA_yellow","F2"
"WGCNA_yellow","BHLHA15"
"WGCNA_yellow","FUT7"
"WGCNA_yellow","KCTD2"
"WGCNA_yellow","AEN"
"WGCNA_yellow","SLC25A42"
"WGCNA_yellow","EHMT1"
"WGCNA_yellow","TMEM102"
"WGCNA_yellow","OGFOD3"
"WGCNA_yellow","SLC35C1"
"WGCNA_yellow","IBA57"
"WGCNA_yellow","CCDC149"
"WGCNA_yellow","IDH2"
"WGCNA_yellow","DEXI"
"WGCNA_yellow","ENPP7"
"WGCNA_yellow","UBA7"
"WGCNA_yellow","HHIPL1"
"WGCNA_yellow","NPLOC4"
"WGCNA_yellow","EXOC7"
"WGCNA_yellow","SLC61A1"
"WGCNA_yellow","PAQR7"
"WGCNA_yellow","VMO1"
"WGCNA_yellow","ALG12"
"WGCNA_yellow","SPNS2"
"WGCNA_yellow","AP2A2"
"WGCNA_yellow","RUVBL2"
"WGCNA_yellow","LINC01547"
"WGCNA_yellow","DDX41"
"WGCNA_yellow","TANGO2"
"WGCNA_yellow","FAM167B"
"WGCNA_yellow","KLHL25"
"WGCNA_yellow","ALYREF"
"WGCNA_yellow","GPR39"
"WGCNA_yellow","TOB2"
"WGCNA_yellow","VPS33B"
"WGCNA_yellow","LRRC51"
"WGCNA_yellow","IRAK1"
"WGCNA_yellow","MED12"
"WGCNA_yellow","SEPTIN9"
"WGCNA_yellow","EIF4ENIF1"
"WGCNA_yellow","ZBTB7C"
"WGCNA_yellow","DGAT1"
"WGCNA_yellow","UBOX5"
"WGCNA_yellow","INTS5"
"WGCNA_yellow","ADSS1"
"WGCNA_yellow","IFNLR1"
"WGCNA_yellow","FAM174B"
"WGCNA_yellow","INKA1"
"WGCNA_yellow","P4HB"
"WGCNA_yellow","LAMP1"
"WGCNA_yellow","RTN4RL1"
"WGCNA_yellow","CYP4F2"
"WGCNA_yellow","CIDECP1"
"WGCNA_yellow","RXRA"
"WGCNA_yellow","TMEM222"
"WGCNA_yellow","NF2"
"WGCNA_yellow","ARAP1"
"WGCNA_yellow","BCR"
"WGCNA_yellow","HYAL3"
"WGCNA_yellow","HEXIM1"
"WGCNA_yellow","MAPT"
"WGCNA_yellow","LINC02875"
"WGCNA_yellow","TMPRSS6"
"WGCNA_yellow","CYP4A11"
"WGCNA_yellow","PLCD1"
"WGCNA_yellow","RNF220"
"WGCNA_yellow","LOC388282"
"WGCNA_yellow","KCNJ11"
"WGCNA_yellow","GJA4"
"WGCNA_yellow","FANCA"
"WGCNA_yellow","MCRS1"
"WGCNA_yellow","TUBB4B"
"WGCNA_yellow","SLC9A3-OT1"
"WGCNA_yellow","SLC38A3"
"WGCNA_yellow","PRR19"
"WGCNA_yellow","PARVB"
"WGCNA_yellow","FAM53B"
"WGCNA_yellow","SLC35E2B"
"WGCNA_yellow","STK40"
"WGCNA_yellow","TMEM63A"
"WGCNA_yellow","WDR5"
"WGCNA_yellow","EPHB4"
"WGCNA_yellow","ZNF777"
"WGCNA_yellow","MYO18A"
"WGCNA_yellow","CACNA1H"
"WGCNA_yellow","SULF2"
"WGCNA_yellow","PLXNB2"
"WGCNA_yellow","TECPR2"
"WGCNA_yellow","CTBP1-DT"
"WGCNA_yellow","MVB12B"
"WGCNA_yellow","ARID5A"
"WGCNA_yellow","H2AC7"
"WGCNA_yellow","LAMB3"
"WGCNA_yellow","AP2A1"
"WGCNA_yellow","SMIM10L2B"
"WGCNA_yellow","MAFG"
"WGCNA_yellow","PCNX3"
"WGCNA_yellow","TBC1D9B"
"WGCNA_yellow","KANK2"
"WGCNA_yellow","FITM2"
"WGCNA_yellow","LRP10"
"WGCNA_yellow","HTT"
"WGCNA_yellow","H3C4"
"WGCNA_yellow","OGDHL"
"WGCNA_yellow","ENTPD6"
"WGCNA_yellow","EOLA1"
"WGCNA_yellow","SPTAN1"
"WGCNA_yellow","PHF2"
"WGCNA_yellow","SLC9A8"
"WGCNA_yellow","MYO1C"
"WGCNA_yellow","KIF13B"
"WGCNA_yellow","SIRPA"
"WGCNA_yellow","GRK6"
"WGCNA_yellow","ZNF544"
"WGCNA_yellow","DDRGK1"
"WGCNA_yellow","QRICH1"
"WGCNA_yellow","GET3"
"WGCNA_yellow","WWP2"
"WGCNA_yellow","LDB1"
"WGCNA_yellow","CDC42BPB"
"WGCNA_yellow","TMEM184B"
"WGCNA_yellow","SHISA4"
"WGCNA_yellow","SREBF2"
"WGCNA_yellow","ATG9A"
"WGCNA_yellow","APRT"
"WGCNA_yellow","SMG5"
"WGCNA_yellow","TGM2"
"WGCNA_yellow","INF2"
"WGCNA_yellow","IQANK1"
"WGCNA_yellow","C6ORF47"
"WGCNA_yellow","LINC01270"
"WGCNA_yellow","LOC124900275"
"WGCNA_yellow","DAXX"
"WGCNA_yellow","WDR46"
"WGCNA_yellow","BRD2"
"WGCNA_yellow","PBX2"
"WGCNA_yellow","AGPAT1"
"WGCNA_yellow","ZBTB12"
"WGCNA_yellow","VWA7"
"WGCNA_yellow","HLA-C"
"WGCNA_yellow","ABCF1"
"WGCNA_yellow","HLA-G"
"WGCNA_yellow","DCTN1"
"WGCNA_yellow","ARID3C"
"WGCNA_yellow","PSMB10"
"WGCNA_yellow","CCDC85C"
"WGCNA_yellow","DPF3"
"WGCNA_yellow","C17ORF107"
"WGCNA_yellow","NYNRIN"
"WGCNA_yellow","CFAP99"
"WGCNA_yellow","ZBTB22"
"WGCNA_yellow","VPS52"
"WGCNA_yellow","C4A"
"WGCNA_yellow","HLA-H"
"WGCNA_yellow","GPX3"
"WGCNA_yellow","SLC48A1"
"WGCNA_yellow","NCKIPSD"
"WGCNA_yellow","SLC35F6"
"WGCNA_yellow","RPL23AP79"
"WGCNA_yellow","KCTD11"
"WGCNA_yellow","LTB4R2"
"WGCNA_yellow","NAXD"
"WGCNA_yellow","TSPAN4"
"WGCNA_yellow","ALG3"
"WGCNA_yellow","PPME1"
"WGCNA_yellow","IFRD2"
"WGCNA_yellow","ZBED1"
"WGCNA_yellow","RTL10"
"WGCNA_yellow","PEX26"
"WGCNA_yellow","VPS16"
"WGCNA_yellow","C4B"
"WGCNA_yellow","KRT8P45"
"WGCNA_yellow","LINC00885"
"WGCNA_yellow","MRPL20-AS1"
"WGCNA_yellow","PLEKHM1"
"WGCNA_yellow","ELFN1"
"WGCNA_yellow","MICALL2-DT"
"WGCNA_yellow","BAIAP2-DT"
"WGCNA_yellow","CACTIN-AS1"
"WGCNA_yellow","RPL31P12"
"WGCNA_yellow","RRAGC-DT"
"WGCNA_yellow","FNDC10"
"WGCNA_yellow","LINC01128"
"WGCNA_yellow","PSMG3-AS1"
"WGCNA_yellow","FAM131B-AS2"
"WGCNA_yellow","GPX1"
"WGCNA_yellow","RPL7P44"
"WGCNA_yellow","RNASEH1-DT"
"WGCNA_yellow","RPL17P18"
"WGCNA_yellow","HGH1"
"WGCNA_yellow","CNN3-DT"
"WGCNA_yellow","RPL6P27"
"WGCNA_yellow","NDUFA6-DT"
"WGCNA_yellow","ZNF503-AS2"
"WGCNA_yellow","C10ORF143"
"WGCNA_yellow","MTCO1P12"
"WGCNA_yellow","TMEM250"
"WGCNA_yellow","C1ORF226"
"WGCNA_yellow","COX19"
"WGCNA_yellow","PI4KA"
"WGCNA_yellow","MTFP1"
"WGCNA_yellow","RTL5"
"WGCNA_yellow","MICAL3"
"WGCNA_yellow","TUBA4B"
"WGCNA_yellow","FAM86DP"
"WGCNA_yellow","SCAMP1-AS1"
"WGCNA_yellow","PGAM5"
"WGCNA_yellow","CDK11B"
"WGCNA_yellow","PCP4L1"
"WGCNA_yellow","UGDH-AS1"
"WGCNA_yellow","ZNF324B"
"WGCNA_yellow","DNAH10OS"
"WGCNA_yellow","MTA1-DT"
"WGCNA_yellow","LINC03133"
"WGCNA_yellow","RHPN1-AS1"
"WGCNA_yellow","AP5B1"
"WGCNA_yellow","OMP"
"WGCNA_yellow","DPP3"
"WGCNA_yellow","HMBS"
"WGCNA_yellow","ZBTB11-AS1"
"WGCNA_yellow","NHLRC4"
"WGCNA_yellow","CUX1"
"WGCNA_yellow","CD63-AS1"
"WGCNA_yellow","RTEL1"
"WGCNA_yellow","VESTAR"
"WGCNA_yellow","LINC02691"
"WGCNA_yellow","LOC101928499"
"WGCNA_yellow","RBM15B"
"WGCNA_yellow","C16ORF95"
"WGCNA_yellow","UBE2I-AS1"
"WGCNA_yellow","LINC03048"
"WGCNA_yellow","MIR4635"
"WGCNA_yellow","MIF4GD-DT"
"WGCNA_yellow","ZNF236-DT"
"WGCNA_yellow","RPL17"
"WGCNA_yellow","ZNF566-AS1"
"WGCNA_yellow","MAN1B1-DT"
"WGCNA_yellow","IKBKG"
"WGCNA_yellow","SCPPPQ1"
"WGCNA_yellow","LINC03052"
"WGCNA_yellow","NATD1"
"WGCNA_yellow","RCC1L"
"WGCNA_yellow","SCDAL"
"WGCNA_yellow","AATF"
"WGCNA_yellow","ORAI1"
"WGCNA_yellow","GLIDR"
"WGCNA_blue","SEMA3F"
"WGCNA_blue","BAD"
"WGCNA_blue","MAD1L1"
"WGCNA_blue","TMEM176A"
"WGCNA_blue","DBNDD1"
"WGCNA_blue","SARM1"
"WGCNA_blue","CAMKK1"
"WGCNA_blue","ARHGAP33"
"WGCNA_blue","ZMYND10"
"WGCNA_blue","DVL2"
"WGCNA_blue","PRSS22"
"WGCNA_blue","UPF1"
"WGCNA_blue","POLR2J"
"WGCNA_blue","SPPL2B"
"WGCNA_blue","ATOSB"
"WGCNA_blue","CREBBP"
"WGCNA_blue","TSPOAP1"
"WGCNA_blue","RHBDD2"
"WGCNA_blue","ITGA2B"
"WGCNA_blue","REX1BD"
"WGCNA_blue","OSBPL7"
"WGCNA_blue","YBX2"
"WGCNA_blue","MAP3K14"
"WGCNA_blue","CX3CL1"
"WGCNA_blue","TTC22"
"WGCNA_blue","TBXA2R"
"WGCNA_blue","GTF2IRD1"
"WGCNA_blue","ARHGAP44"
"WGCNA_blue","MARK4"
"WGCNA_blue","CCDC124"
"WGCNA_blue","TRAPPC6A"
"WGCNA_blue","MATK"
"WGCNA_blue","RPUSD1"
"WGCNA_blue","BAIAP3"
"WGCNA_blue","TSR3"
"WGCNA_blue","PIGQ"
"WGCNA_blue","CRAMP1"
"WGCNA_blue","TEAD3"
"WGCNA_blue","CDK11A"
"WGCNA_blue","CELSR3"
"WGCNA_blue","MPND"
"WGCNA_blue","PKD1"
"WGCNA_blue","MAPK8IP2"
"WGCNA_blue","POMT2"
"WGCNA_blue","MLXIPL"
"WGCNA_blue","HHATL"
"WGCNA_blue","IFFO1"
"WGCNA_blue","GIPR"
"WGCNA_blue","PHF7"
"WGCNA_blue","NISCH"
"WGCNA_blue","STAB1"
"WGCNA_blue","FUZ"
"WGCNA_blue","LRRC23"
"WGCNA_blue","SCMH1"
"WGCNA_blue","LYPLA2"
"WGCNA_blue","CLCN6"
"WGCNA_blue","SLC6A7"
"WGCNA_blue","APBA3"
"WGCNA_blue","MKS1"
"WGCNA_blue","AKAP8L"
"WGCNA_blue","PTBP1"
"WGCNA_blue","WIZ"
"WGCNA_blue","QPCTL"
"WGCNA_blue","CD22"
"WGCNA_blue","SEMA3B"
"WGCNA_blue","PRICKLE3"
"WGCNA_blue","SLC25A39"
"WGCNA_blue","MVP"
"WGCNA_blue","DDX11"
"WGCNA_blue","TACC3"
"WGCNA_blue","ZC3H3"
"WGCNA_blue","CCDC88C"
"WGCNA_blue","WAS"
"WGCNA_blue","SLC38A5"
"WGCNA_blue","SLC11A1"
"WGCNA_blue","PHLDB1"
"WGCNA_blue","NCDN"
"WGCNA_blue","OSBPL5"
"WGCNA_blue","NLRP2"
"WGCNA_blue","ZNF839"
"WGCNA_blue","DEF6"
"WGCNA_blue","PLEKHO1"
"WGCNA_blue","NCAPH2"
"WGCNA_blue","RTEL1-TNFRSF6B"
"WGCNA_blue","RNASET2"
"WGCNA_blue","B4GALT7"
"WGCNA_blue","SH2D2A"
"WGCNA_blue","POU2F2"
"WGCNA_blue","BRD9"
"WGCNA_blue","RANBP3"
"WGCNA_blue","PNPLA6"
"WGCNA_blue","MAP2K3"
"WGCNA_blue","DAPK2"
"WGCNA_blue","CYP46A1"
"WGCNA_blue","USP2"
"WGCNA_blue","TUBG2"
"WGCNA_blue","FBXO42"
"WGCNA_blue","MRI1"
"WGCNA_blue","METTL1"
"WGCNA_blue","CLEC16A"
"WGCNA_blue","RIPOR1"
"WGCNA_blue","PNKP"
"WGCNA_blue","SLC66A1"
"WGCNA_blue","RTN4R"
"WGCNA_blue","PARP3"
"WGCNA_blue","RIPOR3"
"WGCNA_blue","KATNIP"
"WGCNA_blue","NOP16"
"WGCNA_blue","COL9A2"
"WGCNA_blue","ELN"
"WGCNA_blue","PPP1R3F"
"WGCNA_blue","ARHGEF5"
"WGCNA_blue","COL23A1"
"WGCNA_blue","BCAR1"
"WGCNA_blue","FHIP1B"
"WGCNA_blue","HOMER3"
"WGCNA_blue","PRSS8"
"WGCNA_blue","RRP12"
"WGCNA_blue","PHPT1"
"WGCNA_blue","ENTPD2"
"WGCNA_blue","PLEKHH1"
"WGCNA_blue","KCNH2"
"WGCNA_blue","USP36"
"WGCNA_blue","TRAF1"
"WGCNA_blue","CAMK2B"
"WGCNA_blue","CROCC"
"WGCNA_blue","FLYWCH1"
"WGCNA_blue","UNKL"
"WGCNA_blue","PSD"
"WGCNA_blue","OGFR"
"WGCNA_blue","CREB3L3"
"WGCNA_blue","HDAC7"
"WGCNA_blue","SPAG4"
"WGCNA_blue","SFSWAP"
"WGCNA_blue","TNK2"
"WGCNA_blue","LTK"
"WGCNA_blue","MRPS24"
"WGCNA_blue","BICRA"
"WGCNA_blue","SPHK2"
"WGCNA_blue","CA11"
"WGCNA_blue","ISOC2"
"WGCNA_blue","EPN1"
"WGCNA_blue","AHRR"
"WGCNA_blue","ADCK1"
"WGCNA_blue","HAGH"
"WGCNA_blue","TSPAN32"
"WGCNA_blue","NGFR"
"WGCNA_blue","RFXANK"
"WGCNA_blue","TMEM161A"
"WGCNA_blue","LPAR2"
"WGCNA_blue","SUGP2"
"WGCNA_blue","CNN2"
"WGCNA_blue","ABCA7"
"WGCNA_blue","SBNO2"
"WGCNA_blue","HMG20B"
"WGCNA_blue","ANKS1A"
"WGCNA_blue","ZNF76"
"WGCNA_blue","NHERF2"
"WGCNA_blue","WDR18"
"WGCNA_blue","GSTO2"
"WGCNA_blue","TLE2"
"WGCNA_blue","PDE4A"
"WGCNA_blue","NFYC"
"WGCNA_blue","NGEF"
"WGCNA_blue","KIF26A"
"WGCNA_blue","CACNB1"
"WGCNA_blue","METTL22"
"WGCNA_blue","PRKCZ"
"WGCNA_blue","ROGDI"
"WGCNA_blue","PDZD4"
"WGCNA_blue","HDAC4"
"WGCNA_blue","RASSF1"
"WGCNA_blue","FGFR3"
"WGCNA_blue","COASY"
"WGCNA_blue","PLEKHH3"
"WGCNA_blue","OTUD5"
"WGCNA_blue","TFE3"
"WGCNA_blue","TBC1D25"
"WGCNA_blue","GRIPAP1"
"WGCNA_blue","FTSJ1"
"WGCNA_blue","RASGRP2"
"WGCNA_blue","PPP2R5B"
"WGCNA_blue","SDK2"
"WGCNA_blue","BCL3"
"WGCNA_blue","HDHD5"
"WGCNA_blue","UFD1"
"WGCNA_blue","SCT"
"WGCNA_blue","PHRF1"
"WGCNA_blue","FGF22"
"WGCNA_blue","RNF126"
"WGCNA_blue","MNT"
"WGCNA_blue","ZXDC"
"WGCNA_blue","JMJD6"
"WGCNA_blue","GBA2"
"WGCNA_blue","TCOF1"
"WGCNA_blue","TCF3"
"WGCNA_blue","DAZAP1"
"WGCNA_blue","MBD3"
"WGCNA_blue","FAM50A"
"WGCNA_blue","FAM3A"
"WGCNA_blue","CPSF1"
"WGCNA_blue","ADGRL1"
"WGCNA_blue","PTPN18"
"WGCNA_blue","LIMS2"
"WGCNA_blue","SPEG"
"WGCNA_blue","SREBF1"
"WGCNA_blue","CHFR"
"WGCNA_blue","ACADVL"
"WGCNA_blue","ACAP1"
"WGCNA_blue","XRCC1"
"WGCNA_blue","PANX2"
"WGCNA_blue","SELENOO"
"WGCNA_blue","LLGL2"
"WGCNA_blue","ADAM11"
"WGCNA_blue","MRPS34"
"WGCNA_blue","ATP2A3"
"WGCNA_blue","BCS1L"
"WGCNA_blue","SCARF1"
"WGCNA_blue","ANO8"
"WGCNA_blue","ARHGEF10L"
"WGCNA_blue","TTC38"
"WGCNA_blue","GRAMD4"
"WGCNA_blue","VPS9D1"
"WGCNA_blue","ACTB"
"WGCNA_blue","WDR62"
"WGCNA_blue","SEC31B"
"WGCNA_blue","PAX2"
"WGCNA_blue","BAZ2A"
"WGCNA_blue","PTPN23"
"WGCNA_blue","RGS11"
"WGCNA_blue","PLXNA2"
"WGCNA_blue","TRAF4"
"WGCNA_blue","ICAM3"
"WGCNA_blue","CAMSAP3"
"WGCNA_blue","RAP1GAP"
"WGCNA_blue","XAB2"
"WGCNA_blue","ARHGEF1"
"WGCNA_blue","STXBP2"
"WGCNA_blue","MAP2K7"
"WGCNA_blue","DGKD"
"WGCNA_blue","NFKB2"
"WGCNA_blue","IL4R"
"WGCNA_blue","SNRPA"
"WGCNA_blue","APBB1IP"
"WGCNA_blue","SIRT6"
"WGCNA_blue","ARAF"
"WGCNA_blue","TULP3"
"WGCNA_blue","CBFA2T2"
"WGCNA_blue","MYH7B"
"WGCNA_blue","TP73"
"WGCNA_blue","MKNK1"
"WGCNA_blue","TNS1"
"WGCNA_blue","REXO1"
"WGCNA_blue","RAPGEF3"
"WGCNA_blue","CIC"
"WGCNA_blue","RABL2B"
"WGCNA_blue","COL5A3"
"WGCNA_blue","SRCAP"
"WGCNA_blue","MOK"
"WGCNA_blue","DLGAP4"
"WGCNA_blue","IGSF9B"
"WGCNA_blue","CROCCP3"
"WGCNA_blue","TCF7"
"WGCNA_blue","SEMA5B"
"WGCNA_blue","P2RX5"
"WGCNA_blue","SLC27A5"
"WGCNA_blue","ZNF446"
"WGCNA_blue","GCKR"
"WGCNA_blue","MAPRE3"
"WGCNA_blue","CAD"
"WGCNA_blue","BCORL1"
"WGCNA_blue","IGSF9"
"WGCNA_blue","ZNF213"
"WGCNA_blue","WNT11"
"WGCNA_blue","CHERP"
"WGCNA_blue","MAST2"
"WGCNA_blue","MRPL28"
"WGCNA_blue","PPP1R15A"
"WGCNA_blue","HSD17B14"
"WGCNA_blue","TRIP6"
"WGCNA_blue","ACHE"
"WGCNA_blue","SRRT"
"WGCNA_blue","BAX"
"WGCNA_blue","ATXN7L3"
"WGCNA_blue","SF3B2"
"WGCNA_blue","RFX2"
"WGCNA_blue","CNOT3"
"WGCNA_blue","GNA11"
"WGCNA_blue","REM1"
"WGCNA_blue","PPP1R13B"
"WGCNA_blue","SLC4A11"
"WGCNA_blue","ZNF343"
"WGCNA_blue","EBF4"
"WGCNA_blue","LZTS3"
"WGCNA_blue","DZANK1"
"WGCNA_blue","KDM2B"
"WGCNA_blue","PXN"
"WGCNA_blue","NOS1"
"WGCNA_blue","FUS"
"WGCNA_blue","FXYD5"
"WGCNA_blue","GRAMD1A"
"WGCNA_blue","KCNH4"
"WGCNA_blue","BIRC5"
"WGCNA_blue","LAG3"
"WGCNA_blue","ARHGAP4"
"WGCNA_blue","ANKRD24"
"WGCNA_blue","LTBP4"
"WGCNA_blue","BLVRB"
"WGCNA_blue","SLC9A1"
"WGCNA_blue","CCNK"
"WGCNA_blue","PCBP4"
"WGCNA_blue","YPEL3"
"WGCNA_blue","MAEA"
"WGCNA_blue","STRN4"
"WGCNA_blue","TFAP4"
"WGCNA_blue","THPO"
"WGCNA_blue","CHRD"
"WGCNA_blue","FLT3LG"
"WGCNA_blue","RAB11FIP3"
"WGCNA_blue","GNPTG"
"WGCNA_blue","GOLGA3"
"WGCNA_blue","PLEKHG2"
"WGCNA_blue","NAT14"
"WGCNA_blue","PITPNM2"
"WGCNA_blue","DTX2"
"WGCNA_blue","MYO15A"
"WGCNA_blue","NLRP1"
"WGCNA_blue","ZC3HC1"
"WGCNA_blue","SLC22A17"
"WGCNA_blue","CAPN3"
"WGCNA_blue","COL9A3"
"WGCNA_blue","TEKT2"
"WGCNA_blue","UNC13D"
"WGCNA_blue","HDAC6"
"WGCNA_blue","AAAS"
"WGCNA_blue","DHPS"
"WGCNA_blue","HOOK2"
"WGCNA_blue","SH2D3C"
"WGCNA_blue","TBC1D2"
"WGCNA_blue","WHRN"
"WGCNA_blue","SEMA4G"
"WGCNA_blue","NUBP2"
"WGCNA_blue","TPSD1"
"WGCNA_blue","ITPR3"
"WGCNA_blue","MAST3"
"WGCNA_blue","MZF1"
"WGCNA_blue","MYO9B"
"WGCNA_blue","CATSPERG"
"WGCNA_blue","FBXL19"
"WGCNA_blue","STX1B"
"WGCNA_blue","SETD1A"
"WGCNA_blue","CIRBP"
"WGCNA_blue","ATP5F1D"
"WGCNA_blue","CBARP"
"WGCNA_blue","IGFALS"
"WGCNA_blue","HNRNPM"
"WGCNA_blue","NDUFB7"
"WGCNA_blue","TIMM13"
"WGCNA_blue","CDC34"
"WGCNA_blue","CEP170B"
"WGCNA_blue","POLRMT"
"WGCNA_blue","CDHR5"
"WGCNA_blue","RASSF7"
"WGCNA_blue","PALM"
"WGCNA_blue","ARVCF"
"WGCNA_blue","TRMT2A"
"WGCNA_blue","ZDHHC8"
"WGCNA_blue","MED15"
"WGCNA_blue","LZTR1"
"WGCNA_blue","P2RX6"
"WGCNA_blue","DERL3"
"WGCNA_blue","CABIN1"
"WGCNA_blue","TBC1D10A"
"WGCNA_blue","SUSD2"
"WGCNA_blue","GGT5"
"WGCNA_blue","RNF215"
"WGCNA_blue","PPIL2"
"WGCNA_blue","UPB1"
"WGCNA_blue","SLC35E4"
"WGCNA_blue","TOP3B"
"WGCNA_blue","CARD10"
"WGCNA_blue","SLC25A1"
"WGCNA_blue","GGA1"
"WGCNA_blue","SH3BP1"
"WGCNA_blue","HPS4"
"WGCNA_blue","TRIOBP"
"WGCNA_blue","MICALL1"
"WGCNA_blue","CYP2D6"
"WGCNA_blue","DNAL4"
"WGCNA_blue","LMF2"
"WGCNA_blue","RHBDD3"
"WGCNA_blue","RASL10A"
"WGCNA_blue","TOM1"
"WGCNA_blue","CHKB"
"WGCNA_blue","THOC5"
"WGCNA_blue","ARSA"
"WGCNA_blue","TSPO"
"WGCNA_blue","RASD2"
"WGCNA_blue","PDGFB"
"WGCNA_blue","ACR"
"WGCNA_blue","SYNGR1"
"WGCNA_blue","APOL1"
"WGCNA_blue","CACNA1I"
"WGCNA_blue","SGSM3"
"WGCNA_blue","FAM118A"
"WGCNA_blue","CHADL"
"WGCNA_blue","POLR3H"
"WGCNA_blue","TRMU"
"WGCNA_blue","BRD1"
"WGCNA_blue","HDAC10"
"WGCNA_blue","RIN3"
"WGCNA_blue","TELO2"
"WGCNA_blue","C14ORF93"
"WGCNA_blue","ACIN1"
"WGCNA_blue","EFS"
"WGCNA_blue","PSME2"
"WGCNA_blue","NFATC4"
"WGCNA_blue","NINL"
"WGCNA_blue","ZMYND8"
"WGCNA_blue","SGK2"
"WGCNA_blue","MYBL2"
"WGCNA_blue","PABPC1L"
"WGCNA_blue","SALL4"
"WGCNA_blue","PRPF6"
"WGCNA_blue","MTG2"
"WGCNA_blue","SLC17A9"
"WGCNA_blue","ARFGAP1"
"WGCNA_blue","COL20A1"
"WGCNA_blue","PTK6"
"WGCNA_blue","GMEB2"
"WGCNA_blue","ADISSP"
"WGCNA_blue","CDC25B"
"WGCNA_blue","ARFRP1"
"WGCNA_blue","TRIB3"
"WGCNA_blue","ANGPT4"
"WGCNA_blue","SNPH"
"WGCNA_blue","CCM2L"
"WGCNA_blue","MROH8"
"WGCNA_blue","NOP56"
"WGCNA_blue","CDK5RAP1"
"WGCNA_blue","SNTA1"
"WGCNA_blue","OXT"
"WGCNA_blue","MAP1LC3A"
"WGCNA_blue","ST8SIA5"
"WGCNA_blue","WDR13"
"WGCNA_blue","CACNA1F"
"WGCNA_blue","SYP"
"WGCNA_blue","NAA10"
"WGCNA_blue","RENBP"
"WGCNA_blue","KCND1"
"WGCNA_blue","PIM2"
"WGCNA_blue","PQBP1"
"WGCNA_blue","TAFAZZIN"
"WGCNA_blue","CDK16"
"WGCNA_blue","FGD1"
"WGCNA_blue","MGRN1"
"WGCNA_blue","ZNF629"
"WGCNA_blue","TRADD"
"WGCNA_blue","GDPD3"
"WGCNA_blue","ELMO3"
"WGCNA_blue","CENPT"
"WGCNA_blue","PLLP"
"WGCNA_blue","DHODH"
"WGCNA_blue","ACD"
"WGCNA_blue","PARD6A"
"WGCNA_blue","ZNF821"
"WGCNA_blue","MMP15"
"WGCNA_blue","NME3"
"WGCNA_blue","HAS3"
"WGCNA_blue","COG4"
"WGCNA_blue","SMPD3"
"WGCNA_blue","PLA2G15"
"WGCNA_blue","WDR59"
"WGCNA_blue","AXIN1"
"WGCNA_blue","HCFC1R1"
"WGCNA_blue","NPRL3"
"WGCNA_blue","MPG"
"WGCNA_blue","NECAB2"
"WGCNA_blue","TAF1C"
"WGCNA_blue","NAGPA"
"WGCNA_blue","WFDC1"
"WGCNA_blue","TSC2"
"WGCNA_blue","ZNF500"
"WGCNA_blue","NME4"
"WGCNA_blue","ABCC1"
"WGCNA_blue","LMF1"
"WGCNA_blue","FOXF1"
"WGCNA_blue","CIAO3"
"WGCNA_blue","MTHFSD"
"WGCNA_blue","HAGHL"
"WGCNA_blue","ANTKMT"
"WGCNA_blue","METRN"
"WGCNA_blue","FBXO31"
"WGCNA_blue","STUB1"
"WGCNA_blue","RHBDL1"
"WGCNA_blue","CAPN15"
"WGCNA_blue","PIEZO1"
"WGCNA_blue","ELOB"
"WGCNA_blue","MAZ"
"WGCNA_blue","STX4"
"WGCNA_blue","KAT8"
"WGCNA_blue","CD276"
"WGCNA_blue","IKBKB"
"WGCNA_blue","GSDMD"
"WGCNA_blue","PYCR3"
"WGCNA_blue","EEF1D"
"WGCNA_blue","R3HCC1"
"WGCNA_blue","ERICH1"
"WGCNA_blue","ARHGEF10"
"WGCNA_blue","KLHDC4"
"WGCNA_blue","GYS1"
"WGCNA_blue","MAP4K1"
"WGCNA_blue","ECH1"
"WGCNA_blue","NFKBIB"
"WGCNA_blue","TUBB4A"
"WGCNA_blue","SARS2"
"WGCNA_blue","SNRNP70"
"WGCNA_blue","CLASRP"
"WGCNA_blue","LIN7B"
"WGCNA_blue","PPP1R37"
"WGCNA_blue","FCGRT"
"WGCNA_blue","PPP1R13L"
"WGCNA_blue","PEX11G"
"WGCNA_blue","DOT1L"
"WGCNA_blue","PLEKHJ1"
"WGCNA_blue","SLC17A7"
"WGCNA_blue","KLC3"
"WGCNA_blue","SF3A2"
"WGCNA_blue","AMH"
"WGCNA_blue","LYL1"
"WGCNA_blue","TRMT1"
"WGCNA_blue","FCER2"
"WGCNA_blue","DMPK"
"WGCNA_blue","TBC1D17"
"WGCNA_blue","YJU2B"
"WGCNA_blue","PTOV1"
"WGCNA_blue","TLE5"
"WGCNA_blue","NOVA2"
"WGCNA_blue","SGTA"
"WGCNA_blue","MED25"
"WGCNA_blue","SNAPC2"
"WGCNA_blue","CCDC61"
"WGCNA_blue","C19ORF44"
"WGCNA_blue","RASAL3"
"WGCNA_blue","AKAP8"
"WGCNA_blue","SYDE1"
"WGCNA_blue","AURKC"
"WGCNA_blue","DYRK1B"
"WGCNA_blue","CCNP"
"WGCNA_blue","PIAS4"
"WGCNA_blue","NUMBL"
"WGCNA_blue","YJU2"
"WGCNA_blue","SHD"
"WGCNA_blue","TBCB"
"WGCNA_blue","CLIP3"
"WGCNA_blue","PRKD2"
"WGCNA_blue","TJP3"
"WGCNA_blue","CACTIN"
"WGCNA_blue","FZR1"
"WGCNA_blue","BBC3"
"WGCNA_blue","MYH14"
"WGCNA_blue","MRPL4"
"WGCNA_blue","NOP53"
"WGCNA_blue","TYK2"
"WGCNA_blue","CDC37"
"WGCNA_blue","RABAC1"
"WGCNA_blue","PTPRS"
"WGCNA_blue","KDELR1"
"WGCNA_blue","CYTH2"
"WGCNA_blue","GRIN2D"
"WGCNA_blue","CLEC11A"
"WGCNA_blue","ODAD1"
"WGCNA_blue","LIG1"
"WGCNA_blue","PLA2G4C"
"WGCNA_blue","RAB3D"
"WGCNA_blue","TMEM205"
"WGCNA_blue","CAPS"
"WGCNA_blue","PLPPR2"
"WGCNA_blue","FAM83E"
"WGCNA_blue","RASIP1"
"WGCNA_blue","BCAT2"
"WGCNA_blue","MIER2"
"WGCNA_blue","PLEKHA4"
"WGCNA_blue","LENG1"
"WGCNA_blue","PRPF31"
"WGCNA_blue","TFPT"
"WGCNA_blue","JAK3"
"WGCNA_blue","RPL18A"
"WGCNA_blue","RAB3A"
"WGCNA_blue","PDE4C"
"WGCNA_blue","ISYNA1"
"WGCNA_blue","ELL"
"WGCNA_blue","CRTC1"
"WGCNA_blue","COPE"
"WGCNA_blue","ETV2"
"WGCNA_blue","LSR"
"WGCNA_blue","FKBP8"
"WGCNA_blue","SUGP1"
"WGCNA_blue","HPN"
"WGCNA_blue","PBX4"
"WGCNA_blue","ERF"
"WGCNA_blue","GSK3A"
"WGCNA_blue","ATP13A1"
"WGCNA_blue","SMG9"
"WGCNA_blue","RASA4"
"WGCNA_blue","WDR91"
"WGCNA_blue","ADAP1"
"WGCNA_blue","HOXA3"
"WGCNA_blue","LFNG"
"WGCNA_blue","BRAT1"
"WGCNA_blue","IQCE"
"WGCNA_blue","VIPR2"
"WGCNA_blue","ABHD11"
"WGCNA_blue","STX1A"
"WGCNA_blue","NOD1"
"WGCNA_blue","EPHB6"
"WGCNA_blue","HSPB1"
"WGCNA_blue","PTCD1"
"WGCNA_blue","NUDT1"
"WGCNA_blue","FSCN3"
"WGCNA_blue","MOSPD3"
"WGCNA_blue","PCOLCE"
"WGCNA_blue","FBXO24"
"WGCNA_blue","RBM28"
"WGCNA_blue","MOGAT3"
"WGCNA_blue","CLDN15"
"WGCNA_blue","ZNF862"
"WGCNA_blue","RARRES2"
"WGCNA_blue","URGCP"
"WGCNA_blue","POLD2"
"WGCNA_blue","MYL7"
"WGCNA_blue","GCK"
"WGCNA_blue","LHX6"
"WGCNA_blue","AKNA"
"WGCNA_blue","DNM1"
"WGCNA_blue","AK1"
"WGCNA_blue","TESK1"
"WGCNA_blue","KCNT1"
"WGCNA_blue","NPDC1"
"WGCNA_blue","SHB"
"WGCNA_blue","DVL1"
"WGCNA_blue","HPS1"
"WGCNA_blue","RASSF4"
"WGCNA_blue","CUBN"
"WGCNA_blue","CDH23"
"WGCNA_blue","TLX1"
"WGCNA_blue","LZTS2"
"WGCNA_blue","FBXL15"
"WGCNA_blue","SH3PXD2A"
"WGCNA_blue","UBE2S"
"WGCNA_blue","RPL28"
"WGCNA_blue","ZMIZ1"
"WGCNA_blue","GIT1"
"WGCNA_blue","RAPGEFL1"
"WGCNA_blue","RGS9"
"WGCNA_blue","WNT3"
"WGCNA_blue","RECQL5"
"WGCNA_blue","GALK1"
"WGCNA_blue","CAMTA2"
"WGCNA_blue","CHRNE"
"WGCNA_blue","RAI1"
"WGCNA_blue","DRG2"
"WGCNA_blue","ALDH3A1"
"WGCNA_blue","DHX58"
"WGCNA_blue","KAT2A"
"WGCNA_blue","NAGLU"
"WGCNA_blue","HSD17B1"
"WGCNA_blue","CNTNAP1"
"WGCNA_blue","EZH1"
"WGCNA_blue","PPP1R9B"
"WGCNA_blue","SGCA"
"WGCNA_blue","HDAC5"
"WGCNA_blue","ABCC3"
"WGCNA_blue","FAM20A"
"WGCNA_blue","RANGRF"
"WGCNA_blue","NAT9"
"WGCNA_blue","CDR2L"
"WGCNA_blue","PHF12"
"WGCNA_blue","NSD2"
"WGCNA_blue","SLC75A1"
"WGCNA_blue","HGFAC"
"WGCNA_blue","ZPR1"
"WGCNA_blue","SNX15"
"WGCNA_blue","DCPS"
"WGCNA_blue","CPT1A"
"WGCNA_blue","TRIM3"
"WGCNA_blue","ARHGEF17"
"WGCNA_blue","CEP164"
"WGCNA_blue","ACCS"
"WGCNA_blue","NAA40"
"WGCNA_blue","SLC67A1"
"WGCNA_blue","C11ORF21"
"WGCNA_blue","AIP"
"WGCNA_blue","NDUFS8"
"WGCNA_blue","TCIRG1"
"WGCNA_blue","PSMD9"
"WGCNA_blue","P3H3"
"WGCNA_blue","PRPF40B"
"WGCNA_blue","ASIC1"
"WGCNA_blue","CYP27B1"
"WGCNA_blue","TNS2"
"WGCNA_blue","GLI1"
"WGCNA_blue","WNT5B"
"WGCNA_blue","ITFG2"
"WGCNA_blue","FOXM1"
"WGCNA_blue","SCNN1A"
"WGCNA_blue","RASAL1"
"WGCNA_blue","NOP2"
"WGCNA_blue","ACRBP"
"WGCNA_blue","GNB3"
"WGCNA_blue","CDCA3"
"WGCNA_blue","SPSB2"
"WGCNA_blue","ENO2"
"WGCNA_blue","ATN1"
"WGCNA_blue","C12ORF57"
"WGCNA_blue","NT5DC3"
"WGCNA_blue","PHC1"
"WGCNA_blue","GABRR2"
"WGCNA_blue","LY6G5C"
"WGCNA_blue","PPARD"
"WGCNA_blue","TSPO2"
"WGCNA_blue","TAPBP"
"WGCNA_blue","PHF1"
"WGCNA_blue","TFEB"
"WGCNA_blue","GUCA1B"
"WGCNA_blue","SRF"
"WGCNA_blue","CUL9"
"WGCNA_blue","DNPH1"
"WGCNA_blue","VEGFA"
"WGCNA_blue","BTN2A1"
"WGCNA_blue","FBRSL1"
"WGCNA_blue","APBB3"
"WGCNA_blue","SLC12A7"
"WGCNA_blue","HMGXB3"
"WGCNA_blue","UNC5A"
"WGCNA_blue","BCL6"
"WGCNA_blue","COL7A1"
"WGCNA_blue","CYB561D2"
"WGCNA_blue","ABTB1"
"WGCNA_blue","EFCC1"
"WGCNA_blue","HEMK1"
"WGCNA_blue","RRP9"
"WGCNA_blue","ABCC5"
"WGCNA_blue","ABHD14A-ACY1"
"WGCNA_blue","VIPR1"
"WGCNA_blue","DNAH1"
"WGCNA_blue","CLCN2"
"WGCNA_blue","SLC4A3"
"WGCNA_blue","KANSL3"
"WGCNA_blue","RTKN"
"WGCNA_blue","FAHD2A"
"WGCNA_blue","ZAP70"
"WGCNA_blue","POMC"
"WGCNA_blue","MPV17"
"WGCNA_blue","EIF2B4"
"WGCNA_blue","FNDC4"
"WGCNA_blue","REEP6"
"WGCNA_blue","PCSK4"
"WGCNA_blue","INO80B"
"WGCNA_blue","TTC31"
"WGCNA_blue","NDUFS7"
"WGCNA_blue","PCGF1"
"WGCNA_blue","LOXL3"
"WGCNA_blue","ELMOD3"
"WGCNA_blue","GNLY"
"WGCNA_blue","ZNF142"
"WGCNA_blue","MLPH"
"WGCNA_blue","ABCB6"
"WGCNA_blue","PASK"
"WGCNA_blue","STK25"
"WGCNA_blue","PROC"
"WGCNA_blue","HPCAL1"
"WGCNA_blue","AAK1"
"WGCNA_blue","ARID3A"
"WGCNA_blue","ATP6V1B1"
"WGCNA_blue","BCL9"
"WGCNA_blue","MORN1"
"WGCNA_blue","TPSG1"
"WGCNA_blue","WRAP73"
"WGCNA_blue","AMPD2"
"WGCNA_blue","TRIM62"
"WGCNA_blue","GON4L"
"WGCNA_blue","SRM"
"WGCNA_blue","FBXO2"
"WGCNA_blue","MAD2L2"
"WGCNA_blue","KIAA2013"
"WGCNA_blue","PRG4"
"WGCNA_blue","MIIP"
"WGCNA_blue","ZBTB17"
"WGCNA_blue","MAP7D1"
"WGCNA_blue","KCNQ4"
"WGCNA_blue","CDK18"
"WGCNA_blue","GALE"
"WGCNA_blue","PRPF3"
"WGCNA_blue","P3H1"
"WGCNA_blue","EBNA1BP2"
"WGCNA_blue","ARTN"
"WGCNA_blue","PTCH2"
"WGCNA_blue","FAAH"
"WGCNA_blue","ARID1A"
"WGCNA_blue","SLC5A9"
"WGCNA_blue","CTSD"
"WGCNA_blue","STK11"
"WGCNA_blue","APOA1"
"WGCNA_blue","KPTN"
"WGCNA_blue","TNNT2"
"WGCNA_blue","USP35"
"WGCNA_blue","PMFBP1"
"WGCNA_blue","TGIF2"
"WGCNA_blue","PPL"
"WGCNA_blue","PIGZ"
"WGCNA_blue","CCDC92"
"WGCNA_blue","HDHD3"
"WGCNA_blue","DENND1A"
"WGCNA_blue","C19ORF25"
"WGCNA_blue","ZBTB45"
"WGCNA_blue","YLPM1"
"WGCNA_blue","PGF"
"WGCNA_blue","IFI27L2"
"WGCNA_blue","ABCD4"
"WGCNA_blue","DNMT3A"
"WGCNA_blue","PYROXD2"
"WGCNA_blue","KCNIP2"
"WGCNA_blue","HOXB5"
"WGCNA_blue","HOXB3"
"WGCNA_blue","ARAP3"
"WGCNA_blue","SPART-AS1"
"WGCNA_blue","SORBS3"
"WGCNA_blue","PDLIM2"
"WGCNA_blue","TBX2"
"WGCNA_blue","ECHDC2"
"WGCNA_blue","A1BG"
"WGCNA_blue","ZSCAN18"
"WGCNA_blue","MAPK8IP1"
"WGCNA_blue","PEX16"
"WGCNA_blue","PILRB"
"WGCNA_blue","ADGRB2"
"WGCNA_blue","ANXA11"
"WGCNA_blue","ZNF205"
"WGCNA_blue","NAA60"
"WGCNA_blue","SLC66A2"
"WGCNA_blue","ZMIZ2"
"WGCNA_blue","OCM"
"WGCNA_blue","EEPD1"
"WGCNA_blue","WIPF3"
"WGCNA_blue","POLM"
"WGCNA_blue","CNTFR"
"WGCNA_blue","ACADS"
"WGCNA_blue","DDX54"
"WGCNA_blue","DDX39A"
"WGCNA_blue","WDR83"
"WGCNA_blue","GIPC1"
"WGCNA_blue","ARHGAP9"
"WGCNA_blue","NR4A1"
"WGCNA_blue","LRP1"
"WGCNA_blue","ATG101"
"WGCNA_blue","IKZF4"
"WGCNA_blue","DBH"
"WGCNA_blue","BATF3"
"WGCNA_blue","G0S2"
"WGCNA_blue","B9D2"
"WGCNA_blue","COQ8B"
"WGCNA_blue","MXD4"
"WGCNA_blue","CHPF"
"WGCNA_blue","OBSL1"
"WGCNA_blue","ENKD1"
"WGCNA_blue","FAM209A"
"WGCNA_blue","SNX21"
"WGCNA_blue","NCOA5"
"WGCNA_blue","PLCG1"
"WGCNA_blue","TOX2"
"WGCNA_blue","DDX27"
"WGCNA_blue","NEURL2"
"WGCNA_blue","IQSEC2"
"WGCNA_blue","NAGK"
"WGCNA_blue","SERPINB6"
"WGCNA_blue","ABCC10"
"WGCNA_blue","NQO2"
"WGCNA_blue","UNC5CL"
"WGCNA_blue","AARS2"
"WGCNA_blue","CPNE5"
"WGCNA_blue","KCNK17"
"WGCNA_blue","RREB1"
"WGCNA_blue","RAB17"
"WGCNA_blue","MYRF"
"WGCNA_blue","SH3TC1"
"WGCNA_blue","HROB"
"WGCNA_blue","BMP4"
"WGCNA_blue","FAM193A"
"WGCNA_blue","GRK4"
"WGCNA_blue","SLC25A35"
"WGCNA_blue","GGA3"
"WGCNA_blue","NUP85"
"WGCNA_blue","SLC25A19"
"WGCNA_blue","NT5C"
"WGCNA_blue","MSTO1"
"WGCNA_blue","DDX31"
"WGCNA_blue","PPP1R12C"
"WGCNA_blue","SLC2A4RG"
"WGCNA_blue","PPDPF"
"WGCNA_blue","CHCHD5"
"WGCNA_blue","PSD4"
"WGCNA_blue","PSPN"
"WGCNA_blue","ALKBH7"
"WGCNA_blue","CLPP"
"WGCNA_blue","SH2D3A"
"WGCNA_blue","TRIP10"
"WGCNA_blue","TNFSF14"
"WGCNA_blue","SYMPK"
"WGCNA_blue","FOXA2"
"WGCNA_blue","CENPB"
"WGCNA_blue","RBCK1"
"WGCNA_blue","SNRPB"
"WGCNA_blue","RRBP1"
"WGCNA_blue","ZNF133"
"WGCNA_blue","BFSP1"
"WGCNA_blue","TCF15"
"WGCNA_blue","TMEM74B"
"WGCNA_blue","FAM110A"
"WGCNA_blue","NCLN"
"WGCNA_blue","NECAB3"
"WGCNA_blue","ID1"
"WGCNA_blue","MMP24OS"
"WGCNA_blue","TMEM115"
"WGCNA_blue","HECTD3"
"WGCNA_blue","KLC1"
"WGCNA_blue","XRCC3"
"WGCNA_blue","MCF2L"
"WGCNA_blue","PROZ"
"WGCNA_blue","RBM42"
"WGCNA_blue","BCL2L12"
"WGCNA_blue","IRF3"
"WGCNA_blue","RRAS"
"WGCNA_blue","PRRG2"
"WGCNA_blue","SCAF1"
"WGCNA_blue","PRR12"
"WGCNA_blue","TSKS"
"WGCNA_blue","WNK4"
"WGCNA_blue","GLIS2"
"WGCNA_blue","AHDC1"
"WGCNA_blue","ZNF384"
"WGCNA_blue","PLEKHG3"
"WGCNA_blue","DYNC2I1"
"WGCNA_blue","AVPR2"
"WGCNA_blue","MAP2K2"
"WGCNA_blue","INTS11"
"WGCNA_blue","FGD3"
"WGCNA_blue","EDN2"
"WGCNA_blue","ABHD8"
"WGCNA_blue","IDUA"
"WGCNA_blue","TMEM175"
"WGCNA_blue","PIN1"
"WGCNA_blue","FBXL12"
"WGCNA_blue","PLA2G5"
"WGCNA_blue","SIN3B"
"WGCNA_blue","KLF2"
"WGCNA_blue","PKMYT1"
"WGCNA_blue","WFIKKN1"
"WGCNA_blue","WDR24"
"WGCNA_blue","FBXL16"
"WGCNA_blue","CHTF18"
"WGCNA_blue","SMARCA4"
"WGCNA_blue","TICAM1"
"WGCNA_blue","LRFN1"
"WGCNA_blue","ZFP36"
"WGCNA_blue","TUBGCP6"
"WGCNA_blue","ADM2"
"WGCNA_blue","DGCR6L"
"WGCNA_blue","DGCR8"
"WGCNA_blue","VPREB3"
"WGCNA_blue","SDF2L1"
"WGCNA_blue","GAL3ST1"
"WGCNA_blue","RFPL2"
"WGCNA_blue","GNAZ"
"WGCNA_blue","A4GALT"
"WGCNA_blue","BAIAP2L2"
"WGCNA_blue","MPST"
"WGCNA_blue","TST"
"WGCNA_blue","RNF112"
"WGCNA_blue","PRKRIP1"
"WGCNA_blue","SMO"
"WGCNA_blue","IRF5"
"WGCNA_blue","MRPS12"
"WGCNA_blue","ARHGAP22"
"WGCNA_blue","CHAC1"
"WGCNA_blue","SOX15"
"WGCNA_blue","PLD2"
"WGCNA_blue","ATP1B2"
"WGCNA_blue","KRI1"
"WGCNA_blue","ILF3"
"WGCNA_blue","ADCY4"
"WGCNA_blue","NRL"
"WGCNA_blue","TEP1"
"WGCNA_blue","QRICH2"
"WGCNA_blue","RHBDF2"
"WGCNA_blue","CDKN1C"
"WGCNA_blue","KLF16"
"WGCNA_blue","DOHH"
"WGCNA_blue","MAU2"
"WGCNA_blue","SHC2"
"WGCNA_blue","INS-IGF2"
"WGCNA_blue","ABHD17A"
"WGCNA_blue","CBFA2T3"
"WGCNA_blue","GALNT8"
"WGCNA_blue","CRACR2A"
"WGCNA_blue","DOCK6"
"WGCNA_blue","ANGPTL8"
"WGCNA_blue","PRKCSH"
"WGCNA_blue","APOE"
"WGCNA_blue","TOMM40"
"WGCNA_blue","FAM98C"
"WGCNA_blue","SAFB2"
"WGCNA_blue","ATP8B3"
"WGCNA_blue","GTPBP3"
"WGCNA_blue","SLC27A1"
"WGCNA_blue","NSUN5"
"WGCNA_blue","USHBP1"
"WGCNA_blue","PGLS"
"WGCNA_blue","LSM7"
"WGCNA_blue","MLLT1"
"WGCNA_blue","FCHO1"
"WGCNA_blue","SSBP4"
"WGCNA_blue","GDF15"
"WGCNA_blue","IQCN"
"WGCNA_blue","JUND"
"WGCNA_blue","TRPM4"
"WGCNA_blue","ZNF557"
"WGCNA_blue","UBAC1"
"WGCNA_blue","ZBTB46"
"WGCNA_blue","HELZ2"
"WGCNA_blue","SAMD10"
"WGCNA_blue","PNPLA7"
"WGCNA_blue","PAK4"
"WGCNA_blue","TAF4"
"WGCNA_blue","GATA5"
"WGCNA_blue","LAMA5"
"WGCNA_blue","ADRM1"
"WGCNA_blue","POMT1"
"WGCNA_blue","TRIM28"
"WGCNA_blue","ATG4D"
"WGCNA_blue","TMEM160"
"WGCNA_blue","ZC3H4"
"WGCNA_blue","MAP3K10"
"WGCNA_blue","ARHGEF16"
"WGCNA_blue","SESN2"
"WGCNA_blue","MED18"
"WGCNA_blue","HIP1R"
"WGCNA_blue","PPAN"
"WGCNA_blue","EIF3G"
"WGCNA_blue","SHFL"
"WGCNA_blue","PLXNA3"
"WGCNA_blue","DUSP9"
"WGCNA_blue","MTRFR"
"WGCNA_blue","CASZ1"
"WGCNA_blue","HABP4"
"WGCNA_blue","POLN"
"WGCNA_blue","EPS8L1"
"WGCNA_blue","TTLL9"
"WGCNA_blue","ZNF341"
"WGCNA_blue","GGT7"
"WGCNA_blue","C1QL1"
"WGCNA_blue","ZNF428"
"WGCNA_blue","GSE1"
"WGCNA_blue","SLC34A1"
"WGCNA_blue","F12"
"WGCNA_blue","PRR7"
"WGCNA_blue","NFATC1"
"WGCNA_blue","HAUS8"
"WGCNA_blue","MRPS25"
"WGCNA_blue","KCNC3"
"WGCNA_blue","NAPSA"
"WGCNA_blue","PSMC3IP"
"WGCNA_blue","AOC2"
"WGCNA_blue","ACAP3"
"WGCNA_blue","C1ORF159"
"WGCNA_blue","THOC6"
"WGCNA_blue","NPHP4"
"WGCNA_blue","PIAS3"
"WGCNA_blue","ZSCAN5A"
"WGCNA_blue","ZSWIM4"
"WGCNA_blue","FBXW9"
"WGCNA_blue","RFX1"
"WGCNA_blue","BRME1"
"WGCNA_blue","DCAF15"
"WGCNA_blue","CC2D1A"
"WGCNA_blue","NUP210"
"WGCNA_blue","ARFIP2"
"WGCNA_blue","RAMP1"
"WGCNA_blue","SCLY"
"WGCNA_blue","CLUH"
"WGCNA_blue","INPP5K"
"WGCNA_blue","MYBBP1A"
"WGCNA_blue","ITGB4"
"WGCNA_blue","WBP2"
"WGCNA_blue","UNK"
"WGCNA_blue","TRIM47"
"WGCNA_blue","KDM6B"
"WGCNA_blue","GPS2"
"WGCNA_blue","XAF1"
"WGCNA_blue","DLG4"
"WGCNA_blue","REEP2"
"WGCNA_blue","PRMT7"
"WGCNA_blue","MTSS2"
"WGCNA_blue","HSPA12B"
"WGCNA_blue","PCED1A"
"WGCNA_blue","IGHMBP2"
"WGCNA_blue","ACY3"
"WGCNA_blue","TOE1"
"WGCNA_blue","MUTYH"
"WGCNA_blue","LPIN3"
"WGCNA_blue","RBM38"
"WGCNA_blue","VSTM2L"
"WGCNA_blue","FBXO44"
"WGCNA_blue","MPRIP"
"WGCNA_blue","TMCC2"
"WGCNA_blue","BTBD2"
"WGCNA_blue","PRAM1"
"WGCNA_blue","KMT5C"
"WGCNA_blue","ZNF414"
"WGCNA_blue","HSPBP1"
"WGCNA_blue","CSNK1G2"
"WGCNA_blue","MACROD1"
"WGCNA_blue","MORC2"
"WGCNA_blue","SLC2A11"
"WGCNA_blue","C1QTNF6"
"WGCNA_blue","AGAP3"
"WGCNA_blue","KRABD3"
"WGCNA_blue","RNF122"
"WGCNA_blue","MEN1"
"WGCNA_blue","CTIF"
"WGCNA_blue","CAMK1"
"WGCNA_blue","TRIM45"
"WGCNA_blue","NGF"
"WGCNA_blue","NAV1"
"WGCNA_blue","FBH1"
"WGCNA_blue","ANKRD16"
"WGCNA_blue","IL15RA"
"WGCNA_blue","MYBPC3"
"WGCNA_blue","RTL8C"
"WGCNA_blue","PHC2"
"WGCNA_blue","SLC43A3"
"WGCNA_blue","DHX34"
"WGCNA_blue","CARS2"
"WGCNA_blue","ADAM19"
"WGCNA_blue","HNF1A"
"WGCNA_blue","RNFT2"
"WGCNA_blue","BICDL1"
"WGCNA_blue","DTX1"
"WGCNA_blue","PHF21A"
"WGCNA_blue","PRPH"
"WGCNA_blue","ITGA7"
"WGCNA_blue","TROAP"
"WGCNA_blue","PAN2"
"WGCNA_blue","KCNH3"
"WGCNA_blue","NHSL1"
"WGCNA_blue","MICAL1"
"WGCNA_blue","SMYD5"
"WGCNA_blue","CCDC142"
"WGCNA_blue","EMX1"
"WGCNA_blue","FBXL8"
"WGCNA_blue","FHOD1"
"WGCNA_blue","CCDC102A"
"WGCNA_blue","SLC9A5"
"WGCNA_blue","KIAA1614"
"WGCNA_blue","DNAJB2"
"WGCNA_blue","VILL"
"WGCNA_blue","THSD1"
"WGCNA_blue","CHST12"
"WGCNA_blue","DDX56"
"WGCNA_blue","NACAD"
"WGCNA_blue","DBNL"
"WGCNA_blue","CCM2"
"WGCNA_blue","MYO1G"
"WGCNA_blue","ZFHX2"
"WGCNA_blue","MTHFS"
"WGCNA_blue","ADAMTS7"
"WGCNA_blue","ALPK3"
"WGCNA_blue","RSAD1"
"WGCNA_blue","MYCBPAP"
"WGCNA_blue","CHAD"
"WGCNA_blue","LIMD2"
"WGCNA_blue","BIN1"
"WGCNA_blue","CDK9"
"WGCNA_blue","ODF2"
"WGCNA_blue","ST6GALNAC4"
"WGCNA_blue","STXBP1"
"WGCNA_blue","FPGS"
"WGCNA_blue","USP20"
"WGCNA_blue","KIF12"
"WGCNA_blue","GARNL3"
"WGCNA_blue","DPM2"
"WGCNA_blue","IL11RA"
"WGCNA_blue","UBAP2"
"WGCNA_blue","DNAJB5"
"WGCNA_blue","SPAG8"
"WGCNA_blue","TMEM8B"
"WGCNA_blue","ARHGEF39"
"WGCNA_blue","CNPY3"
"WGCNA_blue","FOXP4"
"WGCNA_blue","FRS3"
"WGCNA_blue","TJAP1"
"WGCNA_blue","SLC22A23"
"WGCNA_blue","BPHL"
"WGCNA_blue","FLOT1"
"WGCNA_blue","DDR1"
"WGCNA_blue","MDC1"
"WGCNA_blue","ATAT1"
"WGCNA_blue","TRIM15"
"WGCNA_blue","NRM"
"WGCNA_blue","FHDC1"
"WGCNA_blue","MYO7A"
"WGCNA_blue","TRIM29"
"WGCNA_blue","MAPKBP1"
"WGCNA_blue","ITPKA"
"WGCNA_blue","PLCB2"
"WGCNA_blue","DUOX1"
"WGCNA_blue","SPTBN5"
"WGCNA_blue","GCHFR"
"WGCNA_blue","IFT172"
"WGCNA_blue","KHK"
"WGCNA_blue","PREB"
"WGCNA_blue","SLC68A1"
"WGCNA_blue","TACC2"
"WGCNA_blue","ADAMTS14"
"WGCNA_blue","SHF"
"WGCNA_blue","PPCDC"
"WGCNA_blue","MAPK8IP3"
"WGCNA_blue","PARVG"
"WGCNA_blue","B4GALNT3"
"WGCNA_blue","ETV6"
"WGCNA_blue","CLSTN3"
"WGCNA_blue","VAMP1"
"WGCNA_blue","MARCHF9"
"WGCNA_blue","RITA1"
"WGCNA_blue","SDSL"
"WGCNA_blue","MMAB"
"WGCNA_blue","FAM222A"
"WGCNA_blue","FOXN4"
"WGCNA_blue","DRC2"
"WGCNA_blue","MAP3K12"
"WGCNA_blue","ITGB7"
"WGCNA_blue","CSAD"
"WGCNA_blue","MYG1"
"WGCNA_blue","SETD1B"
"WGCNA_blue","VPS37B"
"WGCNA_blue","GRTP1"
"WGCNA_blue","CDH24"
"WGCNA_blue","DCAF5"
"WGCNA_blue","RAB15"
"WGCNA_blue","CLBA1"
"WGCNA_blue","SLC25A47"
"WGCNA_blue","DUOXA1"
"WGCNA_blue","BAHD1"
"WGCNA_blue","CDAN1"
"WGCNA_blue","TLE3"
"WGCNA_blue","PSTPIP1"
"WGCNA_blue","NEIL1"
"WGCNA_blue","MAN2C1"
"WGCNA_blue","PIF1"
"WGCNA_blue","PML"
"WGCNA_blue","ADAMTS17"
"WGCNA_blue","ULK3"
"WGCNA_blue","ZNF710"
"WGCNA_blue","CRTC3"
"WGCNA_blue","SEPTIN12"
"WGCNA_blue","ITGAX"
"WGCNA_blue","TGFB1I1"
"WGCNA_blue","ARMC5"
"WGCNA_blue","ARHGAP17"
"WGCNA_blue","ABCC12"
"WGCNA_blue","CLEC18B"
"WGCNA_blue","NLRC5"
"WGCNA_blue","KIFC3"
"WGCNA_blue","NOL3"
"WGCNA_blue","OSGIN1"
"WGCNA_blue","RHOT2"
"WGCNA_blue","DEF8"
"WGCNA_blue","GALNS"
"WGCNA_blue","DRC4"
"WGCNA_blue","KSR1"
"WGCNA_blue","RANBP10"
"WGCNA_blue","SGSM2"
"WGCNA_blue","LRRC46"
"WGCNA_blue","SCRN2"
"WGCNA_blue","PRELID3A"
"WGCNA_blue","PELP1"
"WGCNA_blue","ARRB2"
"WGCNA_blue","SLC13A5"
"WGCNA_blue","WRAP53"
"WGCNA_blue","MINK1"
"WGCNA_blue","ASGR1"
"WGCNA_blue","CCDC40"
"WGCNA_blue","ARHGDIA"
"WGCNA_blue","TMC6"
"WGCNA_blue","ANAPC11"
"WGCNA_blue","NARF"
"WGCNA_blue","FOXK2"
"WGCNA_blue","TRIM65"
"WGCNA_blue","CBX8"
"WGCNA_blue","CEP131"
"WGCNA_blue","CBX4"
"WGCNA_blue","ARK2C"
"WGCNA_blue","MBD1"
"WGCNA_blue","P3H4"
"WGCNA_blue","GRB7"
"WGCNA_blue","PNMT"
"WGCNA_blue","IGFBP4"
"WGCNA_blue","MISP3"
"WGCNA_blue","SAMD1"
"WGCNA_blue","BRD4"
"WGCNA_blue","SLC39A3"
"WGCNA_blue","NFIC"
"WGCNA_blue","TPGS1"
"WGCNA_blue","PRDM15"
"WGCNA_blue","MVB12A"
"WGCNA_blue","SH3GL1"
"WGCNA_blue","DUS3L"
"WGCNA_blue","DPP9"
"WGCNA_blue","TMEM91"
"WGCNA_blue","IFITM3"
"WGCNA_blue","PGGHG"
"WGCNA_blue","HUNK"
"WGCNA_blue","COL6A1"
"WGCNA_blue","COL6A2"
"WGCNA_blue","DNMT3L"
"WGCNA_blue","TRPM2"
"WGCNA_blue","LMTK3"
"WGCNA_blue","CBLC"
"WGCNA_blue","WTIP"
"WGCNA_blue","ADAMTS10"
"WGCNA_blue","RNPEPL1"
"WGCNA_blue","CAPN10"
"WGCNA_blue","ZNF787"
"WGCNA_blue","TIMM29"
"WGCNA_blue","CARM1"
"WGCNA_blue","TM4SF5"
"WGCNA_blue","GARIN5A"
"WGCNA_blue","CTU1"
"WGCNA_blue","NOSIP"
"WGCNA_blue","RCN3"
"WGCNA_blue","RERE"
"WGCNA_blue","MMEL1"
"WGCNA_blue","EPHA2"
"WGCNA_blue","ARHGEF19"
"WGCNA_blue","EFHD2"
"WGCNA_blue","PEX14"
"WGCNA_blue","MYOM3"
"WGCNA_blue","SH3BGRL3"
"WGCNA_blue","EVA1B"
"WGCNA_blue","MAP3K6"
"WGCNA_blue","GPN2"
"WGCNA_blue","SYTL1"
"WGCNA_blue","HSPG2"
"WGCNA_blue","AZIN2"
"WGCNA_blue","BEST4"
"WGCNA_blue","MOB3C"
"WGCNA_blue","PPOX"
"WGCNA_blue","USP21"
"WGCNA_blue","PRCC"
"WGCNA_blue","FCRL5"
"WGCNA_blue","METTL25B"
"WGCNA_blue","CRABP2"
"WGCNA_blue","RORC"
"WGCNA_blue","SF3B4"
"WGCNA_blue","CGN"
"WGCNA_blue","SETDB1"
"WGCNA_blue","ADAMTSL4"
"WGCNA_blue","SELENBP1"
"WGCNA_blue","SEMA6C"
"WGCNA_blue","GABPB2"
"WGCNA_blue","HHIPL2"
"WGCNA_blue","SLC27A3"
"WGCNA_blue","INTS3"
"WGCNA_blue","HCN3"
"WGCNA_blue","GUK1"
"WGCNA_blue","C1ORF35"
"WGCNA_blue","REN"
"WGCNA_blue","SOX13"
"WGCNA_blue","PPFIA4"
"WGCNA_blue","PLEKHA6"
"WGCNA_blue","ARL8A"
"WGCNA_blue","ABHD1"
"WGCNA_blue","ANKRD53"
"WGCNA_blue","THNSL2"
"WGCNA_blue","FAHD2B"
"WGCNA_blue","DLX1"
"WGCNA_blue","HES6"
"WGCNA_blue","ESPNL"
"WGCNA_blue","ANKMY1"
"WGCNA_blue","COPS7B"
"WGCNA_blue","CTDSP1"
"WGCNA_blue","STK11IP"
"WGCNA_blue","GMPPA"
"WGCNA_blue","GRIP2"
"WGCNA_blue","SLC25A38"
"WGCNA_blue","NR1I2"
"WGCNA_blue","TMEM44"
"WGCNA_blue","RUBCN"
"WGCNA_blue","AMT"
"WGCNA_blue","NICN1"
"WGCNA_blue","MANF"
"WGCNA_blue","DGKQ"
"WGCNA_blue","SLC10A6"
"WGCNA_blue","NKD2"
"WGCNA_blue","FAM50B"
"WGCNA_blue","TRIM7"
"WGCNA_blue","TRIM41"
"WGCNA_blue","HIGD2A"
"WGCNA_blue","FAM193B"
"WGCNA_blue","RNF44"
"WGCNA_blue","DOK3"
"WGCNA_blue","CRIP3"
"WGCNA_blue","TTBK1"
"WGCNA_blue","SCML4"
"WGCNA_blue","CHLSN"
"WGCNA_blue","SDK1"
"WGCNA_blue","INTS15"
"WGCNA_blue","IGFBP1"
"WGCNA_blue","SSC4D"
"WGCNA_blue","POMZP3"
"WGCNA_blue","TRAPPC14"
"WGCNA_blue","SLC12A9"
"WGCNA_blue","GIGYF1"
"WGCNA_blue","ZMYM3"
"WGCNA_blue","CCDC120"
"WGCNA_blue","EBP"
"WGCNA_blue","NXF3"
"WGCNA_blue","BIN3"
"WGCNA_blue","ZNF7"
"WGCNA_blue","ARHGAP39"
"WGCNA_blue","SLC39A4"
"WGCNA_blue","NAPRT"
"WGCNA_blue","FBXO10"
"WGCNA_blue","NR6A1"
"WGCNA_blue","SURF6"
"WGCNA_blue","GTF3C5"
"WGCNA_blue","ASB6"
"WGCNA_blue","CIZ1"
"WGCNA_blue","SH3GLB2"
"WGCNA_blue","MIGA2"
"WGCNA_blue","LRSAM1"
"WGCNA_blue","HMCN2"
"WGCNA_blue","INPP5E"
"WGCNA_blue","SEC16A"
"WGCNA_blue","NOTCH1"
"WGCNA_blue","PROSER2"
"WGCNA_blue","CDHR1"
"WGCNA_blue","LRMDA"
"WGCNA_blue","ADIRF"
"WGCNA_blue","FUOM"
"WGCNA_blue","LRRC27"
"WGCNA_blue","MTG1"
"WGCNA_blue","PPRC1"
"WGCNA_blue","ADM"
"WGCNA_blue","TUT1"
"WGCNA_blue","DGKZ"
"WGCNA_blue","ARFGAP2"
"WGCNA_blue","GLB1L2"
"WGCNA_blue","ST14"
"WGCNA_blue","TKFC"
"WGCNA_blue","ROM1"
"WGCNA_blue","EML3"
"WGCNA_blue","PLCH2"
"WGCNA_blue","CPSF7"
"WGCNA_blue","B3GAT3"
"WGCNA_blue","KIRREL3"
"WGCNA_blue","TMEM25"
"WGCNA_blue","KIAA1755"
"WGCNA_blue","SPATA25"
"WGCNA_blue","CDH22"
"WGCNA_blue","CABLES2"
"WGCNA_blue","LTO1"
"WGCNA_blue","NUDT22"
"WGCNA_blue","PLCB3"
"WGCNA_blue","TM7SF2"
"WGCNA_blue","VPS51"
"WGCNA_blue","TBX6"
"WGCNA_blue","DOC2A"
"WGCNA_blue","DCUN1D2"
"WGCNA_blue","ABCB9"
"WGCNA_blue","PRSS53"
"WGCNA_blue","CACNA2D4"
"WGCNA_blue","DLG5"
"WGCNA_blue","FRMD4A"
"WGCNA_blue","DPYSL4"
"WGCNA_blue","VENTX"
"WGCNA_blue","ADAM8"
"WGCNA_blue","TCF7L1"
"WGCNA_blue","SH2D6"
"WGCNA_blue","ZNF837"
"WGCNA_blue","FARP1"
"WGCNA_blue","ZIC1"
"WGCNA_blue","NMRAL1"
"WGCNA_blue","UBALD1"
"WGCNA_blue","ZDHHC7"
"WGCNA_blue","CMIP"
"WGCNA_blue","KCTD15"
"WGCNA_blue","LGI4"
"WGCNA_blue","C16ORF74"
"WGCNA_blue","ROBO3"
"WGCNA_blue","NRGN"
"WGCNA_blue","CC2D1B"
"WGCNA_blue","GAL3ST2"
"WGCNA_blue","OBSCN"
"WGCNA_blue","TRIM11"
"WGCNA_blue","WNT7A"
"WGCNA_blue","FLCN"
"WGCNA_blue","CXXC1"
"WGCNA_blue","USP43"
"WGCNA_blue","RSPH10B"
"WGCNA_blue","PROM2"
"WGCNA_blue","ZFYVE27"
"WGCNA_blue","RHOC"
"WGCNA_blue","TRIM74"
"WGCNA_blue","SLC28A1"
"WGCNA_blue","SCAF4"
"WGCNA_blue","CDK20"
"WGCNA_blue","ANKRD9"
"WGCNA_blue","FUT6"
"WGCNA_blue","SH3RF2"
"WGCNA_blue","TYSND1"
"WGCNA_blue","MAPK13"
"WGCNA_blue","PRR14"
"WGCNA_blue","FBRS"
"WGCNA_blue","PHKG2"
"WGCNA_blue","COX6A2"
"WGCNA_blue","MPV17L"
"WGCNA_blue","GHRL"
"WGCNA_blue","ATP2B2"
"WGCNA_blue","RBPMS"
"WGCNA_blue","SSBP3"
"WGCNA_blue","SUSD3"
"WGCNA_blue","CLEC18A"
"WGCNA_blue","DHRS4"
"WGCNA_blue","ST3GAL2"
"WGCNA_blue","FCSK"
"WGCNA_blue","DHRS1"
"WGCNA_blue","SLC38A10"
"WGCNA_blue","ZNF618"
"WGCNA_blue","SNX22"
"WGCNA_blue","TNFRSF14"
"WGCNA_blue","PEX10"
"WGCNA_blue","KRTCAP3"
"WGCNA_blue","CFAP251"
"WGCNA_blue","UBXN11"
"WGCNA_blue","RHPN1"
"WGCNA_blue","XKR8"
"WGCNA_blue","RNF207"
"WGCNA_blue","GPR153"
"WGCNA_blue","AUTS2"
"WGCNA_blue","ZC3H18"
"WGCNA_blue","GDPD5"
"WGCNA_blue","PFKFB1"
"WGCNA_blue","SLC45A3"
"WGCNA_blue","RNF166"
"WGCNA_blue","SPATA2L"
"WGCNA_blue","NIT1"
"WGCNA_blue","ZNF276"
"WGCNA_blue","NPM2"
"WGCNA_blue","FGF17"
"WGCNA_blue","CDA"
"WGCNA_blue","B4GALT3"
"WGCNA_blue","FHIP2B"
"WGCNA_blue","MPZ"
"WGCNA_blue","FBXW5"
"WGCNA_blue","LAD1"
"WGCNA_blue","CCDC24"
"WGCNA_blue","CBR1"
"WGCNA_blue","CLDN14"
"WGCNA_blue","ARHGAP27"
"WGCNA_blue","PTMS"
"WGCNA_blue","C1R"
"WGCNA_blue","ALDH4A1"
"WGCNA_blue","STARD9"
"WGCNA_blue","SPON2"
"WGCNA_blue","CTBP1"
"WGCNA_blue","LRRC36"
"WGCNA_blue","ZDHHC1"
"WGCNA_blue","ZFYVE28"
"WGCNA_blue","CARMIL2"
"WGCNA_blue","C16ORF86"
"WGCNA_blue","RGS12"
"WGCNA_blue","ZYX"
"WGCNA_blue","PTGIR"
"WGCNA_blue","DFFA"
"WGCNA_blue","CCDC28B"
"WGCNA_blue","IQCC"
"WGCNA_blue","TMEM234"
"WGCNA_blue","ZBTB8A"
"WGCNA_blue","ATAD3B"
"WGCNA_blue","UBE2J2"
"WGCNA_blue","ZNF362"
"WGCNA_blue","ANKLE1"
"WGCNA_blue","TFF3"
"WGCNA_blue","SLC37A1"
"WGCNA_blue","PDE9A"
"WGCNA_blue","NDUFV3"
"WGCNA_blue","RRP1"
"WGCNA_blue","AIRE"
"WGCNA_blue","CFAP410"
"WGCNA_blue","SLX9"
"WGCNA_blue","RALGDS"
"WGCNA_blue","FTCD"
"WGCNA_blue","SPATC1L"
"WGCNA_blue","MCM3AP"
"WGCNA_blue","C21ORF58"
"WGCNA_blue","PCNT"
"WGCNA_blue","DIP2A"
"WGCNA_blue","CLDND2"
"WGCNA_blue","ADAMTS13"
"WGCNA_blue","CACFD1"
"WGCNA_blue","SLC2A6"
"WGCNA_blue","PIERCE1"
"WGCNA_blue","GPSM1"
"WGCNA_blue","TOR2A"
"WGCNA_blue","RDH13"
"WGCNA_blue","ZER1"
"WGCNA_blue","ZDHHC12"
"WGCNA_blue","PKN3"
"WGCNA_blue","SPTBN4"
"WGCNA_blue","BRSK1"
"WGCNA_blue","DEDD2"
"WGCNA_blue","NEK8"
"WGCNA_blue","TLCD1"
"WGCNA_blue","PCSK7"
"WGCNA_blue","SAFB"
"WGCNA_blue","S100A1"
"WGCNA_blue","CXCR5"
"WGCNA_blue","ZBTB7B"
"WGCNA_blue","CHRNB2"
"WGCNA_blue","CRTC2"
"WGCNA_blue","RUSC1"
"WGCNA_blue","ENTREP3"
"WGCNA_blue","NBEAL2"
"WGCNA_blue","PTH1R"
"WGCNA_blue","MYL3"
"WGCNA_blue","PPP1R35"
"WGCNA_blue","AZGP1"
"WGCNA_blue","FGFR4"
"WGCNA_blue","ZNF394"
"WGCNA_blue","LY6E"
"WGCNA_blue","VPS28"
"WGCNA_blue","TONSL"
"WGCNA_blue","PTGER1"
"WGCNA_blue","PWWP3A"
"WGCNA_blue","RECQL4"
"WGCNA_blue","COL26A1"
"WGCNA_blue","PPP1R16A"
"WGCNA_blue","ALKBH4"
"WGCNA_blue","SH2B2"
"WGCNA_blue","MRNIP"
"WGCNA_blue","SCGB3A1"
"WGCNA_blue","CELF5"
"WGCNA_blue","MFSD12"
"WGCNA_blue","DVL3"
"WGCNA_blue","U2AF1L4"
"WGCNA_blue","BDH1"
"WGCNA_blue","LRRC56"
"WGCNA_blue","PGAP3"
"WGCNA_blue","SAP30BP"
"WGCNA_blue","CYGB"
"WGCNA_blue","TMEM143"
"WGCNA_blue","ALDH16A1"
"WGCNA_blue","ZNF385A"
"WGCNA_blue","SIGLEC16"
"WGCNA_blue","MPP3"
"WGCNA_blue","NAGS"
"WGCNA_blue","JOSD2"
"WGCNA_blue","FAM171A2"
"WGCNA_blue","DBF4B"
"WGCNA_blue","PLCD3"
"WGCNA_blue","TAMALIN"
"WGCNA_blue","RAVER1"
"WGCNA_blue","SPC24"
"WGCNA_blue","LEMD2"
"WGCNA_blue","ZNF653"
"WGCNA_blue","MED11"
"WGCNA_blue","SENP3"
"WGCNA_blue","WDR90"
"WGCNA_blue","JMJD8"
"WGCNA_blue","CCDC78"
"WGCNA_blue","SPSB3"
"WGCNA_blue","HS3ST6"
"WGCNA_blue","TEDC2"
"WGCNA_blue","AMDHD2"
"WGCNA_blue","BICDL2"
"WGCNA_blue","FLYWCH2"
"WGCNA_blue","SAXO4"
"WGCNA_blue","UBXN1"
"WGCNA_blue","LBHD1"
"WGCNA_blue","TAF6L"
"WGCNA_blue","NXF1"
"WGCNA_blue","SLC25A45"
"WGCNA_blue","SYVN1"
"WGCNA_blue","ZFPL1"
"WGCNA_blue","TPCN2"
"WGCNA_blue","TAL1"
"WGCNA_blue","SLC1A7"
"WGCNA_blue","NOL9"
"WGCNA_blue","GMEB1"
"WGCNA_blue","SELENON"
"WGCNA_blue","TMEM82"
"WGCNA_blue","SLC25A34"
"WGCNA_blue","NHSL3"
"WGCNA_blue","TMCO4"
"WGCNA_blue","ALPL"
"WGCNA_blue","SCNN1D"
"WGCNA_blue","FAAP20"
"WGCNA_blue","MEGF6"
"WGCNA_blue","ATXN7L2"
"WGCNA_blue","GFI1"
"WGCNA_blue","ZNF496"
"WGCNA_blue","SLAMF9"
"WGCNA_blue","IGSF8"
"WGCNA_blue","KLHDC9"
"WGCNA_blue","SNED1"
"WGCNA_blue","OXER1"
"WGCNA_blue","TRIM17"
"WGCNA_blue","FBXO41"
"WGCNA_blue","BBS5"
"WGCNA_blue","ANKRD23"
"WGCNA_blue","MSX1"
"WGCNA_blue","BNIPL"
"WGCNA_blue","SCNM1"
"WGCNA_blue","PYGO2"
"WGCNA_blue","DCST2"
"WGCNA_blue","ELF3"
"WGCNA_blue","TRIM46"
"WGCNA_blue","KRTCAP2"
"WGCNA_blue","TMEM79"
"WGCNA_blue","RNF25"
"WGCNA_blue","IHH"
"WGCNA_blue","ANKZF1"
"WGCNA_blue","NUAK2"
"WGCNA_blue","IL17RE"
"WGCNA_blue","IL17RC"
"WGCNA_blue","CRELD1"
"WGCNA_blue","PRRT3"
"WGCNA_blue","UCN"
"WGCNA_blue","ZNF513"
"WGCNA_blue","TPRA1"
"WGCNA_blue","ZC3H12A"
"WGCNA_blue","CAMK2N2"
"WGCNA_blue","UVSSA"
"WGCNA_blue","MELTF"
"WGCNA_blue","ABLIM2"
"WGCNA_blue","ZNF589"
"WGCNA_blue","PLXNB1"
"WGCNA_blue","BSN"
"WGCNA_blue","MST1R"
"WGCNA_blue","GRM2"
"WGCNA_blue","POC1A"
"WGCNA_blue","HAND2"
"WGCNA_blue","SHROOM1"
"WGCNA_blue","DACT2"
"WGCNA_blue","DAGLB"
"WGCNA_blue","RELL2"
"WGCNA_blue","SHH"
"WGCNA_blue","SLC13A4"
"WGCNA_blue","PHKG1"
"WGCNA_blue","GPER1"
"WGCNA_blue","TMEM184A"
"WGCNA_blue","NOS3"
"WGCNA_blue","MICALL2"
"WGCNA_blue","FASTK"
"WGCNA_blue","TMUB1"
"WGCNA_blue","FOXK1"
"WGCNA_blue","FAM219A"
"WGCNA_blue","METTL2B"
"WGCNA_blue","ANKS6"
"WGCNA_blue","METTL27"
"WGCNA_blue","RNF183"
"WGCNA_blue","CLDN3"
"WGCNA_blue","CARD19"
"WGCNA_blue","WNK2"
"WGCNA_blue","AQP7"
"WGCNA_blue","TRMT10B"
"WGCNA_blue","INPPL1"
"WGCNA_blue","AKR1E2"
"WGCNA_blue","ZNF503"
"WGCNA_blue","QSOX2"
"WGCNA_blue","SNAPC4"
"WGCNA_blue","ENTR1"
"WGCNA_blue","SPACA9"
"WGCNA_blue","DIPK1B"
"WGCNA_blue","ZMYND19"
"WGCNA_blue","STK32C"
"WGCNA_blue","ARHGEF40"
"WGCNA_blue","NSMF"
"WGCNA_blue","ZNF219"
"WGCNA_blue","BTNL9"
"WGCNA_blue","PRAP1"
"WGCNA_blue","UBTD1"
"WGCNA_blue","LARGE2"
"WGCNA_blue","PACSIN3"
"WGCNA_blue","SLC39A13"
"WGCNA_blue","RAPSN"
"WGCNA_blue","AMN"
"WGCNA_blue","ZFYVE19"
"WGCNA_blue","CKB"
"WGCNA_blue","TRMT61A"
"WGCNA_blue","POLL"
"WGCNA_blue","ASPG"
"WGCNA_blue","C2"
"WGCNA_blue","PLEKHF1"
"WGCNA_blue","TRIM66"
"WGCNA_blue","DENND2B"
"WGCNA_blue","PKD1L2"
"WGCNA_blue","MAPK7"
"WGCNA_blue","NDST2"
"WGCNA_blue","ZNF3"
"WGCNA_blue","ZSCAN21"
"WGCNA_blue","RRAD"
"WGCNA_blue","TMPRSS5"
"WGCNA_blue","PLEKHA7"
"WGCNA_blue","CATSPER2"
"WGCNA_blue","KIF7"
"WGCNA_blue","LDHD"
"WGCNA_blue","ANPEP"
"WGCNA_blue","RBPMS2"
"WGCNA_blue","PLK1"
"WGCNA_blue","NAB2"
"WGCNA_blue","VPS39"
"WGCNA_blue","STAT6"
"WGCNA_blue","NYAP1"
"WGCNA_blue","TSC22D4"
"WGCNA_blue","SMAD3"
"WGCNA_blue","MBD6"
"WGCNA_blue","TTC16"
"WGCNA_blue","SAMD14"
"WGCNA_blue","PIP5KL1"
"WGCNA_blue","EEIG1"
"WGCNA_blue","ACSF2"
"WGCNA_blue","ENDOG"
"WGCNA_blue","ISLR2"
"WGCNA_blue","IGF2"
"WGCNA_blue","RNF214"
"WGCNA_blue","DPEP2"
"WGCNA_blue","ENGASE"
"WGCNA_blue","TEPSIN"
"WGCNA_blue","FN3K"
"WGCNA_blue","PRRT2"
"WGCNA_blue","PPP2R3B"
"WGCNA_blue","ZNF668"
"WGCNA_blue","GNG8"
"WGCNA_blue","MIDN"
"WGCNA_blue","NIBAN3"
"WGCNA_blue","KLHL26"
"WGCNA_blue","GATAD2A"
"WGCNA_blue","MVD"
"WGCNA_blue","CDT1"
"WGCNA_blue","ANKRD11"
"WGCNA_blue","SPATA33"
"WGCNA_blue","RSKR"
"WGCNA_blue","PROCA1"
"WGCNA_blue","DHRS13"
"WGCNA_blue","TP53I13"
"WGCNA_blue","CORO6"
"WGCNA_blue","SERTAD3"
"WGCNA_blue","NCKAP5L"
"WGCNA_blue","RAB4B"
"WGCNA_blue","PROSER3"
"WGCNA_blue","NFKBID"
"WGCNA_blue","TMC4"
"WGCNA_blue","TTYH1"
"WGCNA_blue","LENG8"
"WGCNA_blue","CDC42EP5"
"WGCNA_blue","PPP1R14A"
"WGCNA_blue","DNAAF3"
"WGCNA_blue","TMIGD2"
"WGCNA_blue","UBXN6"
"WGCNA_blue","HDGFL2"
"WGCNA_blue","PLIN4"
"WGCNA_blue","ZNF444"
"WGCNA_blue","NXN"
"WGCNA_blue","SLC33A2"
"WGCNA_blue","GPT"
"WGCNA_blue","KIFC2"
"WGCNA_blue","RILP"
"WGCNA_blue","SERPINF2"
"WGCNA_blue","WDR81"
"WGCNA_blue","HSD11B1L"
"WGCNA_blue","RCOR2"
"WGCNA_blue","CD320"
"WGCNA_blue","IGFBP6"
"WGCNA_blue","NDUFV1"
"WGCNA_blue","CDK2AP2"
"WGCNA_blue","NUDT8"
"WGCNA_blue","HID1"
"WGCNA_blue","TMEM88"
"WGCNA_blue","EVPL"
"WGCNA_blue","MGAT5B"
"WGCNA_blue","TMC8"
"WGCNA_blue","GHDC"
"WGCNA_blue","FAM234A"
"WGCNA_blue","ZNF598"
"WGCNA_blue","RAB26"
"WGCNA_blue","MLST8"
"WGCNA_blue","E4F1"
"WGCNA_blue","DNASE1L2"
"WGCNA_blue","ECI1"
"WGCNA_blue","SRRM2"
"WGCNA_blue","VWCE"
"WGCNA_blue","SPINDOC"
"WGCNA_blue","ATG16L2"
"WGCNA_blue","LTBP3"
"WGCNA_blue","SAC3D1"
"WGCNA_blue","BATF2"
"WGCNA_blue","SLC22A11"
"WGCNA_blue","SF1"
"WGCNA_blue","CCDC88B"
"WGCNA_blue","ANKS3"
"WGCNA_blue","VASN"
"WGCNA_blue","RNF187"
"WGCNA_blue","GLYCTK"
"WGCNA_blue","POLR2J3-UPK3BL2"
"WGCNA_blue","DEGS2"
"WGCNA_blue","ING5"
"WGCNA_blue","ATG4B"
"WGCNA_blue","MLKL"
"WGCNA_blue","PPT2"
"WGCNA_blue","HR"
"WGCNA_blue","REEP4"
"WGCNA_blue","TNXB"
"WGCNA_blue","BMP1"
"WGCNA_blue","ATXN2L"
"WGCNA_blue","PHYHIP"
"WGCNA_blue","HEXIM2"
"WGCNA_blue","ZSWIM1"
"WGCNA_blue","PPIP5K1"
"WGCNA_blue","STX18"
"WGCNA_blue","ATOH8"
"WGCNA_blue","TNIP2"
"WGCNA_blue","TMEM150A"
"WGCNA_blue","VAMP5"
"WGCNA_blue","JMJD7-PLA2G4B"
"WGCNA_blue","CPLX1"
"WGCNA_blue","PXDC1"
"WGCNA_blue","CPT1C"
"WGCNA_blue","PCSK9"
"WGCNA_blue","NPIPB12"
"WGCNA_blue","RGS14"
"WGCNA_blue","TBC1D10B"
"WGCNA_blue","RAB24"
"WGCNA_blue","THBS3"
"WGCNA_blue","NPIPB3"
"WGCNA_blue","ZRSR2"
"WGCNA_blue","CLIC3"
"WGCNA_blue","INO80E"
"WGCNA_blue","DFFB"
"WGCNA_blue","BOLA2"
"WGCNA_blue","HIC2"
"WGCNA_blue","HEXD"
"WGCNA_blue","SPNS1"
"WGCNA_blue","LRRC45"
"WGCNA_blue","ASPSCR1"
"WGCNA_blue","DUS1L"
"WGCNA_blue","GPS1"
"WGCNA_blue","RFNG"
"WGCNA_blue","RAC3"
"WGCNA_blue","LINGO1"
"WGCNA_blue","WNT10B"
"WGCNA_blue","CALML6"
"WGCNA_blue","MUC3A"
"WGCNA_blue","ZNF764"
"WGCNA_blue","ZNF768"
"WGCNA_blue","TAS1R3"
"WGCNA_blue","PUSL1"
"WGCNA_blue","IFFO2"
"WGCNA_blue","NLGN2"
"WGCNA_blue","CHD3"
"WGCNA_blue","CNTROB"
"WGCNA_blue","ZNF778"
"WGCNA_blue","SLC16A5"
"WGCNA_blue","ZNF212"
"WGCNA_blue","ZNF282"
"WGCNA_blue","NFRKB"
"WGCNA_blue","LRRN2"
"WGCNA_blue","DCLK2"
"WGCNA_blue","CD14"
"WGCNA_blue","RIOX1"
"WGCNA_blue","NPAS2"
"WGCNA_blue","KISS1"
"WGCNA_blue","STAT2"
"WGCNA_blue","IRF2BP1"
"WGCNA_blue","TRABD"
"WGCNA_blue","HTRA3"
"WGCNA_blue","CEL"
"WGCNA_blue","OSCAR"
"WGCNA_blue","ZNF160"
"WGCNA_blue","CAVIN3"
"WGCNA_blue","TSNARE1"
"WGCNA_blue","C11ORF24"
"WGCNA_blue","KYAT1"
"WGCNA_blue","FUT3"
"WGCNA_blue","ATP6V0E2"
"WGCNA_blue","BBLN"
"WGCNA_blue","ZNF672"
"WGCNA_blue","NAIF1"
"WGCNA_blue","TRIM8"
"WGCNA_blue","CDC42BPG"
"WGCNA_blue","SCAND1"
"WGCNA_blue","JUNB"
"WGCNA_blue","FAM241B"
"WGCNA_blue","GAA"
"WGCNA_blue","ZNF581"
"WGCNA_blue","ZNF524"
"WGCNA_blue","ASXL1"
"WGCNA_blue","NMUR1"
"WGCNA_blue","CLSTN1"
"WGCNA_blue","ZNF274"
"WGCNA_blue","PLEKHG5"
"WGCNA_blue","NHLH1"
"WGCNA_blue","SLFNL1"
"WGCNA_blue","KNDC1"
"WGCNA_blue","PWWP2B"
"WGCNA_blue","TRAPPC12"
"WGCNA_blue","LGALS9C"
"WGCNA_blue","FBXW10"
"WGCNA_blue","DRC3"
"WGCNA_blue","SYNPO"
"WGCNA_blue","MAL"
"WGCNA_blue","ZNF554"
"WGCNA_blue","THOP1"
"WGCNA_blue","TPSAB1"
"WGCNA_blue","HINFP"
"WGCNA_blue","STARD5"
"WGCNA_blue","ABCG4"
"WGCNA_blue","GNB2"
"WGCNA_blue","MCRIP2"
"WGCNA_blue","NHERF4"
"WGCNA_blue","C2CD2L"
"WGCNA_blue","PRSS27"
"WGCNA_blue","GTPBP2"
"WGCNA_blue","AGXT"
"WGCNA_blue","CARNS1"
"WGCNA_blue","HCFC1"
"WGCNA_blue","RAD9A"
"WGCNA_blue","TMEM134"
"WGCNA_blue","MUS81"
"WGCNA_blue","RARG"
"WGCNA_blue","CES4A"
"WGCNA_blue","CES3"
"WGCNA_blue","SSH3"
"WGCNA_blue","ZNF621"
"WGCNA_blue","EGFL7"
"WGCNA_blue","NADSYN1"
"WGCNA_blue","ANKRD13D"
"WGCNA_blue","MRGPRF"
"WGCNA_blue","SLC22A13"
"WGCNA_blue","CFAP184"
"WGCNA_blue","HECTD4"
"WGCNA_blue","FAM222B"
"WGCNA_blue","KDM2A"
"WGCNA_blue","ADCK5"
"WGCNA_blue","ESRRA"
"WGCNA_blue","RHOD"
"WGCNA_blue","ADCY5"
"WGCNA_blue","ABLIM3"
"WGCNA_blue","SYT12"
"WGCNA_blue","C11ORF86"
"WGCNA_blue","SLC2A14"
"WGCNA_blue","GPR137"
"WGCNA_blue","SNCG"
"WGCNA_blue","MZT2A"
"WGCNA_blue","FAM86B3P"
"WGCNA_blue","MAP3K11"
"WGCNA_blue","KCNK7"
"WGCNA_blue","ZNRD2"
"WGCNA_blue","LTA"
"WGCNA_blue","VEGFB"
"WGCNA_blue","MST1"
"WGCNA_blue","CCDC106"
"WGCNA_blue","LRFN4"
"WGCNA_blue","RCE1"
"WGCNA_blue","CD7"
"WGCNA_blue","JUP"
"WGCNA_blue","HAP1"
"WGCNA_blue","ENDOV"
"WGCNA_blue","PLK3"
"WGCNA_blue","FLJ20712"
"WGCNA_blue","SPTBN2"
"WGCNA_blue","HOXB2"
"WGCNA_blue","TCAP"
"WGCNA_blue","UQCC4"
"WGCNA_blue","FAM53A"
"WGCNA_blue","LOC105370792"
"WGCNA_blue","CTU2"
"WGCNA_blue","ADCY6"
"WGCNA_blue","ZNHIT2"
"WGCNA_blue","ZBTB4"
"WGCNA_blue","TNK1"
"WGCNA_blue","PHLDA3"
"WGCNA_blue","SLC16A11"
"WGCNA_blue","GLIS1"
"WGCNA_blue","GTF2IRD2B"
"WGCNA_blue","BBS1"
"WGCNA_blue","PELI3"
"WGCNA_blue","TMEM81"
"WGCNA_blue","ZNF497"
"WGCNA_blue","SLC29A2"
"WGCNA_blue","BRSK2"
"WGCNA_blue","BRMS1"
"WGCNA_blue","HRAS"
"WGCNA_blue","RIN1"
"WGCNA_blue","CNIH2"
"WGCNA_blue","NDUFA11"
"WGCNA_blue","PTDSS2"
"WGCNA_blue","MICOS13"
"WGCNA_blue","ASPHD1"
"WGCNA_blue","KCTD13"
"WGCNA_blue","FUT1"
"WGCNA_blue","CA5A"
"WGCNA_blue","KLC2"
"WGCNA_blue","ZDHHC14"
"WGCNA_blue","UBE2C"
"WGCNA_blue","PACS1"
"WGCNA_blue","TMEM51-AS1"
"WGCNA_blue","FAM131A"
"WGCNA_blue","ZNF408"
"WGCNA_blue","ARHGAP1"
"WGCNA_blue","MED16"
"WGCNA_blue","CIROZ"
"WGCNA_blue","CHST1"
"WGCNA_blue","PHYHD1"
"WGCNA_blue","PHYKPL"
"WGCNA_blue","CLTB"
"WGCNA_blue","TBC1D10C"
"WGCNA_blue","SART1"
"WGCNA_blue","POLD4"
"WGCNA_blue","UBQLNL"
"WGCNA_blue","DRAP1"
"WGCNA_blue","UCP3"
"WGCNA_blue","C11ORF68"
"WGCNA_blue","CCDC85B"
"WGCNA_blue","RPS6KB2"
"WGCNA_blue","TOM1L2"
"WGCNA_blue","KDF1"
"WGCNA_blue","QTGAL"
"WGCNA_blue","MLXIP"
"WGCNA_blue","AURKAIP1"
"WGCNA_blue","TOMM5"
"WGCNA_blue","ZNF169"
"WGCNA_blue","SFN"
"WGCNA_blue","CTDNEP1"
"WGCNA_blue","TSPEAR"
"WGCNA_blue","ARL4D"
"WGCNA_blue","DOK7"
"WGCNA_blue","UBE2O"
"WGCNA_blue","RPL23P2"
"WGCNA_blue","TPRN"
"WGCNA_blue","CRYBG2"
"WGCNA_blue","SSNA1"
"WGCNA_blue","CHMP6"
"WGCNA_blue","CCDC57"
"WGCNA_blue","MYPOP"
"WGCNA_blue","ANAPC2"
"WGCNA_blue","ZNF135"
"WGCNA_blue","HSD11B2"
"WGCNA_blue","EID2B"
"WGCNA_blue","VPS37D"
"WGCNA_blue","LPCAT4"
"WGCNA_blue","ZNF575"
"WGCNA_blue","SGF29"
"WGCNA_blue","PHLDB3"
"WGCNA_blue","ZNF606-AS1"
"WGCNA_blue","BOK"
"WGCNA_blue","ZNF843"
"WGCNA_blue","C8G"
"WGCNA_blue","MUC20"
"WGCNA_blue","NFATC2IP"
"WGCNA_blue","DPP7"
"WGCNA_blue","DEAF1"
"WGCNA_blue","TMEM80"
"WGCNA_blue","SIX5"
"WGCNA_blue","FBXO46"
"WGCNA_blue","WDR73"
"WGCNA_blue","POLE"
"WGCNA_blue","DSCAML1"
"WGCNA_blue","EPS8L2"
"WGCNA_blue","PRDM16-DT"
"WGCNA_blue","ULK1"
"WGCNA_blue","PUS1"
"WGCNA_blue","GATD1"
"WGCNA_blue","MAN1B1"
"WGCNA_blue","FZD8"
"WGCNA_blue","CASKIN2"
"WGCNA_blue","LY6S-AS1"
"WGCNA_blue","PPFIA3"
"WGCNA_blue","CD19"
"WGCNA_blue","ARIH2"
"WGCNA_blue","RABEP2"
"WGCNA_blue","PIDD1"
"WGCNA_blue","JUN"
"WGCNA_blue","PNPLA2"
"WGCNA_blue","AGTRAP"
"WGCNA_blue","SRRM3"
"WGCNA_blue","CRACR2B"
"WGCNA_blue","POLR2L"
"WGCNA_blue","FAM20C"
"WGCNA_blue","SOX12"
"WGCNA_blue","MAMDC4"
"WGCNA_blue","CIMAP1B"
"WGCNA_blue","LRRC75B"
"WGCNA_blue","DMAP1"
"WGCNA_blue","ALS2CL"
"WGCNA_blue","NDUFAF3"
"WGCNA_blue","STAP2"
"WGCNA_blue","TSSK6"
"WGCNA_blue","SH2B1"
"WGCNA_blue","VN1R1"
"WGCNA_blue","PLEC"
"WGCNA_blue","PRSS36"
"WGCNA_blue","WDR6"
"WGCNA_blue","P4HTM"
"WGCNA_blue","DTX3"
"WGCNA_blue","CTXN1"
"WGCNA_blue","GTPBP6"
"WGCNA_blue","GPR35"
"WGCNA_blue","ZNF713"
"WGCNA_blue","PARP10"
"WGCNA_blue","FAM219B"
"WGCNA_blue","CPNE7"
"WGCNA_blue","ADORA2A-AS1"
"WGCNA_blue","OPLAH"
"WGCNA_blue","TMEM52"
"WGCNA_blue","TMEM139"
"WGCNA_blue","EXOSC4"
"WGCNA_blue","HYI"
"WGCNA_blue","GAK"
"WGCNA_blue","ZBTB7A"
"WGCNA_blue","AURKB"
"WGCNA_blue","EXOC3L1"
"WGCNA_blue","RCC2"
"WGCNA_blue","C9ORF50"
"WGCNA_blue","LOC124904701"
"WGCNA_blue","DPM3"
"WGCNA_blue","PER1"
"WGCNA_blue","SAMD4B"
"WGCNA_blue","EDC3"
"WGCNA_blue","GGN"
"WGCNA_blue","LINC00311"
"WGCNA_blue","RAD23A"
"WGCNA_blue","GADD45GIP1"
"WGCNA_blue","CLK3"
"WGCNA_blue","ARID3B"
"WGCNA_blue","PACS2"
"WGCNA_blue","VWA1"
"WGCNA_blue","LINC00174"
"WGCNA_blue","FJX1"
"WGCNA_blue","SHARPIN"
"WGCNA_blue","LBX2"
"WGCNA_blue","ZFPM1"
"WGCNA_blue","MAF1"
"WGCNA_blue","TPPP2"
"WGCNA_blue","WDR97"
"WGCNA_blue","PCED1B"
"WGCNA_blue","FOXS1"
"WGCNA_blue","MROH1"
"WGCNA_blue","NKPD1"
"WGCNA_blue","CITED4"
"WGCNA_blue","ZNF784"
"WGCNA_blue","FIZ1"
"WGCNA_blue","PUF60"
"WGCNA_blue","SSC5D"
"WGCNA_blue","ZNF771"
"WGCNA_blue","ZNF48"
"WGCNA_blue","SEPTIN1"
"WGCNA_blue","TH"
"WGCNA_blue","FZD2"
"WGCNA_blue","ARHGAP45"
"WGCNA_blue","LINC02908"
"WGCNA_blue","GPR157"
"WGCNA_blue","CHST13"
"WGCNA_blue","MAP6D1"
"WGCNA_blue","CUEDC1"
"WGCNA_blue","SCRIB"
"WGCNA_blue","D2HGDH"
"WGCNA_blue","FAM83H"
"WGCNA_blue","FKRP"
"WGCNA_blue","TRAPPC5"
"WGCNA_blue","RPH3AL"
"WGCNA_blue","SLC26A11"
"WGCNA_blue","MAPK15"
"WGCNA_blue","ZNF707"
"WGCNA_blue","ZNF746"
"WGCNA_blue","POLR2A"
"WGCNA_blue","SYNE4"
"WGCNA_blue","WASHC1"
"WGCNA_blue","AATK"
"WGCNA_blue","ZNF467"
"WGCNA_blue","ACBD4"
"WGCNA_blue","SGSH"
"WGCNA_blue","TMIE"
"WGCNA_blue","MEX3D"
"WGCNA_blue","ZFP41"
"WGCNA_blue","PHLDA2"
"WGCNA_blue","ATG9B"
"WGCNA_blue","ZNF875"
"WGCNA_blue","CIMAP1D"
"WGCNA_blue","ADGRB1"
"WGCNA_blue","CLDN7"
"WGCNA_blue","ZNF101"
"WGCNA_blue","TMEM259"
"WGCNA_blue","TNRC18"
"WGCNA_blue","TSEN54"
"WGCNA_blue","RGMA"
"WGCNA_blue","ARL6IP4"
"WGCNA_blue","MOB2"
"WGCNA_blue","B4GALNT4"
"WGCNA_blue","SPACA6"
"WGCNA_blue","KCNJ14"
"WGCNA_blue","FBXL6"
"WGCNA_blue","GLTPD2"
"WGCNA_blue","PLCXD1"
"WGCNA_blue","CAPN12"
"WGCNA_blue","WASH6P"
"WGCNA_blue","BGN"
"WGCNA_blue","FES"
"WGCNA_blue","LIMK2"
"WGCNA_blue","SPNS3"
"WGCNA_blue","EPHB3"
"WGCNA_blue","SNORC"
"WGCNA_blue","TSPAN10"
"WGCNA_blue","RNF32-DT"
"WGCNA_blue","PPP1R27"
"WGCNA_blue","BRICD5"
"WGCNA_blue","TSKU"
"WGCNA_blue","RGS6"
"WGCNA_blue","HOXB4"
"WGCNA_blue","CRIP2"
"WGCNA_blue","COL18A1"
"WGCNA_blue","RBM10"
"WGCNA_blue","SLC25A18"
"WGCNA_blue","EWSR1"
"WGCNA_blue","MTA1"
"WGCNA_blue","PYCR1"
"WGCNA_blue","PCP4"
"WGCNA_blue","SLC25A10"
"WGCNA_blue","LYSMD4"
"WGCNA_blue","AFMID"
"WGCNA_blue","GAS6"
"WGCNA_blue","BEGAIN"
"WGCNA_blue","FAM43B"
"WGCNA_blue","C2CD4C"
"WGCNA_blue","GDPGP1"
"WGCNA_blue","MICA"
"WGCNA_blue","PRR36"
"WGCNA_blue","CCDC125"
"WGCNA_blue","FHL3"
"WGCNA_blue","TEKTIP1"
"WGCNA_blue","CCDC159"
"WGCNA_blue","PKD1P3"
"WGCNA_blue","TREX2"
"WGCNA_blue","EP400"
"WGCNA_blue","PCBP3"
"WGCNA_blue","UPP1"
"WGCNA_blue","ASCL2"
"WGCNA_blue","CBX6"
"WGCNA_blue","TBL3"
"WGCNA_blue","TRAIP"
"WGCNA_blue","AIFM3"
"WGCNA_blue","ZNF703"
"WGCNA_blue","NPIPA5"
"WGCNA_blue","NUDT14"
"WGCNA_blue","PNMA3"
"WGCNA_blue","ARSI"
"WGCNA_blue","NPIPA6"
"WGCNA_blue","DNAH2"
"WGCNA_blue","KMT5A"
"WGCNA_blue","SMTN"
"WGCNA_blue","NPW"
"WGCNA_blue","CLDN5"
"WGCNA_blue","CNTN2"
"WGCNA_blue","ADRA2C"
"WGCNA_blue","C1QTNF12"
"WGCNA_blue","CRELD2"
"WGCNA_blue","GPR173"
"WGCNA_blue","TSPYL2"
"WGCNA_blue","PGP"
"WGCNA_blue","OAF"
"WGCNA_blue","POU6F1"
"WGCNA_blue","TSSC4"
"WGCNA_blue","MROH7"
"WGCNA_blue","CSF1"
"WGCNA_blue","PLA2G6"
"WGCNA_blue","TOP1MT"
"WGCNA_blue","THAP7"
"WGCNA_blue","CCR10"
"WGCNA_blue","TXNRD2"
"WGCNA_blue","PTP4A3"
"WGCNA_blue","TMEM255B"
"WGCNA_blue","DUSP8"
"WGCNA_blue","C14ORF180"
"WGCNA_blue","ZBTB40"
"WGCNA_blue","CLDN6"
"WGCNA_blue","SEPTIN5"
"WGCNA_blue","APOBR"
"WGCNA_blue","DYNLT2"
"WGCNA_blue","UBE2G2"
"WGCNA_blue","OSBP2"
"WGCNA_blue","H1-10"
"WGCNA_blue","JAG2"
"WGCNA_blue","FMNL1"
"WGCNA_blue","LCN12"
"WGCNA_blue","MUC6"
"WGCNA_blue","NOC4L"
"WGCNA_blue","SORCS2"
"WGCNA_blue","TMEM121"
"WGCNA_blue","SIVA1"
"WGCNA_blue","BRF1"
"WGCNA_blue","SEMA4B"
"WGCNA_blue","MROH2A"
"WGCNA_blue","NELFA"
"WGCNA_blue","ANO9"
"WGCNA_blue","HSF1"
"WGCNA_blue","INPP5J"
"WGCNA_blue","DDX51"
"WGCNA_blue","SIGIRR"
"WGCNA_blue","NRBP2"
"WGCNA_blue","IFITM2"
"WGCNA_blue","TNFAIP2"
"WGCNA_blue","RAB11B"
"WGCNA_blue","ZNF74"
"WGCNA_blue","UBALD2"
"WGCNA_blue","NOTUM"
"WGCNA_blue","CCDC137"
"WGCNA_blue","CDK10"
"WGCNA_blue","TMEM105"
"WGCNA_blue","SOCS1"
"WGCNA_blue","GAS2L1"
"WGCNA_blue","TEDC1"
"WGCNA_blue","HGS"
"WGCNA_blue","TNFAIP8L1"
"WGCNA_blue","RAD51D"
"WGCNA_blue","MAPK11"
"WGCNA_blue","SP140L"
"WGCNA_blue","ZSWIM9"
"WGCNA_blue","STAC3"
"WGCNA_blue","MUC1"
"WGCNA_blue","FAAP100"
"WGCNA_blue","IRF7"
"WGCNA_blue","L3MBTL1"
"WGCNA_blue","LMNTD2"
"WGCNA_blue","TLCD2"
"WGCNA_blue","COXFA4L2"
"WGCNA_blue","SNAI3"
"WGCNA_blue","ZBTB3"
"WGCNA_blue","ZNF696"
"WGCNA_blue","ADAMTSL5"
"WGCNA_blue","DMWD"
"WGCNA_blue","SLC52A2"
"WGCNA_blue","PCYT2"
"WGCNA_blue","NPAP1"
"WGCNA_blue","HDHD5-AS1"
"WGCNA_blue","GNB1L"
"WGCNA_blue","NPIPB4"
"WGCNA_blue","ATP6V0C"
"WGCNA_blue","KLHDC8B"
"WGCNA_blue","PLK5"
"WGCNA_blue","NDUFA13"
"WGCNA_blue","MATN1-AS1"
"WGCNA_blue","PIP5K1C"
"WGCNA_blue","BCL9L"
"WGCNA_blue","KIF18B"
"WGCNA_blue","ZNRF1"
"WGCNA_blue","CYP4F12"
"WGCNA_blue","LINC02610"
"WGCNA_blue","GPAT2"
"WGCNA_blue","TOR3A"
"WGCNA_blue","NUDT17"
"WGCNA_blue","FAM86B1"
"WGCNA_blue","FOXD2"
"WGCNA_blue","CEACAM19"
"WGCNA_blue","SMIM29"
"WGCNA_blue","CARMIL3"
"WGCNA_blue","PRG2"
"WGCNA_blue","PRR5"
"WGCNA_blue","MPPED1"
"WGCNA_blue","SPIN2B"
"WGCNA_blue","VSIG10L"
"WGCNA_blue","TPCN1"
"WGCNA_blue","TNFRSF4"
"WGCNA_blue","PDZD7"
"WGCNA_blue","POFUT2"
"WGCNA_blue","TNFRSF18"
"WGCNA_blue","RTN4RL2"
"WGCNA_blue","ZNF395"
"WGCNA_blue","KANK3"
"WGCNA_blue","EMID1"
"WGCNA_blue","ESPN"
"WGCNA_blue","PTRH1"
"WGCNA_blue","RPS19BP1"
"WGCNA_blue","HEATR4"
"WGCNA_blue","BCAM"
"WGCNA_blue","WDR86"
"WGCNA_blue","EPOR"
"WGCNA_blue","C11ORF96"
"WGCNA_blue","SIRT7"
"WGCNA_blue","IFT140"
"WGCNA_blue","PLEKHN1"
"WGCNA_blue","ZNF385C"
"WGCNA_blue","ISG15"
"WGCNA_blue","EXD3"
"WGCNA_blue","LIAT1"
"WGCNA_blue","DHRS4L2"
"WGCNA_blue","SAMD11"
"WGCNA_blue","VMAC"
"WGCNA_blue","SPRY4"
"WGCNA_blue","GABRD"
"WGCNA_blue","ZNF70"
"WGCNA_blue","CARD9"
"WGCNA_blue","PEAR1"
"WGCNA_blue","CCDC157"
"WGCNA_blue","PALM3"
"WGCNA_blue","PMS2CL"
"WGCNA_blue","ZFTRAF1"
"WGCNA_blue","KLHL17"
"WGCNA_blue","RINL"
"WGCNA_blue","RTP5"
"WGCNA_blue","RILPL1"
"WGCNA_blue","ZFTA"
"WGCNA_blue","C6ORF132"
"WGCNA_blue","MAPK12"
"WGCNA_blue","AGRN"
"WGCNA_blue","PRKAR1B"
"WGCNA_blue","AGAP4"
"WGCNA_blue","C15ORF62"
"WGCNA_blue","RUFY4"
"WGCNA_blue","HES4"
"WGCNA_blue","PEAK3"
"WGCNA_blue","C3ORF62"
"WGCNA_blue","SBK1"
"WGCNA_blue","ZP3"
"WGCNA_blue","GOLGA6L3P"
"WGCNA_blue","PDCD1"
"WGCNA_blue","IER5L"
"WGCNA_blue","H2AX"
"WGCNA_blue","ACTMAP"
"WGCNA_blue","FAM83G"
"WGCNA_blue","CCDC9B"
"WGCNA_blue","NDOR1"
"WGCNA_blue","FBLL1"
"WGCNA_blue","GOLGA8M"
"WGCNA_blue","TMEM120B"
"WGCNA_blue","NOXA1"
"WGCNA_blue","TMEM198"
"WGCNA_blue","SKOR1"
"WGCNA_blue","TMEM201"
"WGCNA_blue","CNR2"
"WGCNA_blue","SLX4"
"WGCNA_blue","ENTPD8"
"WGCNA_blue","FBF1"
"WGCNA_blue","LOC400499"
"WGCNA_blue","NOC2L"
"WGCNA_blue","MSANTD1"
"WGCNA_blue","NELFB"
"WGCNA_blue","BLOC1S3"
"WGCNA_blue","SP6"
"WGCNA_blue","PLAC9"
"WGCNA_blue","JPT1"
"WGCNA_blue","PAX8-AS1"
"WGCNA_blue","DRICH1"
"WGCNA_blue","FHIT"
"WGCNA_blue","RRP7A"
"WGCNA_blue","S100A14"
"WGCNA_blue","KAZN"
"WGCNA_blue","TOGARAM2"
"WGCNA_blue","CFAP119"
"WGCNA_blue","MATCAP1"
"WGCNA_blue","PLEKHG4"
"WGCNA_blue","COLCA1"
"WGCNA_blue","KIF19"
"WGCNA_blue","HRCT1"
"WGCNA_blue","RNF216P1"
"WGCNA_blue","SUPT5H"
"WGCNA_blue","GTF2IRD2"
"WGCNA_blue","ATP2A1"
"WGCNA_blue","POM121"
"WGCNA_blue","NLGN3"
"WGCNA_blue","NTNG2"
"WGCNA_blue","LONP1"
"WGCNA_blue","C9ORF163"
"WGCNA_blue","ZNF34"
"WGCNA_blue","INCA1"
"WGCNA_blue","EVL"
"WGCNA_blue","NOXO1"
"WGCNA_blue","C20ORF204"
"WGCNA_blue","PPP1R26"
"WGCNA_blue","ZNF775"
"WGCNA_blue","C20ORF96"
"WGCNA_blue","NCOR2"
"WGCNA_blue","ANAPC7"
"WGCNA_blue","SLC6A9"
"WGCNA_blue","BORCS6"
"WGCNA_blue","MAN2A2"
"WGCNA_blue","MRTFA"
"WGCNA_blue","RABL6"
"WGCNA_blue","LINC00173"
"WGCNA_blue","HSH2D"
"WGCNA_blue","TRPV1"
"WGCNA_blue","PDXDC2P-NPIPB14P"
"WGCNA_blue","ZNF512B"
"WGCNA_blue","COL27A1"
"WGCNA_blue","PDLIM7"
"WGCNA_blue","FAM163B"
"WGCNA_blue","SERTAD1"
"WGCNA_blue","ARRDC1"
"WGCNA_blue","ZGPAT"
"WGCNA_blue","SLC25A29"
"WGCNA_blue","SRC"
"WGCNA_blue","ABCB8"
"WGCNA_blue","ZNF785"
"WGCNA_blue","SULT1A2"
"WGCNA_blue","PRR34-AS1"
"WGCNA_blue","NOL4L"
"WGCNA_blue","CYSRT1"
"WGCNA_blue","FAM110D"
"WGCNA_blue","TPSB2"
"WGCNA_blue","IL27"
"WGCNA_blue","SYNGAP1"
"WGCNA_blue","RAMP2-AS1"
"WGCNA_blue","LYPD2"
"WGCNA_blue","UAP1L1"
"WGCNA_blue","ZNF786"
"WGCNA_blue","ZNF517"
"WGCNA_blue","ADARB1"
"WGCNA_blue","SHPK"
"WGCNA_blue","COL13A1"
"WGCNA_blue","ZNF628"
"WGCNA_blue","MIB2"
"WGCNA_blue","GZMM"
"WGCNA_blue","SSPOP"
"WGCNA_blue","RAB40C"
"WGCNA_blue","ANKRD13C-DT"
"WGCNA_blue","BCO2"
"WGCNA_blue","S100A10"
"WGCNA_blue","EME2"
"WGCNA_blue","ATAD3A"
"WGCNA_blue","CCDC180"
"WGCNA_blue","GPAA1"
"WGCNA_blue","ADAMTSL2"
"WGCNA_blue","SPG7"
"WGCNA_blue","HES5"
"WGCNA_blue","FCHSD1"
"WGCNA_blue","AKAP17A"
"WGCNA_blue","C1ORF122"
"WGCNA_blue","ODAD3"
"WGCNA_blue","ZNF335"
"WGCNA_blue","CYP2A7"
"WGCNA_blue","SFI1"
"WGCNA_blue","NPIPB6"
"WGCNA_blue","FAM47C"
"WGCNA_blue","SZT2"
"WGCNA_blue","RPS6KL1"
"WGCNA_blue","UCKL1"
"WGCNA_blue","CARD11"
"WGCNA_blue","PHETA1"
"WGCNA_blue","PIM3"
"WGCNA_blue","ZNF69"
"WGCNA_blue","CYP21A2"
"WGCNA_blue","ANKRD35"
"WGCNA_blue","NBR2"
"WGCNA_blue","MAFK"
"WGCNA_blue","DDX39B"
"WGCNA_blue","MMP17"
"WGCNA_blue","MDM4"
"WGCNA_blue","NCOA6"
"WGCNA_blue","ABCA4"
"WGCNA_blue","DLL1"
"WGCNA_blue","ANKRD13B"
"WGCNA_blue","SMOC1"
"WGCNA_blue","GPATCH3"
"WGCNA_blue","PLXNB3"
"WGCNA_blue","ZNF358"
"WGCNA_blue","SELENOM"
"WGCNA_blue","GJC2"
"WGCNA_blue","DENND4B"
"WGCNA_blue","ARHGEF15"
"WGCNA_blue","RUSC2"
"WGCNA_blue","R3HDM4"
"WGCNA_blue","STKLD1"
"WGCNA_blue","L1CAM"
"WGCNA_blue","SPOUT1"
"WGCNA_blue","KIAA0753"
"WGCNA_blue","TBKBP1"
"WGCNA_blue","MIR429"
"WGCNA_blue","MIR148A"
"WGCNA_blue","MIRLET7D"
"WGCNA_blue","MIR126"
"WGCNA_blue","SNORA60"
"WGCNA_blue","SNORD104"
"WGCNA_blue","RNA5SP383"
"WGCNA_blue","RN7SKP80"
"WGCNA_blue","DRC8"
"WGCNA_blue","IBA57-DT"
"WGCNA_blue","GDI1"
"WGCNA_blue","SOX18"
"WGCNA_blue","LIME1"
"WGCNA_blue","LOC100130587"
"WGCNA_blue","RTL8A"
"WGCNA_blue","ARRDC1-AS1"
"WGCNA_blue","FOXO6"
"WGCNA_blue","INPP5B"
"WGCNA_blue","NEU4"
"WGCNA_blue","C2ORF72"
"WGCNA_blue","PHACTR4"
"WGCNA_blue","ZDHHC18"
"WGCNA_blue","AGAP9"
"WGCNA_blue","GPRIN2"
"WGCNA_blue","RXRB"
"WGCNA_blue","OXLD1"
"WGCNA_blue","COL11A2"
"WGCNA_blue","NOTCH4"
"WGCNA_blue","PRRT1"
"WGCNA_blue","MRPL38"
"WGCNA_blue","SMIM5"
"WGCNA_blue","SP5"
"WGCNA_blue","WHR1"
"WGCNA_blue","DXO"
"WGCNA_blue","SKIC2"
"WGCNA_blue","EHMT2"
"WGCNA_blue","MSH5"
"WGCNA_blue","PRRC2A"
"WGCNA_blue","LTB"
"WGCNA_blue","NFKBIL1"
"WGCNA_blue","POU5F1"
"WGCNA_blue","CCHCR1"
"WGCNA_blue","PSORS1C1"
"WGCNA_blue","DHX16"
"WGCNA_blue","C6ORF136"
"WGCNA_blue","PPP1R10"
"WGCNA_blue","ACOXL-AS1"
"WGCNA_blue","LRCOL1"
"WGCNA_blue","GNL1"
"WGCNA_blue","TRIM39"
"WGCNA_blue","TBC1D8"
"WGCNA_blue","LINC02210"
"WGCNA_blue","ASPDH"
"WGCNA_blue","AKT1S1"
"WGCNA_blue","GABBR1"
"WGCNA_blue","MIR1915HG"
"WGCNA_blue","SPDYC"
"WGCNA_blue","TRIM27"
"WGCNA_blue","MRPL53"
"WGCNA_blue","MROH6"
"WGCNA_blue","ATXN2"
"WGCNA_blue","PNMA8B"
"WGCNA_blue","ZBTB48"
"WGCNA_blue","GPR20"
"WGCNA_blue","UQCC3"
"WGCNA_blue","ATP6V0E2-AS1"
"WGCNA_blue","ZNF783"
"WGCNA_blue","SPIRE2"
"WGCNA_blue","OR5G5P"
"WGCNA_blue","SYCE1L"
"WGCNA_blue","GARIN1A"
"WGCNA_blue","TMEM240"
"WGCNA_blue","SCGB2B2"
"WGCNA_blue","E2F4"
"WGCNA_blue","DGAT2L7P"
"WGCNA_blue","TECPR1"
"WGCNA_blue","INSYN1"
"WGCNA_blue","EXOC3L4"
"WGCNA_blue","RGL3"
"WGCNA_blue","CPT1B"
"WGCNA_blue","DENND6B"
"WGCNA_blue","LCMT1"
"WGCNA_blue","LOC105377203"
"WGCNA_blue","DENND1C"
"WGCNA_blue","PKD1P4"
"WGCNA_blue","C16ORF96"
"WGCNA_blue","KRTAP5-6"
"WGCNA_blue","FAM99B"
"WGCNA_blue","FAM99A"
"WGCNA_blue","C1RL-AS1"
"WGCNA_blue","ZNF316"
"WGCNA_blue","SRRM2-AS1"
"WGCNA_blue","RNPS1"
"WGCNA_blue","ZDHHC11B"
"WGCNA_blue","TMEM191C"
"WGCNA_blue","RNASE13"
"WGCNA_blue","RGL2"
"WGCNA_blue","HCG27"
"WGCNA_blue","DDAH2"
"WGCNA_blue","HLA-A"
"WGCNA_blue","SNORD7"
"WGCNA_blue","MIR25"
"WGCNA_blue","MIR647"
"WGCNA_blue","MIR23B"
"WGCNA_blue","MIR93"
"WGCNA_blue","MIR33B"
"WGCNA_blue","MIR27B"
"WGCNA_blue","MIR616"
"WGCNA_blue","MIR106B"
"WGCNA_blue","SELENOH"
"WGCNA_blue","AKR7L"
"WGCNA_blue","IGLV1-51"
"WGCNA_blue","IGHA2"
"WGCNA_blue","IGHG4"
"WGCNA_blue","IGHD"
"WGCNA_blue","IGHM"
"WGCNA_blue","PRR22"
"WGCNA_blue","LINC01089"
"WGCNA_blue","RNF208"
"WGCNA_blue","POU5F1B"
"WGCNA_blue","ZNF580"
"WGCNA_blue","NUP62"
"WGCNA_blue","C1ORF220"
"WGCNA_blue","ACKR1"
"WGCNA_blue","CRIP1"
"WGCNA_blue","LINGO4"
"WGCNA_blue","ASIC3"
"WGCNA_blue","DNLZ"
"WGCNA_blue","PGK1P2"
"WGCNA_blue","QTRT1"
"WGCNA_blue","MXD3"
"WGCNA_blue","GSTM2"
"WGCNA_blue","LINC00671"
"WGCNA_blue","COG8"
"WGCNA_blue","HAUS7"
"WGCNA_blue","LCAT"
"WGCNA_blue","GPC2"
"WGCNA_blue","RPL18AP3"
"WGCNA_blue","SIPA1"
"WGCNA_blue","ARL2"
"WGCNA_blue","SRA1"
"WGCNA_blue","ADAT3"
"WGCNA_blue","LAT"
"WGCNA_blue","TREX1"
"WGCNA_blue","GTF2H4"
"WGCNA_blue","SLC23A3"
"WGCNA_blue","LTB4R"
"WGCNA_blue","DNASE1"
"WGCNA_blue","CSNK1E"
"WGCNA_blue","CLDN9"
"WGCNA_blue","TAX1BP3"
"WGCNA_blue","AP1G2"
"WGCNA_blue","TM6SF2"
"WGCNA_blue","BORCS8-MEF2B"
"WGCNA_blue","TTLL3"
"WGCNA_blue","REPIN1"
"WGCNA_blue","MRPL23"
"WGCNA_blue","CPNE1"
"WGCNA_blue","ARL16"
"WGCNA_blue","PRCD"
"WGCNA_blue","LINC02026"
"WGCNA_blue","SH3D21"
"WGCNA_blue","SCART1"
"WGCNA_blue","POU2AF3"
"WGCNA_blue","LCNL1"
"WGCNA_blue","PLIN5"
"WGCNA_blue","STARD10"
"WGCNA_blue","MEG3"
"WGCNA_blue","NUTM2D"
"WGCNA_blue","ZSWIM8"
"WGCNA_blue","LOC105371730"
"WGCNA_blue","MS4A4E"
"WGCNA_blue","EVPLL"
"WGCNA_blue","CD27-AS1"
"WGCNA_blue","NEURL4"
"WGCNA_blue","CIMIP2B"
"WGCNA_blue","NPEPL1"
"WGCNA_blue","AATBC"
"WGCNA_blue","BCRP3"
"WGCNA_blue","GCGR"
"WGCNA_blue","TNFRSF25"
"WGCNA_blue","TTC34"
"WGCNA_blue","IFI30"
"WGCNA_blue","PAM16"
"WGCNA_blue","ZNF579"
"WGCNA_blue","RNASEK"
"WGCNA_blue","VAMP2"
"WGCNA_blue","HNRNPH1P1"
"WGCNA_blue","PKMP3"
"WGCNA_blue","RNU6ATAC18P"
"WGCNA_blue","MIR1249"
"WGCNA_blue","PEX39"
"WGCNA_blue","FANCG"
"WGCNA_blue","AP4M1"
"WGCNA_blue","ARIH2OS"
"WGCNA_blue","NPTXR"
"WGCNA_blue","C19ORF73"
"WGCNA_blue","TRIM16"
"WGCNA_blue","FXYD7"
"WGCNA_blue","LINC02897"
"WGCNA_blue","FADS3"
"WGCNA_blue","LINC01118"
"WGCNA_blue","BTBD19"
"WGCNA_blue","HDAC4-AS1"
"WGCNA_blue","LINC01124"
"WGCNA_blue","RN7SKP16"
"WGCNA_blue","MIR381HG"
"WGCNA_blue","MTND6P21"
"WGCNA_blue","ZNF844"
"WGCNA_blue","SMPD4P1"
"WGCNA_blue","NSUN5P1"
"WGCNA_blue","LINC02593"
"WGCNA_blue","LINC01342"
"WGCNA_blue","PDGFA-DT"
"WGCNA_blue","SMCR2"
"WGCNA_blue","TANAR"
"WGCNA_blue","CPTP"
"WGCNA_blue","HCG25"
"WGCNA_blue","RPSAP18"
"WGCNA_blue","PRR29"
"WGCNA_blue","ADM5"
"WGCNA_blue","CSRP1-AS1"
"WGCNA_blue","ZMIZ1-AS1"
"WGCNA_blue","PCOLCE-AS1"
"WGCNA_blue","PRRT4"
"WGCNA_blue","INE1"
"WGCNA_blue","LOC102723566"
"WGCNA_blue","ICMT-DT"
"WGCNA_blue","PSME2P2"
"WGCNA_blue","LOC124900217"
"WGCNA_blue","LINC00092"
"WGCNA_blue","HSPA7"
"WGCNA_blue","LINC01770"
"WGCNA_blue","PPP1R26-AS1"
"WGCNA_blue","CT62"
"WGCNA_blue","ZNF469"
"WGCNA_blue","MCRIP1"
"WGCNA_blue","SLC26A6"
"WGCNA_blue","DBH-AS1"
"WGCNA_blue","MIAT"
"WGCNA_blue","FAM229A"
"WGCNA_blue","RUSC1-AS1"
"WGCNA_blue","GTF2IP14"
"WGCNA_blue","KCNIP2-AS1"
"WGCNA_blue","LINC00937"
"WGCNA_blue","TEX22"
"WGCNA_blue","WASH8P"
"WGCNA_blue","CROCC2"
"WGCNA_blue","NUP50-DT"
"WGCNA_blue","CYP2D8P"
"WGCNA_blue","LINC01748"
"WGCNA_blue","LENG8-AS1"
"WGCNA_blue","EEF1DP2"
"WGCNA_blue","SRRM5"
"WGCNA_blue","LOC100996437"
"WGCNA_blue","ITGB2-AS1"
"WGCNA_blue","SAPCD1"
"WGCNA_blue","SCAMP4"
"WGCNA_blue","SOCS5P4"
"WGCNA_blue","LOC105376292"
"WGCNA_blue","PKD1P2"
"WGCNA_blue","TARID"
"WGCNA_blue","MELTF-AS1"
"WGCNA_blue","RTN4RL1-AS1"
"WGCNA_blue","ZNF691-DT"
"WGCNA_blue","MGAT4EP"
"WGCNA_blue","LNCEGFL7OS"
"WGCNA_blue","CCDC183-AS1"
"WGCNA_blue","STIM1-AS1"
"WGCNA_blue","PROB1"
"WGCNA_blue","LINC00659"
"WGCNA_blue","LAMA5-AS1"
"WGCNA_blue","RPS3AP54"
"WGCNA_blue","KRT18P4"
"WGCNA_blue","KRT8P12"
"WGCNA_blue","HYI-AS1"
"WGCNA_blue","SZT2-AS1"
"WGCNA_blue","LOC101927745"
"WGCNA_blue","LINC02526"
"WGCNA_blue","MIR194-2HG"
"WGCNA_blue","OGFR-AS1"
"WGCNA_blue","LINC01315"
"WGCNA_blue","FOXO6-AS1"
"WGCNA_blue","MIR5689HG"
"WGCNA_blue","TOB1-AS1"
"WGCNA_blue","HOXB-AS1"
"WGCNA_blue","RABGEF1P2"
"WGCNA_blue","LINC03143"
"WGCNA_blue","THAP7-AS1"
"WGCNA_blue","ACTG1P14"
"WGCNA_blue","GPAA1P2"
"WGCNA_blue","FBXW4P1"
"WGCNA_blue","HLA-K"
"WGCNA_blue","CDC20P1"
"WGCNA_blue","GNB1-DT"
"WGCNA_blue","LINC00852"
"WGCNA_blue","LINC01816"
"WGCNA_blue","RPL31P34"
"WGCNA_blue","WARS2-AS1"
"WGCNA_blue","SNORD62B"
"WGCNA_blue","DIRC3"
"WGCNA_blue","TRAF3IP2-AS1"
"WGCNA_blue","DNMT3L-AS1"
"WGCNA_blue","TMEM253"
"WGCNA_blue","DCST1-AS1"
"WGCNA_blue","DFFBP1"
"WGCNA_blue","AJM1"
"WGCNA_blue","LINC01431"
"WGCNA_blue","TRIM80P"
"WGCNA_blue","PTGES2-DT"
"WGCNA_blue","DLGAP4-AS1"
"WGCNA_blue","MIR3936HG"
"WGCNA_blue","HOXB-AS3"
"WGCNA_blue","FMNL1-AS1"
"WGCNA_blue","MPDU1-AS1"
"WGCNA_blue","NPIPB7"
"WGCNA_blue","UICLM"
"WGCNA_blue","HOTAIRM1"
"WGCNA_blue","LITATS1"
"WGCNA_blue","EBAG9P1"
"WGCNA_blue","RPS28"
"WGCNA_blue","GTF3C2-AS2"
"WGCNA_blue","LINC01191"
"WGCNA_blue","LINC02983"
"WGCNA_blue","LNCTAM34A"
"WGCNA_blue","JRK"
"WGCNA_blue","FREY1"
"WGCNA_blue","APOC2"
"WGCNA_blue","SNHG20"
"WGCNA_blue","SMIM1"
"WGCNA_blue","PPP1R3E"
"WGCNA_blue","LINC00957"
"WGCNA_blue","RPS15P2"
"WGCNA_blue","OLMALINC"
"WGCNA_blue","TSPEAR-AS1"
"WGCNA_blue","ASH1L-AS1"
"WGCNA_blue","TMEM147-AS1"
"WGCNA_blue","LINC00479"
"WGCNA_blue","LINC01134"
"WGCNA_blue","RPL29P1"
"WGCNA_blue","CBR3-AS1"
"WGCNA_blue","LINC00106"
"WGCNA_blue","MIR600HG"
"WGCNA_blue","IGHJ3P"
"WGCNA_blue","PRKAR1B-AS1"
"WGCNA_blue","FOXD2-AS1"
"WGCNA_blue","ADAMTSL4-AS2"
"WGCNA_blue","WASHC2FP"
"WGCNA_blue","NALT1"
"WGCNA_blue","PSME2P1"
"WGCNA_blue","SNORD4A"
"WGCNA_blue","CASTOR1"
"WGCNA_blue","LY6G5B"
"WGCNA_blue","RBM14"
"WGCNA_blue","ALKBH6"
"WGCNA_blue","LHFPL3-AS2"
"WGCNA_blue","TNFSF12"
"WGCNA_blue","WBP1"
"WGCNA_blue","RN7SL513P"
"WGCNA_blue","GET4"
"WGCNA_blue","RN7SL608P"
"WGCNA_blue","EGFL8"
"WGCNA_blue","PCDHGC5"
"WGCNA_blue","RN7SL23P"
"WGCNA_blue","PEDS1"
"WGCNA_blue","RN7SL521P"
"WGCNA_blue","NDUFB2-AS1"
"WGCNA_blue","MIF"
"WGCNA_blue","KRTAP5-8"
"WGCNA_blue","PDXP"
"WGCNA_blue","HNF1A-AS1"
"WGCNA_blue","ARHGAP8"
"WGCNA_blue","CA15P1"
"WGCNA_blue","CBLL1-AS1"
"WGCNA_blue","EOLA1-DT"
"WGCNA_blue","PISD"
"WGCNA_blue","HYPK"
"WGCNA_blue","PRKAG2-AS2"
"WGCNA_blue","SDHAP2"
"WGCNA_blue","AMACR"
"WGCNA_blue","UPK3BP1"
"WGCNA_blue","GSK3B-DT"
"WGCNA_blue","AP5Z1"
"WGCNA_blue","STRC"
"WGCNA_blue","EIF4EBP3"
"WGCNA_blue","RPL19P19"
"WGCNA_blue","PRAF2"
"WGCNA_blue","EFNA4"
"WGCNA_blue","RPL5P30"
"WGCNA_blue","NICOL1"
"WGCNA_blue","NAA80"
"WGCNA_blue","NME2"
"WGCNA_blue","PLA2G4B"
"WGCNA_blue","NPIPB5"
"WGCNA_blue","TTC4"
"WGCNA_blue","LINC01011"
"WGCNA_blue","P2RY11"
"WGCNA_blue","IFITM10"
"WGCNA_blue","DBNDD2"
"WGCNA_blue","SCARF2"
"WGCNA_blue","CCDC13"
"WGCNA_blue","ASPRV1"
"WGCNA_blue","RUFY1-AS1"
"WGCNA_blue","DDX11-AS1"
"WGCNA_blue","CEBPA"
"WGCNA_blue","RAD51-AS1"
"WGCNA_blue","NSMCE1-DT"
"WGCNA_blue","EXTL3-AS1"
"WGCNA_blue","RASSF8-AS1"
"WGCNA_blue","UBAP1L"
"WGCNA_blue","MIR210HG"
"WGCNA_blue","MISFA"
"WGCNA_blue","TWF2"
"WGCNA_blue","LINC00926"
"WGCNA_blue","BCKDHA"
"WGCNA_blue","LOC124901151"
"WGCNA_blue","LINC02119"
"WGCNA_blue","STIMATE-MUSTN1"
"WGCNA_blue","DRC12"
"WGCNA_blue","ATP5MF-PTCD1"
"WGCNA_blue","ZNF436-AS1"
"WGCNA_blue","HAUS5"
"WGCNA_blue","LOC285638"
"WGCNA_blue","SRD5A3-AS1"
"WGCNA_blue","FER1L5"
"WGCNA_blue","LINC02021"
"WGCNA_blue","PVT1"
"WGCNA_blue","YJEFN3"
"WGCNA_blue","LOC728488"
"WGCNA_blue","PKD1P6"
"WGCNA_blue","RPL13AP26"
"WGCNA_blue","RPSAP70"
"WGCNA_blue","CDK3"
"WGCNA_blue","GPR162"
"WGCNA_blue","GLI4"
"WGCNA_blue","SNHG18"
"WGCNA_blue","PRODH2"
"WGCNA_blue","ENPP7P11"
"WGCNA_blue","NUMA1-AS1"
"WGCNA_blue","SHANK3"
"WGCNA_blue","SYT9-AS1"
"WGCNA_blue","RNU6-1053P"
"WGCNA_blue","RNU6-322P"
"WGCNA_blue","RNY3P16"
"WGCNA_blue","RNU7-40P"
"WGCNA_blue","TMEM200B"
"WGCNA_blue","PRSS51"
"WGCNA_blue","KBTBD11-AS1"
"WGCNA_blue","PINX1"
"WGCNA_blue","NPIPB11"
"WGCNA_blue","LINC01485"
"WGCNA_blue","LRRC24"
"WGCNA_blue","CHMP4A"
"WGCNA_blue","PPP3CA-DT"
"WGCNA_blue","LOC644169"
"WGCNA_blue","MIR130AHG"
"WGCNA_blue","PKD1P5"
"WGCNA_blue","LOC101927702"
"WGCNA_blue","MEX3A"
"WGCNA_blue","LOC100289518"
"WGCNA_blue","LMNTD2-AS1"
"WGCNA_blue","SLC67A1-AS"
"WGCNA_blue","MPV17L2"
"WGCNA_blue","LINC02688"
"WGCNA_blue","BORCS8"
"WGCNA_blue","STX16-NPEPL1"
"WGCNA_blue","KRTAP5-9"
"WGCNA_blue","GATD1-DT"
"WGCNA_blue","SMIM14-DT"
"WGCNA_blue","B4GAT1-DT"
"WGCNA_blue","B3GAT1-DT"
"WGCNA_blue","AGAP2-AS1"
"WGCNA_blue","CYP2A6"
"WGCNA_blue","SBNO1-AS1"
"WGCNA_blue","MRGPRF-AS1"
"WGCNA_blue","LINC02985"
"WGCNA_blue","LINC02361"
"WGCNA_blue","LCIIAR"
"WGCNA_blue","ARHGEF17-AS1"
"WGCNA_blue","LINC02388"
"WGCNA_blue","TNS2-AS1"
"WGCNA_blue","FNTB"
"WGCNA_blue","PLA2G10HP"
"WGCNA_blue","BLTP3B-DT"
"WGCNA_blue","LBX2-AS1"
"WGCNA_blue","INAFM1"
"WGCNA_blue","PDF"
"WGCNA_blue","PRC1-AS1"
"WGCNA_blue","AP1G2-AS1"
"WGCNA_blue","MC1R"
"WGCNA_blue","LOC100420966"
"WGCNA_blue","MIDEAS-AS1"
"WGCNA_blue","NDUFA3P4"
"WGCNA_blue","ZNF710-AS1"
"WGCNA_blue","LOC105370921"
"WGCNA_blue","CTXND1"
"WGCNA_blue","SLC22A31"
"WGCNA_blue","LOC101927793"
"WGCNA_blue","PWRN1"
"WGCNA_blue","TGFBR3L"
"WGCNA_blue","LOC124903667"
"WGCNA_blue","LINC02846"
"WGCNA_blue","PTPN23-DT"
"WGCNA_blue","LINC02166"
"WGCNA_blue","LOC105371414"
"WGCNA_blue","TPSP2"
"WGCNA_blue","ATP2A1-AS1"
"WGCNA_blue","E2F5-DT"
"WGCNA_blue","LINC02193"
"WGCNA_blue","SNAI3-AS1"
"WGCNA_blue","LINC00543"
"WGCNA_blue","CEROX1"
"WGCNA_blue","CAPN10-DT"
"WGCNA_blue","SULT1A3"
"WGCNA_blue","RBFADN"
"WGCNA_blue","EPPK1"
"WGCNA_blue","ZNF865"
"WGCNA_blue","BOP1"
"WGCNA_blue","FIGNL2"
"WGCNA_blue","OTULIN-DT"
"WGCNA_blue","VPS9D1-AS1"
"WGCNA_blue","TEN1-CDK3"
"WGCNA_blue","CATSPERQ"
"WGCNA_blue","TPBGL"
"WGCNA_blue","CYLD-AS1"
"WGCNA_blue","BEAN1-AS1"
"WGCNA_blue","LOC730183"
"WGCNA_blue","ZNF594-DT"
"WGCNA_blue","LOC124900372"
"WGCNA_blue","RPH3AL-AS1"
"WGCNA_blue","DKFZP434A062"
"WGCNA_blue","C17ORF114"
"WGCNA_blue","LINC01978"
"WGCNA_blue","CORO7"
"WGCNA_blue","LINC01569"
"WGCNA_blue","MRPL12"
"WGCNA_blue","CCNQ"
"WGCNA_blue","AKAP1-DT"
"WGCNA_blue","RNF213-AS1"
"WGCNA_blue","ZNF213-AS1"
"WGCNA_blue","NFE2L1-DT"
"WGCNA_blue","LASP1NB"
"WGCNA_blue","LOC100132977"
"WGCNA_blue","RN7SL381P"
"WGCNA_blue","RN7SL336P"
"WGCNA_blue","MIR4728"
"WGCNA_blue","MIR142HG"
"WGCNA_blue","MIR4686"
"WGCNA_blue","RARA-AS1"
"WGCNA_blue","MILIP"
"WGCNA_blue","LINC01970"
"WGCNA_blue","MIR4292"
"WGCNA_blue","MIR4489"
"WGCNA_blue","SRGAP2"
"WGCNA_blue","MIR3649"
"WGCNA_blue","POLRMTP1"
"WGCNA_blue","BAHCC1"
"WGCNA_blue","MIR3646"
"WGCNA_blue","STRADA"
"WGCNA_blue","MIR3176"
"WGCNA_blue","NBPF15"
"WGCNA_blue","MIR3677"
"WGCNA_blue","MYO15B"
"WGCNA_blue","HSD17B1-AS1"
"WGCNA_blue","FXYD1"
"WGCNA_blue","AARSD1"
"WGCNA_blue","CYKILR"
"WGCNA_blue","ASB16-AS1"
"WGCNA_blue","ADGRL1-AS1"
"WGCNA_blue","C17ORF113"
"WGCNA_blue","LOC100996660"
"WGCNA_blue","ZNF790-AS1"
"WGCNA_blue","PARD6G-AS1"
"WGCNA_blue","LOC101927855"
"WGCNA_blue","HEXIM2-AS2"
"WGCNA_blue","CIRBP-AS1"
"WGCNA_blue","ALOX12-AS1"
"WGCNA_blue","LOC105372066"
"WGCNA_blue","LIN37"
"WGCNA_blue","NDUFA7"
"WGCNA_blue","CENPBD2P"
"WGCNA_blue","PTOV1-AS1"
"WGCNA_blue","ERFL"
"WGCNA_blue","FENDRR"
"WGCNA_blue","LOC93429"
"WGCNA_blue","ZNF8-DT"
"WGCNA_blue","A1BG-AS1"
"WGCNA_blue","LOC441179"
"WGCNA_blue","FBXO17"
"WGCNA_blue","LOC105372435"
"WGCNA_blue","LINC00528"
"WGCNA_blue","MAGIX"
"WGCNA_blue","PGLS-DT"
"WGCNA_blue","CCDC194"
"WGCNA_blue","KCNQ1OT1"
"WGCNA_blue","ZNF528-AS1"
"WGCNA_blue","EGLN2"
"WGCNA_blue","C16ORF95-DT"
"WGCNA_blue","NBPF14"
"WGCNA_blue","GCATP1"
"WGCNA_blue","MTDHP1"
"WGCNA_blue","STX17-DT"
"WGCNA_blue","BMS1P4"
"WGCNA_blue","LOC101928965"
"WGCNA_blue","ANKRD34A"
"WGCNA_blue","MICA-AS1"
"WGCNA_blue","KMT2B"
"WGCNA_blue","POM121C"
"WGCNA_blue","LOC107985216"
"WGCNA_blue","STAG3L5P"
"WGCNA_blue","LOC107986163"
"WGCNA_blue","ARHGEF2-AS2"
"WGCNA_blue","LARGE1-AS1"
"WGCNA_blue","LOC124905134"
"WGCNA_blue","TRABD-AS1"
"WGCNA_blue","LENG9"
"WGCNA_blue","LOC100420114"
"WGCNA_blue","EPOP"
"WGCNA_blue","SRCIN1"
"WGCNA_blue","RPS21-DT"
"WGCNA_blue","NOL12"
"WGCNA_blue","LINC01138"
"WGCNA_blue","ADRA2B"
"WGCNA_blue","LINC02930"
"WGCNA_blue","LOC107985020"
"WGCNA_blue","TBC1D3B"
"WGCNA_blue","MIR6772"
"WGCNA_blue","MRM1"
"WGCNA_blue","ZKSCAN2-DT"
"WGCNA_blue","MLLT6"
"WGCNA_blue","NUDT18"
"WGCNA_blue","LOC107987142"
"WGCNA_blue","PRAG1"
"WGCNA_blue","FCGBP"
"WGCNA_blue","DHRS11"
"WGCNA_blue","HNF1B"
"WGCNA_blue","STPG3-AS1"
"WGCNA_blue","LOC100652758"
"WGCNA_blue","PIK3R6"
"WGCNA_blue","TADA2A"
"WGCNA_blue","GPR179"
"WGCNA_blue","CSPG4P10"
"WGCNA_blue","MIR6730"
"WGCNA_blue","PCGF2"
"WGCNA_blue","MIR6757"
"WGCNA_blue","ZNF8"
"WGCNA_blue","MYO19"
"WGCNA_blue","MIR6859-1"
"WGCNA_blue","NR2E3"
"WGCNA_blue","RN7SL113P"
"WGCNA_blue","LOC124906280"
"WGCNA_blue","LOC105372295"
"WGCNA_blue","LOC112268198"
"WGCNA_blue","LINC01126"
"WGCNA_blue","FLJ38576"
"WGCNA_blue","LOC102724023"
"WGCNA_pink","CFTR"
"WGCNA_pink","HS3ST1"
"WGCNA_pink","HECW1"
"WGCNA_pink","HSPB6"
"WGCNA_pink","MEOX1"
"WGCNA_pink","WDR54"
"WGCNA_pink","ITGA3"
"WGCNA_pink","CRLF1"
"WGCNA_pink","TMEM132A"
"WGCNA_pink","TNFRSF12A"
"WGCNA_pink","USH1C"
"WGCNA_pink","PROM1"
"WGCNA_pink","RHBDF1"
"WGCNA_pink","IL32"
"WGCNA_pink","TRAF3IP3"
"WGCNA_pink","SEMA3G"
"WGCNA_pink","LDAF1"
"WGCNA_pink","CLDN11"
"WGCNA_pink","CD6"
"WGCNA_pink","MTMR11"
"WGCNA_pink","DPEP1"
"WGCNA_pink","IL20RA"
"WGCNA_pink","ATP1A2"
"WGCNA_pink","VSIG2"
"WGCNA_pink","SYT13"
"WGCNA_pink","ADGRA2"
"WGCNA_pink","PLEKHB1"
"WGCNA_pink","SLC45A4"
"WGCNA_pink","GRAMD1B"
"WGCNA_pink","EHD2"
"WGCNA_pink","AGPAT4"
"WGCNA_pink","LRRC7"
"WGCNA_pink","CASR"
"WGCNA_pink","DNAH5"
"WGCNA_pink","ADAM28"
"WGCNA_pink","BARX2"
"WGCNA_pink","ANO2"
"WGCNA_pink","EPN3"
"WGCNA_pink","DKK3"
"WGCNA_pink","LAMC3"
"WGCNA_pink","NRIP2"
"WGCNA_pink","FOXC1"
"WGCNA_pink","CHRDL2"
"WGCNA_pink","LAMC2"
"WGCNA_pink","YBX3"
"WGCNA_pink","COL11A1"
"WGCNA_pink","LZTS1"
"WGCNA_pink","CCN5"
"WGCNA_pink","ATP2C2"
"WGCNA_pink","SNCAIP"
"WGCNA_pink","BCAS1"
"WGCNA_pink","DGKA"
"WGCNA_pink","SLC9A3"
"WGCNA_pink","CLDN18"
"WGCNA_pink","TRO"
"WGCNA_pink","CLEC2D"
"WGCNA_pink","HES2"
"WGCNA_pink","SPTB"
"WGCNA_pink","FSTL3"
"WGCNA_pink","OSBPL3"
"WGCNA_pink","NCK2"
"WGCNA_pink","LMCD1"
"WGCNA_pink","CRMP1"
"WGCNA_pink","GLI2"
"WGCNA_pink","NOTCH3"
"WGCNA_pink","WSCD2"
"WGCNA_pink","MCAM"
"WGCNA_pink","GPC4"
"WGCNA_pink","NMRK2"
"WGCNA_pink","CAPN6"
"WGCNA_pink","FBLN1"
"WGCNA_pink","ITGA8"
"WGCNA_pink","FAP"
"WGCNA_pink","RUNX1T1"
"WGCNA_pink","SCGN"
"WGCNA_pink","MOXD1"
"WGCNA_pink","SCTR"
"WGCNA_pink","PKP1"
"WGCNA_pink","SMARCD3"
"WGCNA_pink","DLG3"
"WGCNA_pink","SERTAD4"
"WGCNA_pink","TRAF5"
"WGCNA_pink","GRHL2"
"WGCNA_pink","GSTP1"
"WGCNA_pink","COL16A1"
"WGCNA_pink","MECOM"
"WGCNA_pink","MMP2"
"WGCNA_pink","SULT2B1"
"WGCNA_pink","DOCK3"
"WGCNA_pink","CPXM1"
"WGCNA_pink","TESC"
"WGCNA_pink","CD200"
"WGCNA_pink","GABRP"
"WGCNA_pink","CRTAC1"
"WGCNA_pink","MYO3A"
"WGCNA_pink","MISP"
"WGCNA_pink","MMP11"
"WGCNA_pink","LGALS2"
"WGCNA_pink","SLC5A1"
"WGCNA_pink","RAB36"
"WGCNA_pink","PAPLN"
"WGCNA_pink","VSX1"
"WGCNA_pink","PROCR"
"WGCNA_pink","EEF1A2"
"WGCNA_pink","SLC52A3"
"WGCNA_pink","PLCB4"
"WGCNA_pink","MYL9"
"WGCNA_pink","PAK5"
"WGCNA_pink","JAG1"
"WGCNA_pink","WFDC2"
"WGCNA_pink","SYNDIG1"
"WGCNA_pink","LAMA1"
"WGCNA_pink","CHRDL1"
"WGCNA_pink","PAGE4"
"WGCNA_pink","SRPX"
"WGCNA_pink","PLP2"
"WGCNA_pink","BMX"
"WGCNA_pink","PCYT1B"
"WGCNA_pink","VGLL1"
"WGCNA_pink","GABRE"
"WGCNA_pink","SRPX2"
"WGCNA_pink","NALCN"
"WGCNA_pink","RGCC"
"WGCNA_pink","MEDAG"
"WGCNA_pink","CBLN1"
"WGCNA_pink","CCL22"
"WGCNA_pink","CCL17"
"WGCNA_pink","NDRG4"
"WGCNA_pink","SLC7A6"
"WGCNA_pink","FA2H"
"WGCNA_pink","RASL12"
"WGCNA_pink","IGDCC4"
"WGCNA_pink","RHOV"
"WGCNA_pink","MYEF2"
"WGCNA_pink","PDGFRL"
"WGCNA_pink","PLAT"
"WGCNA_pink","ESRP1"
"WGCNA_pink","STMN2"
"WGCNA_pink","KCNN4"
"WGCNA_pink","APLP1"
"WGCNA_pink","MEIS3"
"WGCNA_pink","ARRDC2"
"WGCNA_pink","COMP"
"WGCNA_pink","TMEM59L"
"WGCNA_pink","GHRHR"
"WGCNA_pink","SFRP4"
"WGCNA_pink","GLI3"
"WGCNA_pink","AEBP1"
"WGCNA_pink","CA9"
"WGCNA_pink","PTGDS"
"WGCNA_pink","ACTA2"
"WGCNA_pink","SFXN3"
"WGCNA_pink","EBF3"
"WGCNA_pink","KRT23"
"WGCNA_pink","P2RX1"
"WGCNA_pink","RASD1"
"WGCNA_pink","CCL2"
"WGCNA_pink","COL1A1"
"WGCNA_pink","MPP2"
"WGCNA_pink","PMP22"
"WGCNA_pink","RAB34"
"WGCNA_pink","GABRA4"
"WGCNA_pink","PF4V1"
"WGCNA_pink","MAPK10"
"WGCNA_pink","SOD3"
"WGCNA_pink","CPZ"
"WGCNA_pink","CRYAB"
"WGCNA_pink","TECTA"
"WGCNA_pink","NRXN2"
"WGCNA_pink","FOLR1"
"WGCNA_pink","KIAA1549L"
"WGCNA_pink","MDK"
"WGCNA_pink","SLC35F2"
"WGCNA_pink","CALCA"
"WGCNA_pink","VWF"
"WGCNA_pink","MGP"
"WGCNA_pink","RERGL"
"WGCNA_pink","TBC1D30"
"WGCNA_pink","ST8SIA1"
"WGCNA_pink","FHL5"
"WGCNA_pink","COL9A1"
"WGCNA_pink","MDFI"
"WGCNA_pink","SMOC2"
"WGCNA_pink","PRPH2"
"WGCNA_pink","PTK7"
"WGCNA_pink","PRSS16"
"WGCNA_pink","C7"
"WGCNA_pink","HBEGF"
"WGCNA_pink","GRM6"
"WGCNA_pink","CDH6"
"WGCNA_pink","DPYSL3"
"WGCNA_pink","STC2"
"WGCNA_pink","DBN1"
"WGCNA_pink","RBP2"
"WGCNA_pink","C3ORF52"
"WGCNA_pink","CCL20"
"WGCNA_pink","TACR1"
"WGCNA_pink","EFEMP1"
"WGCNA_pink","PRRX1"
"WGCNA_pink","QSOX1"
"WGCNA_pink","AMPD1"
"WGCNA_pink","NT5C1A"
"WGCNA_pink","SLAMF1"
"WGCNA_pink","MFAP2"
"WGCNA_pink","CCDC181"
"WGCNA_pink","F3"
"WGCNA_pink","A4GNT"
"WGCNA_pink","ZNF541"
"WGCNA_pink","CASQ2"
"WGCNA_pink","CCND2"
"WGCNA_pink","ECRG4"
"WGCNA_pink","C1ORF198"
"WGCNA_pink","TRIM67"
"WGCNA_pink","BSPRY"
"WGCNA_pink","LTBP2"
"WGCNA_pink","TGFB3"
"WGCNA_pink","KLHL29"
"WGCNA_pink","EPCAM"
"WGCNA_pink","NKX2-3"
"WGCNA_pink","SFRP5"
"WGCNA_pink","PDZRN3"
"WGCNA_pink","DPPA4"
"WGCNA_pink","GJA3"
"WGCNA_pink","CPXM2"
"WGCNA_pink","FMOD"
"WGCNA_pink","HOXA7"
"WGCNA_pink","PHF24"
"WGCNA_pink","PLAU"
"WGCNA_pink","BICC1"
"WGCNA_pink","CIT"
"WGCNA_pink","ITIH5"
"WGCNA_pink","HJURP"
"WGCNA_pink","COL10A1"
"WGCNA_pink","ARHGAP40"
"WGCNA_pink","EDN3"
"WGCNA_pink","PTGIS"
"WGCNA_pink","SNAI1"
"WGCNA_pink","PMEPA1"
"WGCNA_pink","KCNK15"
"WGCNA_pink","ZBP1"
"WGCNA_pink","SOX4"
"WGCNA_pink","CXCL6"
"WGCNA_pink","SSUH2"
"WGCNA_pink","SOX9"
"WGCNA_pink","FNDC11"
"WGCNA_pink","NRSN2"
"WGCNA_pink","OVOL2"
"WGCNA_pink","LAMP5"
"WGCNA_pink","BPIFB1"
"WGCNA_pink","HSPA2"
"WGCNA_pink","AIF1L"
"WGCNA_pink","TMEM35A"
"WGCNA_pink","ATP13A4"
"WGCNA_pink","RASL11B"
"WGCNA_pink","MGAT3"
"WGCNA_pink","LIF"
"WGCNA_pink","RIBC2"
"WGCNA_pink","KRT17"
"WGCNA_pink","PODXL"
"WGCNA_pink","FLNC"
"WGCNA_pink","HOXD1"
"WGCNA_pink","HOXD9"
"WGCNA_pink","ISLR"
"WGCNA_pink","LOXL1"
"WGCNA_pink","AP1M2"
"WGCNA_pink","KLK10"
"WGCNA_pink","FOXJ1"
"WGCNA_pink","KCNA5"
"WGCNA_pink","CNN1"
"WGCNA_pink","PLVAP"
"WGCNA_pink","STK33"
"WGCNA_pink","HRC"
"WGCNA_pink","COL5A1"
"WGCNA_pink","MNX1"
"WGCNA_pink","SLC6A8"
"WGCNA_pink","HIGD1B"
"WGCNA_pink","PDLIM4"
"WGCNA_pink","CKMT2"
"WGCNA_pink","PPP1R1B"
"WGCNA_pink","PODNL1"
"WGCNA_pink","MATN3"
"WGCNA_pink","DRC11"
"WGCNA_pink","SNAP25"
"WGCNA_pink","NES"
"WGCNA_pink","RAB25"
"WGCNA_pink","CHI3L1"
"WGCNA_pink","LGR6"
"WGCNA_pink","DCLK1"
"WGCNA_pink","TRPC4"
"WGCNA_pink","BEX2"
"WGCNA_pink","MYH11"
"WGCNA_pink","FAM83F"
"WGCNA_pink","DUSP26"
"WGCNA_pink","TTC9"
"WGCNA_pink","GSTM5"
"WGCNA_pink","WNT2B"
"WGCNA_pink","VTCN1"
"WGCNA_pink","RAB33A"
"WGCNA_pink","PIWIL4"
"WGCNA_pink","DTNA"
"WGCNA_pink","CLDN10"
"WGCNA_pink","ADAMTS8"
"WGCNA_pink","ENTREP1"
"WGCNA_pink","B4GALNT1"
"WGCNA_pink","FAIM2"
"WGCNA_pink","KRT7"
"WGCNA_pink","PCNX2"
"WGCNA_pink","SERPINE2"
"WGCNA_pink","WNT10A"
"WGCNA_pink","SCN7A"
"WGCNA_pink","CCN3"
"WGCNA_pink","CCL21"
"WGCNA_pink","KIAA0319"
"WGCNA_pink","LRRC1"
"WGCNA_pink","FOXF2"
"WGCNA_pink","IER3"
"WGCNA_pink","LRRC32"
"WGCNA_pink","MMP7"
"WGCNA_pink","CFAP300"
"WGCNA_pink","FXYD2"
"WGCNA_pink","TMPRSS13"
"WGCNA_pink","PAQR5"
"WGCNA_pink","STRA6"
"WGCNA_pink","LOXL4"
"WGCNA_pink","CH25H"
"WGCNA_pink","PLCE1"
"WGCNA_pink","HCN4"
"WGCNA_pink","SEMA7A"
"WGCNA_pink","FRAS1"
"WGCNA_pink","ANXA3"
"WGCNA_pink","PRICKLE1"
"WGCNA_pink","CD27"
"WGCNA_pink","PTPRQ"
"WGCNA_pink","PDX1"
"WGCNA_pink","DHH"
"WGCNA_pink","FBLN5"
"WGCNA_pink","DUOX2"
"WGCNA_pink","TPM1"
"WGCNA_pink","HAPLN3"
"WGCNA_pink","NTRK3"
"WGCNA_pink","MFGE8"
"WGCNA_pink","CHST4"
"WGCNA_pink","CDH11"
"WGCNA_pink","MYOCD"
"WGCNA_pink","RNF157"
"WGCNA_pink","FKBP10"
"WGCNA_pink","PLPP2"
"WGCNA_pink","PRDM16"
"WGCNA_pink","CCN1"
"WGCNA_pink","DPT"
"WGCNA_pink","NECTIN4"
"WGCNA_pink","KCNN3"
"WGCNA_pink","WNT9A"
"WGCNA_pink","PTPN7"
"WGCNA_pink","OSR1"
"WGCNA_pink","NPHP1"
"WGCNA_pink","VGLL4"
"WGCNA_pink","BOC"
"WGCNA_pink","TMEM108"
"WGCNA_pink","ILDR1"
"WGCNA_pink","SLIT2"
"WGCNA_pink","SCD5"
"WGCNA_pink","C1QTNF2"
"WGCNA_pink","GABRB2"
"WGCNA_pink","PCYOX1L"
"WGCNA_pink","N4BP3"
"WGCNA_pink","DCDC2"
"WGCNA_pink","SCUBE3"
"WGCNA_pink","NFKBIE"
"WGCNA_pink","TPBG"
"WGCNA_pink","FAXC"
"WGCNA_pink","GPC3"
"WGCNA_pink","CDKN2A"
"WGCNA_pink","NTRK2"
"WGCNA_pink","ZNF462"
"WGCNA_pink","GSN"
"WGCNA_pink","PTGES"
"WGCNA_pink","LCN2"
"WGCNA_pink","ANKRD1"
"WGCNA_pink","NPFFR1"
"WGCNA_pink","KLHL35"
"WGCNA_pink","TENM4"
"WGCNA_pink","SCN2B"
"WGCNA_pink","TAGLN"
"WGCNA_pink","JPH2"
"WGCNA_pink","DUSP15"
"WGCNA_pink","LYPD1"
"WGCNA_pink","LYPD6B"
"WGCNA_pink","ADRA2A"
"WGCNA_pink","VEGFC"
"WGCNA_pink","CACNA1C"
"WGCNA_pink","CCDC74B"
"WGCNA_pink","PTPN14"
"WGCNA_pink","TMEM163"
"WGCNA_pink","OLAH"
"WGCNA_pink","GRIA4"
"WGCNA_pink","CLEC4F"
"WGCNA_pink","STK32B"
"WGCNA_pink","PTPRR"
"WGCNA_pink","C16ORF89"
"WGCNA_pink","FBXL2"
"WGCNA_pink","CIBAR2"
"WGCNA_pink","KCNJ16"
"WGCNA_pink","AK5"
"WGCNA_pink","CABYR"
"WGCNA_pink","THY1"
"WGCNA_pink","UCHL1"
"WGCNA_pink","C10ORF90"
"WGCNA_pink","PDE1C"
"WGCNA_pink","SLFN13"
"WGCNA_pink","APCDD1"
"WGCNA_pink","EME1"
"WGCNA_pink","ACSS1"
"WGCNA_pink","MARVELD1"
"WGCNA_pink","GOLGA7B"
"WGCNA_pink","GPR78"
"WGCNA_pink","GRIA1"
"WGCNA_pink","FZD7"
"WGCNA_pink","ADCY8"
"WGCNA_pink","ART3"
"WGCNA_pink","FGF18"
"WGCNA_pink","HKDC1"
"WGCNA_pink","NMNAT2"
"WGCNA_pink","FZD1"
"WGCNA_pink","IL34"
"WGCNA_pink","KCNJ15"
"WGCNA_pink","CREB3L1"
"WGCNA_pink","SLC34A2"
"WGCNA_pink","ACAN"
"WGCNA_pink","RADIL"
"WGCNA_pink","EXTL1"
"WGCNA_pink","DZIP1L"
"WGCNA_pink","ESYT3"
"WGCNA_pink","STC1"
"WGCNA_pink","CLIC6"
"WGCNA_pink","CBR3"
"WGCNA_pink","CHAF1B"
"WGCNA_pink","IRX6"
"WGCNA_pink","SPMIP8"
"WGCNA_pink","TPPP3"
"WGCNA_pink","CILP2"
"WGCNA_pink","TMPRSS3"
"WGCNA_pink","RSPH1"
"WGCNA_pink","S100B"
"WGCNA_pink","COX6B2"
"WGCNA_pink","JAML"
"WGCNA_pink","DMKN"
"WGCNA_pink","PLXDC1"
"WGCNA_pink","GRIN2C"
"WGCNA_pink","TREML1"
"WGCNA_pink","ZG16B"
"WGCNA_pink","PDZK1IP1"
"WGCNA_pink","BEND5"
"WGCNA_pink","FBLIM1"
"WGCNA_pink","WNT4"
"WGCNA_pink","MXRA8"
"WGCNA_pink","CADM3"
"WGCNA_pink","VANGL2"
"WGCNA_pink","PKDCC"
"WGCNA_pink","CAPN2"
"WGCNA_pink","FRZB"
"WGCNA_pink","ACTG2"
"WGCNA_pink","CCDC74A"
"WGCNA_pink","CFAP221"
"WGCNA_pink","SGPP2"
"WGCNA_pink","NEURL3"
"WGCNA_pink","CDC42EP3"
"WGCNA_pink","PGLYRP4"
"WGCNA_pink","INAVA"
"WGCNA_pink","LINC01116"
"WGCNA_pink","IGFN1"
"WGCNA_pink","LMOD1"
"WGCNA_pink","IGFBP7"
"WGCNA_pink","FBLN2"
"WGCNA_pink","NFASC"
"WGCNA_pink","CTLA4"
"WGCNA_pink","CADPS"
"WGCNA_pink","PTX3"
"WGCNA_pink","CXCL1"
"WGCNA_pink","TCF23"
"WGCNA_pink","SLC6A20"
"WGCNA_pink","HEYL"
"WGCNA_pink","EDIL3"
"WGCNA_pink","PI16"
"WGCNA_pink","MYOZ3"
"WGCNA_pink","COL1A2"
"WGCNA_pink","SOX17"
"WGCNA_pink","SBSPON"
"WGCNA_pink","OSR2"
"WGCNA_pink","CTHRC1"
"WGCNA_pink","GEM"
"WGCNA_pink","MAMDC2"
"WGCNA_pink","TRPV6"
"WGCNA_pink","PTCHD1"
"WGCNA_pink","SLITRK5"
"WGCNA_pink","INTS6L"
"WGCNA_pink","PKNOX2"
"WGCNA_pink","PPP1R36"
"WGCNA_pink","HSPA12A"
"WGCNA_pink","ADAMTS15"
"WGCNA_pink","SPINT1"
"WGCNA_pink","CLMP"
"WGCNA_pink","SCN3B"
"WGCNA_pink","TMEM130"
"WGCNA_pink","MFAP4"
"WGCNA_pink","CDH16"
"WGCNA_pink","MMP10"
"WGCNA_pink","TVP23A"
"WGCNA_pink","YPEL4"
"WGCNA_pink","ANKDD1A"
"WGCNA_pink","MAP1A"
"WGCNA_pink","EVA1C"
"WGCNA_pink","SGSM1"
"WGCNA_pink","MEI1"
"WGCNA_pink","TMEM92"
"WGCNA_pink","CERCAM"
"WGCNA_pink","PRR15L"
"WGCNA_pink","GPRC5B"
"WGCNA_pink","CA4"
"WGCNA_pink","CACNB3"
"WGCNA_pink","SPINT2"
"WGCNA_pink","TLCD3A"
"WGCNA_pink","GGT6"
"WGCNA_pink","KLK11"
"WGCNA_pink","KRT80"
"WGCNA_pink","ENTPD3"
"WGCNA_pink","FAM107A"
"WGCNA_pink","BDKRB2"
"WGCNA_pink","SCNN1B"
"WGCNA_pink","MTCL1"
"WGCNA_pink","NPNT"
"WGCNA_pink","COL4A3"
"WGCNA_pink","ROR2"
"WGCNA_pink","PARM1"
"WGCNA_pink","RAB3B"
"WGCNA_pink","CXCL8"
"WGCNA_pink","COL22A1"
"WGCNA_pink","CCDC8"
"WGCNA_pink","CTNND2"
"WGCNA_pink","GPR37L1"
"WGCNA_pink","CST2"
"WGCNA_pink","SEMA3E"
"WGCNA_pink","KRT86"
"WGCNA_pink","KRT4"
"WGCNA_pink","KRT83"
"WGCNA_pink","TMC7"
"WGCNA_pink","ZNF439"
"WGCNA_pink","KRT19"
"WGCNA_pink","KSR2"
"WGCNA_pink","COL8A2"
"WGCNA_pink","PRND"
"WGCNA_pink","LRRC15"
"WGCNA_pink","ISG20"
"WGCNA_pink","ID4"
"WGCNA_pink","RCAN2"
"WGCNA_pink","ARNT2"
"WGCNA_pink","EFEMP2"
"WGCNA_pink","CCL19"
"WGCNA_pink","PURG"
"WGCNA_pink","OVOL1"
"WGCNA_pink","MIR4435-2HG"
"WGCNA_pink","SH3RF3"
"WGCNA_pink","EVC2"
"WGCNA_pink","PARP15"
"WGCNA_pink","CSPG4"
"WGCNA_pink","HSPB7"
"WGCNA_pink","TOP6BL"
"WGCNA_pink","CBX2"
"WGCNA_pink","CD34"
"WGCNA_pink","PODN"
"WGCNA_pink","SLC6A19"
"WGCNA_pink","SLC26A9"
"WGCNA_pink","SLCO2A1"
"WGCNA_pink","CD248"
"WGCNA_pink","SEZ6L2"
"WGCNA_pink","CLCF1"
"WGCNA_pink","ETV4"
"WGCNA_pink","HOXD8"
"WGCNA_pink","LRRN1"
"WGCNA_pink","TUBB6"
"WGCNA_pink","ZNF683"
"WGCNA_pink","GPX2"
"WGCNA_pink","SPHK1"
"WGCNA_pink","CLEC14A"
"WGCNA_pink","SLCO3A1"
"WGCNA_pink","FOXL1"
"WGCNA_pink","FOXC2"
"WGCNA_pink","PNMA1"
"WGCNA_pink","FUT2"
"WGCNA_pink","PHETA2"
"WGCNA_pink","SCN4B"
"WGCNA_pink","LINC01561"
"WGCNA_pink","OVOS2P"
"WGCNA_pink","CAVIN1"
"WGCNA_pink","MBOAT4"
"WGCNA_pink","ANXA2R"
"WGCNA_pink","DPY19L2"
"WGCNA_pink","ADAMTSL1"
"WGCNA_pink","RNF212"
"WGCNA_pink","SHISA3"
"WGCNA_pink","THBD"
"WGCNA_pink","C5ORF46"
"WGCNA_pink","MSC"
"WGCNA_pink","RFLNA"
"WGCNA_pink","TMEM125"
"WGCNA_pink","GATA2"
"WGCNA_pink","IL6-AS1"
"WGCNA_pink","LRRC3B"
"WGCNA_pink","B3GNT3"
"WGCNA_pink","SHISA2"
"WGCNA_pink","OR51E1"
"WGCNA_pink","NQO1"
"WGCNA_pink","H2AC25"
"WGCNA_pink","TMEM132C"
"WGCNA_pink","NME9"
"WGCNA_pink","LRRC75A"
"WGCNA_pink","MAB21L2"
"WGCNA_pink","LINC03040"
"WGCNA_pink","KCNIP1"
"WGCNA_pink","SHISAL2A"
"WGCNA_pink","LDOC1"
"WGCNA_pink","NXPH3"
"WGCNA_pink","NDN"
"WGCNA_pink","NTM"
"WGCNA_pink","ANXA2"
"WGCNA_pink","C1ORF116"
"WGCNA_pink","PLCXD3"
"WGCNA_pink","GJC1"
"WGCNA_pink","IGSF5"
"WGCNA_pink","CALN1"
"WGCNA_pink","TMEM121B"
"WGCNA_pink","MEX3B"
"WGCNA_pink","TNFAIP8L3"
"WGCNA_pink","B3GALT5"
"WGCNA_pink","SLC35F3"
"WGCNA_pink","FAM3B"
"WGCNA_pink","KIRREL1"
"WGCNA_pink","IQGAP3"
"WGCNA_pink","SCN5A"
"WGCNA_pink","KCNH8"
"WGCNA_pink","TBX1"
"WGCNA_pink","TACSTD2"
"WGCNA_pink","SLIT3"
"WGCNA_pink","EFNA5"
"WGCNA_pink","STING1"
"WGCNA_pink","RALYL"
"WGCNA_pink","B3GALT5-AS1"
"WGCNA_pink","PRR16"
"WGCNA_pink","FAM227A"
"WGCNA_pink","FLRT2"
"WGCNA_pink","MIXL1"
"WGCNA_pink","MFSD6L"
"WGCNA_pink","GALNT17"
"WGCNA_pink","AHNAK2"
"WGCNA_pink","OLFML2A"
"WGCNA_pink","THBS2"
"WGCNA_pink","SPATA21"
"WGCNA_pink","TMEM72"
"WGCNA_pink","SNHG28"
"WGCNA_pink","S100A3"
"WGCNA_pink","WNT7B"
"WGCNA_pink","ZNF793"
"WGCNA_pink","PRELP"
"WGCNA_pink","APOD"
"WGCNA_pink","CLDN4"
"WGCNA_pink","ALKAL2"
"WGCNA_pink","BNIP5"
"WGCNA_pink","SFTA2"
"WGCNA_pink","LAMA2"
"WGCNA_pink","AJAP1"
"WGCNA_pink","ALKAL1"
"WGCNA_pink","ADA"
"WGCNA_pink","KRT39"
"WGCNA_pink","CRACDL"
"WGCNA_pink","GAL3ST4"
"WGCNA_pink","GUCA2A"
"WGCNA_pink","DACT3"
"WGCNA_pink","VEPH1"
"WGCNA_pink","STMN3"
"WGCNA_pink","PDGFA"
"WGCNA_pink","ZNF665"
"WGCNA_pink","SLC28A3"
"WGCNA_pink","COL4A6"
"WGCNA_pink","TEAD4"
"WGCNA_pink","S100A6"
"WGCNA_pink","AKR1B10"
"WGCNA_pink","HOXC4"
"WGCNA_pink","TPM2"
"WGCNA_pink","PLN"
"WGCNA_pink","ITGBL1"
"WGCNA_pink","EPS8L3"
"WGCNA_pink","GRM3"
"WGCNA_pink","RYR3"
"WGCNA_pink","RASGEF1A"
"WGCNA_pink","LINC02487"
"WGCNA_pink","PLPP4"
"WGCNA_pink","COL15A1"
"WGCNA_pink","LAYN"
"WGCNA_pink","LINC01123"
"WGCNA_pink","RNF39"
"WGCNA_pink","CCNI2"
"WGCNA_pink","ADGRG1"
"WGCNA_pink","LINC00661"
"WGCNA_pink","CYS1"
"WGCNA_pink","ATP10A"
"WGCNA_pink","IGKV6-21"
"WGCNA_pink","IGLC7"
"WGCNA_pink","TRBV28"
"WGCNA_pink","SYT3"
"WGCNA_pink","UCA1"
"WGCNA_pink","NEURL1B"
"WGCNA_pink","VSTM5"
"WGCNA_pink","SEC14L6"
"WGCNA_pink","CPEB1"
"WGCNA_pink","ANXA2R-AS1"
"WGCNA_pink","ADAMTS7P4"
"WGCNA_pink","EBF2"
"WGCNA_pink","CYTOR"
"WGCNA_pink","LINC00707"
"WGCNA_pink","HAGLR"
"WGCNA_pink","MKRN2OS"
"WGCNA_pink","FGF13-AS1"
"WGCNA_pink","LOC105375977"
"WGCNA_pink","FAM30A"
"WGCNA_pink","LINC02611"
"WGCNA_pink","LINC00619"
"WGCNA_pink","LINC00511"
"WGCNA_pink","AKR1B15"
"WGCNA_pink","LINC03013"
"WGCNA_pink","LOC124901333"
"WGCNA_pink","LINC01317"
"WGCNA_pink","ZNF883"
"WGCNA_pink","VIM-AS1"
"WGCNA_pink","PRKAR1B-AS2"
"WGCNA_pink","LOC112268276"
"WGCNA_pink","ITGB1-DT"
"WGCNA_pink","BCAN-AS2"
"WGCNA_pink","SCTR-AS1"
"WGCNA_pink","PIK3CD-AS2"
"WGCNA_pink","LINC01819"
"WGCNA_pink","LEF1-AS1"
"WGCNA_pink","LINC00665"
"WGCNA_pink","SLCO4A1-AS1"
"WGCNA_pink","LOC339260"
"WGCNA_pink","RNF224"
"WGCNA_pink","LINC03095"
"WGCNA_pink","LINC01914"
"WGCNA_pink","PINLYP"
"WGCNA_pink","EPCAM-DT"
"WGCNA_pink","SOX9-AS1"
"WGCNA_pink","DPP10-AS1"
"WGCNA_pink","C12ORF75"
"WGCNA_pink","LINC00494"
"WGCNA_pink","EGOT"
"WGCNA_pink","B3GNT9"
"WGCNA_pink","SHISA9"
"WGCNA_pink","LINC01589"
"WGCNA_pink","AQP1"
"WGCNA_pink","ARHGEF25"
"WGCNA_pink","ADAMTS9-AS1"
"WGCNA_pink","INMT"
"WGCNA_pink","RPL31P55"
"WGCNA_pink","PSG4"
"WGCNA_pink","APOBEC3D"
"WGCNA_pink","IGFBP7-AS1"
"WGCNA_pink","LINC02202"
"WGCNA_pink","LINC01550"
"WGCNA_pink","LINC02268"
"WGCNA_pink","LUCAT1"
"WGCNA_pink","LOC283731"
"WGCNA_pink","OXCT1-AS1"
"WGCNA_pink","LINC02212"
"WGCNA_pink","LRBA-AS1"
"WGCNA_pink","ECSCR"
"WGCNA_pink","FZD10-AS1"
"WGCNA_pink","LINC02381"
"WGCNA_pink","IGKV1D-39"
"WGCNA_pink","LINC03123"
"WGCNA_pink","LOC100507403"
"WGCNA_pink","LOC107986494"
"WGCNA_pink","LOC107986473"
"WGCNA_pink","TRNP1"
"WGCNA_pink","MAGEL2"
"WGCNA_pink","RMST"
"WGCNA_pink","LOC124903398"
"WGCNA_pink","KRT7-AS"
"WGCNA_pink","LOC101928188"
"WGCNA_pink","CRIM1-DT"
"WGCNA_pink","CCDC187"
"WGCNA_pink","AQP4-AS1"
"WGCNA_pink","LMF1-AS1"
"WGCNA_pink","TGILR"
"WGCNA_pink","LINC02188"
"WGCNA_pink","SPINT1-AS1"
"WGCNA_pink","TBILA"
"WGCNA_pink","PAQR5-DT"
"WGCNA_pink","LOXL1-AS1"
"WGCNA_pink","LINC01979"
"WGCNA_pink","SPON1"
"WGCNA_pink","DLGAP1-AS3"
"WGCNA_pink","ANXA8L1"
"WGCNA_pink","GJA5"
"WGCNA_pink","ANXA8"
"WGCNA_pink","ZNF488"
"WGCNA_pink","GACAT2"
"WGCNA_pink","LOC105371773"
"WGCNA_pink","PTGES3L"
"WGCNA_pink","RNF157-AS1"
"WGCNA_pink","SMIM22"
"WGCNA_pink","LOC105372321"
"WGCNA_pink","LINC01711"
"WGCNA_pink","LOC105372316"
"WGCNA_pink","LINC01480"
"WGCNA_pink","LINC01235"
"WGCNA_pink","MMP28"
"WGCNA_pink","LOC105374971"
"WGCNA_pink","CD24"
"WGCNA_pink","LOC101928450"
"WGCNA_pink","LOC124904882"
"WGCNA_pink","LOC158434"
"WGCNA_pink","CHD9NB"
"WGCNA_pink","LINC02391"
"WGCNA_pink","TSC22D1-AS1"
"WGCNA_pink","LOC105372061"
"WGCNA_pink","EPB41L4A-DT"
"WGCNA_black","RAD52"
"WGCNA_black","RBM5"
"WGCNA_black","RBM6"
"WGCNA_black","GCFC2"
"WGCNA_black","ZNF195"
"WGCNA_black","ZNF263"
"WGCNA_black","IFRD1"
"WGCNA_black","LUC7L"
"WGCNA_black","SLC6A13"
"WGCNA_black","CLK1"
"WGCNA_black","ZCCHC8"
"WGCNA_black","FAM136A"
"WGCNA_black","TG"
"WGCNA_black","TRIT1"
"WGCNA_black","OFD1"
"WGCNA_black","ADAMTS6"
"WGCNA_black","LETMD1"
"WGCNA_black","ANAPC4"
"WGCNA_black","NOP58"
"WGCNA_black","ITIH4"
"WGCNA_black","ZC3H11A"
"WGCNA_black","TARBP1"
"WGCNA_black","PRDM6"
"WGCNA_black","SLC6A16"
"WGCNA_black","PMS1"
"WGCNA_black","TBC1D22B"
"WGCNA_black","SEC61A2"
"WGCNA_black","CDK13"
"WGCNA_black","IP6K2"
"WGCNA_black","IFT80"
"WGCNA_black","ASNS"
"WGCNA_black","TRIB2"
"WGCNA_black","ALPK1"
"WGCNA_black","GSDMB"
"WGCNA_black","ZNF638"
"WGCNA_black","MARK3"
"WGCNA_black","EDN1"
"WGCNA_black","ZCWPW1"
"WGCNA_black","TNRC6C"
"WGCNA_black","THOC1"
"WGCNA_black","DCT"
"WGCNA_black","MPP4"
"WGCNA_black","C1QTNF3"
"WGCNA_black","ZNF671"
"WGCNA_black","YTHDC1"
"WGCNA_black","RBM22"
"WGCNA_black","PPEF1"
"WGCNA_black","UIMC1"
"WGCNA_black","DNMT3B"
"WGCNA_black","ANKRD10"
"WGCNA_black","KIZ"
"WGCNA_black","ZNF302"
"WGCNA_black","TNRC6A"
"WGCNA_black","SMPX"
"WGCNA_black","OSGEP"
"WGCNA_black","RPGRIP1"
"WGCNA_black","TGM1"
"WGCNA_black","CYP26A1"
"WGCNA_black","EFHC1"
"WGCNA_black","HNRNPH3"
"WGCNA_black","YPEL1"
"WGCNA_black","HIRA"
"WGCNA_black","DDX17"
"WGCNA_black","SDR39U1"
"WGCNA_black","VCPKMT"
"WGCNA_black","SRSF5"
"WGCNA_black","PPP4R3A"
"WGCNA_black","PABPN1"
"WGCNA_black","REC8"
"WGCNA_black","PNN"
"WGCNA_black","RHOXF1"
"WGCNA_black","ALG13"
"WGCNA_black","MCF2"
"WGCNA_black","SLC25A14"
"WGCNA_black","TAF7L"
"WGCNA_black","ARHGEF7"
"WGCNA_black","SUPT20H"
"WGCNA_black","HSF4"
"WGCNA_black","TSNAXIP1"
"WGCNA_black","SETD6"
"WGCNA_black","CSPP1"
"WGCNA_black","ZNF419"
"WGCNA_black","CARD8"
"WGCNA_black","CFAP69"
"WGCNA_black","DNAJC2"
"WGCNA_black","RNF32"
"WGCNA_black","GRB10"
"WGCNA_black","MINDY4"
"WGCNA_black","CYP3A5"
"WGCNA_black","NRF1"
"WGCNA_black","EZH2"
"WGCNA_black","SPATA6L"
"WGCNA_black","NMRK1"
"WGCNA_black","KDM4C"
"WGCNA_black","NSMCE4A"
"WGCNA_black","ASPA"
"WGCNA_black","CDK5RAP3"
"WGCNA_black","PIGL"
"WGCNA_black","UTP6"
"WGCNA_black","LUC7L3"
"WGCNA_black","MYH3"
"WGCNA_black","FNBP4"
"WGCNA_black","CHKA"
"WGCNA_black","CAPRIN2"
"WGCNA_black","CSRNP2"
"WGCNA_black","IL23A"
"WGCNA_black","PRH1"
"WGCNA_black","DDX55"
"WGCNA_black","RSPH4A"
"WGCNA_black","HDDC2"
"WGCNA_black","STK38"
"WGCNA_black","TBP"
"WGCNA_black","HARS2"
"WGCNA_black","TENT4A"
"WGCNA_black","BRD8"
"WGCNA_black","TMCO6"
"WGCNA_black","CLK4"
"WGCNA_black","PPWD1"
"WGCNA_black","TCERG1"
"WGCNA_black","NPHP3"
"WGCNA_black","HES1"
"WGCNA_black","NKTR"
"WGCNA_black","INO80D"
"WGCNA_black","ASB3"
"WGCNA_black","GRB14"
"WGCNA_black","GALNT3"
"WGCNA_black","FANCL"
"WGCNA_black","ST3GAL5"
"WGCNA_black","PLCD4"
"WGCNA_black","IL18RAP"
"WGCNA_black","SRSF7"
"WGCNA_black","ORC2"
"WGCNA_black","TIA1"
"WGCNA_black","SRSF4"
"WGCNA_black","S100PBP"
"WGCNA_black","SFPQ"
"WGCNA_black","SRSF11"
"WGCNA_black","TNNI3K"
"WGCNA_black","TFAP2E"
"WGCNA_black","GPR89B"
"WGCNA_black","PTBP2"
"WGCNA_black","RSRP1"
"WGCNA_black","RCOR3"
"WGCNA_black","MTFR1L"
"WGCNA_black","MREG"
"WGCNA_black","HMGN3"
"WGCNA_black","UBE3D"
"WGCNA_black","SPACA1"
"WGCNA_black","RNF146"
"WGCNA_black","ACYP1"
"WGCNA_black","RBM25"
"WGCNA_black","ZNF410"
"WGCNA_black","SUPT7L"
"WGCNA_black","FKBP1B"
"WGCNA_black","C10ORF88"
"WGCNA_black","SLC25A2"
"WGCNA_black","SEC16B"
"WGCNA_black","MSANTD2"
"WGCNA_black","TP53AIP1"
"WGCNA_black","MTRF1"
"WGCNA_black","EXOSC8"
"WGCNA_black","EGR1"
"WGCNA_black","NR2C1"
"WGCNA_black","MTERF2"
"WGCNA_black","TARDBP"
"WGCNA_black","TEX14"
"WGCNA_black","ZNF211"
"WGCNA_black","SEC22A"
"WGCNA_black","POPDC2"
"WGCNA_black","OCRL"
"WGCNA_black","RBBP6"
"WGCNA_black","LRRC39"
"WGCNA_black","RWDD3"
"WGCNA_black","CCDC18"
"WGCNA_black","CCZ1"
"WGCNA_black","ZC3H13"
"WGCNA_black","C4BPB"
"WGCNA_black","SRSF6"
"WGCNA_black","CDH26"
"WGCNA_black","STX16"
"WGCNA_black","SIRT5"
"WGCNA_black","RPS10"
"WGCNA_black","TEKT3"
"WGCNA_black","GPCPD1"
"WGCNA_black","NAPB"
"WGCNA_black","PCID2"
"WGCNA_black","NSRP1"
"WGCNA_black","IPPK"
"WGCNA_black","TAS2R4"
"WGCNA_black","TAS2R5"
"WGCNA_black","ZNF780B"
"WGCNA_black","CDHR3"
"WGCNA_black","ORMDL1"
"WGCNA_black","SNRPN"
"WGCNA_black","DUT"
"WGCNA_black","TPH1"
"WGCNA_black","RPAIN"
"WGCNA_black","DNAAF11"
"WGCNA_black","CHRNA10"
"WGCNA_black","ERMARD"
"WGCNA_black","PHF10"
"WGCNA_black","NXNL2"
"WGCNA_black","SAT1"
"WGCNA_black","CDC16"
"WGCNA_black","AFDN"
"WGCNA_black","ZNF337"
"WGCNA_black","HSD17B3"
"WGCNA_black","RBM39"
"WGCNA_black","ANKHD1"
"WGCNA_black","SNRPA1"
"WGCNA_black","HSD17B7"
"WGCNA_black","ENOSF1"
"WGCNA_black","ILKAP"
"WGCNA_black","PNISR"
"WGCNA_black","FCRL2"
"WGCNA_black","DCAF8"
"WGCNA_black","NASP"
"WGCNA_black","USPL1"
"WGCNA_black","TPTE2"
"WGCNA_black","IMPA1"
"WGCNA_black","CCDC59"
"WGCNA_black","BMAL1"
"WGCNA_black","ADAM20"
"WGCNA_black","PRPF38B"
"WGCNA_black","AP4B1"
"WGCNA_black","RBM17"
"WGCNA_black","ARGLU1"
"WGCNA_black","ERCC5"
"WGCNA_black","TBX3"
"WGCNA_black","DMTF1"
"WGCNA_black","CCDC146"
"WGCNA_black","CEP162"
"WGCNA_black","AVIL"
"WGCNA_black","COQ10A"
"WGCNA_black","AHI1"
"WGCNA_black","REV1"
"WGCNA_black","TSGA10"
"WGCNA_black","NEK3"
"WGCNA_black","PHF11"
"WGCNA_black","ERMN"
"WGCNA_black","ZSCAN9"
"WGCNA_black","PIM1"
"WGCNA_black","PGBD1"
"WGCNA_black","MGARP"
"WGCNA_black","PARP6"
"WGCNA_black","THUMPD2"
"WGCNA_black","ABCG5"
"WGCNA_black","CUZD1"
"WGCNA_black","DNA2"
"WGCNA_black","STAT4"
"WGCNA_black","MSTN"
"WGCNA_black","MDH1B"
"WGCNA_black","HNRNPD"
"WGCNA_black","TMEM132B"
"WGCNA_black","N4BP2L1"
"WGCNA_black","LMBR1L"
"WGCNA_black","HNRNPA1L2"
"WGCNA_black","RBM26"
"WGCNA_black","TTC6"
"WGCNA_black","REM2"
"WGCNA_black","PTGR2"
"WGCNA_black","TLNRD1"
"WGCNA_black","USP3"
"WGCNA_black","WDR93"
"WGCNA_black","GATA6"
"WGCNA_black","RAB40B"
"WGCNA_black","FBXO15"
"WGCNA_black","TMEM50B"
"WGCNA_black","ITGA10"
"WGCNA_black","TBX19"
"WGCNA_black","ADCY10"
"WGCNA_black","NR1I3"
"WGCNA_black","CTSK"
"WGCNA_black","PIP5K1A"
"WGCNA_black","POGZ"
"WGCNA_black","FSAF1"
"WGCNA_black","TTC13"
"WGCNA_black","NVL"
"WGCNA_black","PYCR2"
"WGCNA_black","ZNF514"
"WGCNA_black","ZC3H8"
"WGCNA_black","LYG1"
"WGCNA_black","CCDC150"
"WGCNA_black","CPO"
"WGCNA_black","TAMM41"
"WGCNA_black","SLC22A14"
"WGCNA_black","SLC10A4"
"WGCNA_black","SPATA9"
"WGCNA_black","ZNF300"
"WGCNA_black","DRC5"
"WGCNA_black","TIAM2"
"WGCNA_black","PNLDC1"
"WGCNA_black","WTAP"
"WGCNA_black","VIP"
"WGCNA_black","LUC7L2"
"WGCNA_black","ZNF182"
"WGCNA_black","KRABD4"
"WGCNA_black","ITGB1BP2"
"WGCNA_black","GCNA"
"WGCNA_black","RBMX"
"WGCNA_black","HMBOX1"
"WGCNA_black","GNRH1"
"WGCNA_black","SLC25A37"
"WGCNA_black","DOCK5"
"WGCNA_black","ADHFE1"
"WGCNA_black","AOPEP"
"WGCNA_black","MRRF"
"WGCNA_black","DPH7"
"WGCNA_black","COMMD3"
"WGCNA_black","CCDC81"
"WGCNA_black","SLX4IP"
"WGCNA_black","MIA2"
"WGCNA_black","ALLC"
"WGCNA_black","ME3"
"WGCNA_black","CPAP"
"WGCNA_black","SCHIP1"
"WGCNA_black","TMEM178A"
"WGCNA_black","ZNF547"
"WGCNA_black","PAN3"
"WGCNA_black","CATSPER3"
"WGCNA_black","HNRNPDL"
"WGCNA_black","HHEX"
"WGCNA_black","SYCP2L"
"WGCNA_black","NR4A2"
"WGCNA_black","SLC25A27"
"WGCNA_black","INO80C"
"WGCNA_black","TEX29"
"WGCNA_black","ZNF599"
"WGCNA_black","SREK1"
"WGCNA_black","TBRG1"
"WGCNA_black","ABCA9"
"WGCNA_black","ABCA10"
"WGCNA_black","ABCA5"
"WGCNA_black","TSEN2"
"WGCNA_black","ZNF18"
"WGCNA_black","SLC25A28"
"WGCNA_black","LRGUK"
"WGCNA_black","FLACC1"
"WGCNA_black","CFAP70"
"WGCNA_black","PPEF2"
"WGCNA_black","WHAMM"
"WGCNA_black","MAP3K7CL"
"WGCNA_black","MTERF3"
"WGCNA_black","PABIR2"
"WGCNA_black","FBXO43"
"WGCNA_black","ZNF19"
"WGCNA_black","C9ORF43"
"WGCNA_black","UBN2"
"WGCNA_black","MITD1"
"WGCNA_black","RIBC1"
"WGCNA_black","CD1D"
"WGCNA_black","OR10J6P"
"WGCNA_black","USF1"
"WGCNA_black","SLC5A11"
"WGCNA_black","CFAP298"
"WGCNA_black","PAXBP1"
"WGCNA_black","DONSON"
"WGCNA_black","ADPGK"
"WGCNA_black","THEM4"
"WGCNA_black","CCDC17"
"WGCNA_black","MIX23"
"WGCNA_black","CHTOP"
"WGCNA_black","PAQR6"
"WGCNA_black","PMF1"
"WGCNA_black","ZNF333"
"WGCNA_black","SRSF2"
"WGCNA_black","ZNF577"
"WGCNA_black","EIF4A1"
"WGCNA_black","TBC1D24"
"WGCNA_black","ZNF75A"
"WGCNA_black","C1ORF52"
"WGCNA_black","GBP2"
"WGCNA_black","ATF3"
"WGCNA_black","NBPF20"
"WGCNA_black","ACP6"
"WGCNA_black","PPP1R21"
"WGCNA_black","CLHC1"
"WGCNA_black","TDRD10"
"WGCNA_black","SLC15A2"
"WGCNA_black","STK36"
"WGCNA_black","CCDC191"
"WGCNA_black","CCNL1"
"WGCNA_black","HESX1"
"WGCNA_black","ZMYM6"
"WGCNA_black","POLR2H"
"WGCNA_black","ZNF691"
"WGCNA_black","SLC45A2"
"WGCNA_black","ZNF474"
"WGCNA_black","GDF9"
"WGCNA_black","SLC35A1"
"WGCNA_black","TRA2A"
"WGCNA_black","CFAP144P1"
"WGCNA_black","RP9"
"WGCNA_black","NIPSNAP3B"
"WGCNA_black","GKAP1"
"WGCNA_black","VEGFD"
"WGCNA_black","NOXRED1"
"WGCNA_black","TSC1"
"WGCNA_black","METTL17"
"WGCNA_black","METTL3"
"WGCNA_black","AGBL2"
"WGCNA_black","SMCO2"
"WGCNA_black","CACNB2"
"WGCNA_black","TAF1D"
"WGCNA_black","ZNF202"
"WGCNA_black","MYRFL"
"WGCNA_black","NUDT13"
"WGCNA_black","MSS51"
"WGCNA_black","RIC3"
"WGCNA_black","ZMAT1"
"WGCNA_black","TMX3"
"WGCNA_black","ATF7IP2"
"WGCNA_black","ZNF606"
"WGCNA_black","FAM111A"
"WGCNA_black","RCCD1"
"WGCNA_black","KATNAL2"
"WGCNA_black","ZNF226"
"WGCNA_black","ZNF83"
"WGCNA_black","ZNF558"
"WGCNA_black","ZNF232"
"WGCNA_black","TTC21A"
"WGCNA_black","MAJIN"
"WGCNA_black","SETD5"
"WGCNA_black","IRF2BP2"
"WGCNA_black","KCTD6"
"WGCNA_black","SCN11A"
"WGCNA_black","AXIN2"
"WGCNA_black","ZNF30"
"WGCNA_black","ZBTB49"
"WGCNA_black","HNRNPH1"
"WGCNA_black","UPF3A"
"WGCNA_black","VXN"
"WGCNA_black","HSPBAP1"
"WGCNA_black","MN1"
"WGCNA_black","CA5B"
"WGCNA_black","ZNF311"
"WGCNA_black","RGPD8"
"WGCNA_black","OTUD3"
"WGCNA_black","TMEM42"
"WGCNA_black","KCNAB3"
"WGCNA_black","FAM153A"
"WGCNA_black","NSG2"
"WGCNA_black","USP50"
"WGCNA_black","SETMAR"
"WGCNA_black","SDR9C7"
"WGCNA_black","KCNMB3"
"WGCNA_black","ZNF692"
"WGCNA_black","ZNF540"
"WGCNA_black","CFAP53"
"WGCNA_black","RAB40A"
"WGCNA_black","GARIN2"
"WGCNA_black","ZNF596"
"WGCNA_black","EFCAB12"
"WGCNA_black","PSME3IP1"
"WGCNA_black","METAP1D"
"WGCNA_black","IQCB1"
"WGCNA_black","PLAC8L1"
"WGCNA_black","REP15"
"WGCNA_black","SNHG11"
"WGCNA_black","LIG4"
"WGCNA_black","C12ORF76"
"WGCNA_black","ZNF266"
"WGCNA_black","FGFBP3"
"WGCNA_black","ODAPH"
"WGCNA_black","DNAH12"
"WGCNA_black","ZIC4"
"WGCNA_black","TVP23C"
"WGCNA_black","DDIT3"
"WGCNA_black","GOLGA8A"
"WGCNA_black","VWA3A"
"WGCNA_black","CCDC14"
"WGCNA_black","LINC01106"
"WGCNA_black","HSF5"
"WGCNA_black","ZNF404"
"WGCNA_black","CLK2"
"WGCNA_black","LRRC37A"
"WGCNA_black","PFN4"
"WGCNA_black","LRRC37A3"
"WGCNA_black","C19ORF18"
"WGCNA_black","FBXO39"
"WGCNA_black","TGIF1"
"WGCNA_black","CAPZA3"
"WGCNA_black","NDUFV2"
"WGCNA_black","GEN1"
"WGCNA_black","ZNF354B"
"WGCNA_black","GDPD4"
"WGCNA_black","EFCAB13"
"WGCNA_black","TMTC2"
"WGCNA_black","NSUN7"
"WGCNA_black","TMEM31"
"WGCNA_black","CATSPERE"
"WGCNA_black","EIF3J-DT"
"WGCNA_black","DNHD1"
"WGCNA_black","PLD6"
"WGCNA_black","ATOH7"
"WGCNA_black","AKAP5"
"WGCNA_black","R3HDM2"
"WGCNA_black","ANKRD18A"
"WGCNA_black","TDRD6"
"WGCNA_black","TDRP"
"WGCNA_black","PRKRA"
"WGCNA_black","RRH"
"WGCNA_black","CCDC66"
"WGCNA_black","ZNF443"
"WGCNA_black","OXTR"
"WGCNA_black","ST20"
"WGCNA_black","LSMEM1"
"WGCNA_black","METTL23"
"WGCNA_black","DCAF4L1"
"WGCNA_black","XKRX"
"WGCNA_black","TRAK1"
"WGCNA_black","SPATA13"
"WGCNA_black","ZNF662"
"WGCNA_black","WBP2NL"
"WGCNA_black","NOL11P1"
"WGCNA_black","LRIT3"
"WGCNA_black","NPIPA1"
"WGCNA_black","OR7E38P"
"WGCNA_black","TRIM52"
"WGCNA_black","ACSM2A"
"WGCNA_black","CFAP91"
"WGCNA_black","GOLGA6L4"
"WGCNA_black","SNRNP35"
"WGCNA_black","SS18L1"
"WGCNA_black","WDR27"
"WGCNA_black","SERINC4"
"WGCNA_black","DRD1"
"WGCNA_black","RBM33"
"WGCNA_black","LRRC37B"
"WGCNA_black","PGBD2"
"WGCNA_black","PRPF39"
"WGCNA_black","PCGF3"
"WGCNA_black","DNAH14"
"WGCNA_black","SETD4"
"WGCNA_black","ZNF284"
"WGCNA_black","CYP2R1"
"WGCNA_black","CYP4Z1"
"WGCNA_black","CENATAC"
"WGCNA_black","ZNF75D"
"WGCNA_black","KRT10"
"WGCNA_black","CCDC30"
"WGCNA_black","NKRF"
"WGCNA_black","MIR22HG"
"WGCNA_black","MST1L"
"WGCNA_black","ZSCAN30"
"WGCNA_black","TET3"
"WGCNA_black","ERAS"
"WGCNA_black","FYB2"
"WGCNA_black","C2ORF66"
"WGCNA_black","TPRG1"
"WGCNA_black","ZNF559"
"WGCNA_black","DUSP28"
"WGCNA_black","NPIPP1"
"WGCNA_black","IDO2"
"WGCNA_black","SLC4A5"
"WGCNA_black","FAM221A"
"WGCNA_black","RBM34"
"WGCNA_black","BCL2L15"
"WGCNA_black","ZDHHC11"
"WGCNA_black","FAM78B"
"WGCNA_black","MSL1"
"WGCNA_black","LRRC66"
"WGCNA_black","ADAT2"
"WGCNA_black","FAM47E"
"WGCNA_black","S100A13"
"WGCNA_black","ZNF600"
"WGCNA_black","C8ORF76"
"WGCNA_black","SH2D5"
"WGCNA_black","SERPINA3"
"WGCNA_black","STK31"
"WGCNA_black","ZNF140"
"WGCNA_black","NPIPB15"
"WGCNA_black","ARMCX4"
"WGCNA_black","ZNF799"
"WGCNA_black","IPO4"
"WGCNA_black","ZNF846"
"WGCNA_black","ZNF502"
"WGCNA_black","ZNF418"
"WGCNA_black","S100A2"
"WGCNA_black","SNHG17"
"WGCNA_black","ZNF700"
"WGCNA_black","ZNF239"
"WGCNA_black","SCN8A"
"WGCNA_black","SCOC-AS1"
"WGCNA_black","WDR45"
"WGCNA_black","ZNF763"
"WGCNA_black","PCBP2"
"WGCNA_black","ZNF682"
"WGCNA_black","ADAM32"
"WGCNA_black","C6ORF141"
"WGCNA_black","RAD54B"
"WGCNA_black","ZNF165"
"WGCNA_black","ZNF833P"
"WGCNA_black","ZNF655"
"WGCNA_black","SLC22A5"
"WGCNA_black","ZNF841"
"WGCNA_black","ZNF433"
"WGCNA_black","SLC22A24"
"WGCNA_black","KLHDC1"
"WGCNA_black","ZNF44"
"WGCNA_black","ZNF121"
"WGCNA_black","GOLGA6L9"
"WGCNA_black","SNHG12"
"WGCNA_black","DLGAP2"
"WGCNA_black","ZNF84"
"WGCNA_black","ZNF248"
"WGCNA_black","ZNF251"
"WGCNA_black","ZNF334"
"WGCNA_black","LINC01558"
"WGCNA_black","ZNF26"
"WGCNA_black","ARMH1"
"WGCNA_black","ZNF789"
"WGCNA_black","APRG1"
"WGCNA_black","CEP290"
"WGCNA_black","SSBP3-AS1"
"WGCNA_black","MT-CO2"
"WGCNA_black","ZNF652"
"WGCNA_black","MT-CO1"
"WGCNA_black","SFT2D1"
"WGCNA_black","MT-ND3"
"WGCNA_black","ASB12"
"WGCNA_black","MT-ATP6"
"WGCNA_black","GPRASP1"
"WGCNA_black","MT-CO3"
"WGCNA_black","ZFP2"
"WGCNA_black","MIR324"
"WGCNA_black","LOC124900488"
"WGCNA_black","SNORA33"
"WGCNA_black","SNORD14E"
"WGCNA_black","RNU6-8"
"WGCNA_black","CAPN8"
"WGCNA_black","LINC00862"
"WGCNA_black","PRDX6-AS1"
"WGCNA_black","FANK1"
"WGCNA_black","HSD3BP2"
"WGCNA_black","HSD3B2"
"WGCNA_black","C6ORF163"
"WGCNA_black","ADD3-AS1"
"WGCNA_black","AGAP6"
"WGCNA_black","CXORF65"
"WGCNA_black","AGER"
"WGCNA_black","PJVK"
"WGCNA_black","CSNK2B"
"WGCNA_black","ZNF814"
"WGCNA_black","PRR3"
"WGCNA_black","MAMDC2-AS1"
"WGCNA_black","RANBP17"
"WGCNA_black","ZNG1DP"
"WGCNA_black","ZNF155"
"WGCNA_black","CFAP96"
"WGCNA_black","SARNP"
"WGCNA_black","ACOT6"
"WGCNA_black","TTC23L"
"WGCNA_black","RFPL3S"
"WGCNA_black","HLA-F-AS1"
"WGCNA_black","CFAP44"
"WGCNA_black","COLQ"
"WGCNA_black","THUMPD3-AS1"
"WGCNA_black","SNORD60"
"WGCNA_black","SNORA75"
"WGCNA_black","SNORA72"
"WGCNA_black","RNU6-1160P"
"WGCNA_black","SNORD94"
"WGCNA_black","SNORD83A"
"WGCNA_black","TRBV23-1"
"WGCNA_black","TAS2R14"
"WGCNA_black","SNORD69"
"WGCNA_black","SNORA26"
"WGCNA_black","SNORA3B"
"WGCNA_black","CEP43"
"WGCNA_black","DYNLT2B"
"WGCNA_black","CRYGS"
"WGCNA_black","RPL36P7"
"WGCNA_black","RHOG2P"
"WGCNA_black","FAM209B"
"WGCNA_black","ZNF337-AS1"
"WGCNA_black","IRF9"
"WGCNA_black","GALT"
"WGCNA_black","NUDT19"
"WGCNA_black","TTC41P"
"WGCNA_black","C17ORF67"
"WGCNA_black","HIGD1C"
"WGCNA_black","EML6"
"WGCNA_black","ARHGEF33"
"WGCNA_black","HNRNPUL2"
"WGCNA_black","MTCP1"
"WGCNA_black","RAD51AP2"
"WGCNA_black","LINC00612"
"WGCNA_black","LINC01599"
"WGCNA_black","LRRC69"
"WGCNA_black","SSU72-AS1"
"WGCNA_black","LOC100130357"
"WGCNA_black","ZNG1F"
"WGCNA_black","MIR17HG"
"WGCNA_black","EFCAB8"
"WGCNA_black","ARHGAP27P1-BPTFP1-KPNA2P3"
"WGCNA_black","IGSF23"
"WGCNA_black","ZNF603P"
"WGCNA_black","CKLF"
"WGCNA_black","LINC00339"
"WGCNA_black","LOC100420839"
"WGCNA_black","FAM228B"
"WGCNA_black","MIR1302-3"
"WGCNA_black","SNORD100"
"WGCNA_black","SNORD99"
"WGCNA_black","PPP3CB-AS1"
"WGCNA_black","SPATA31H1"
"WGCNA_black","TIGD1"
"WGCNA_black","CCNL2"
"WGCNA_black","ZNF630"
"WGCNA_black","RNU6-892P"
"WGCNA_black","RNU6-564P"
"WGCNA_black","RNA5SP111"
"WGCNA_black","EXOSC6"
"WGCNA_black","RFPL4A"
"WGCNA_black","HMGB3P10"
"WGCNA_black","LINC00205"
"WGCNA_black","LINC01449"
"WGCNA_black","EDRF1-DT"
"WGCNA_black","LINC02054"
"WGCNA_black","PORCN-DT"
"WGCNA_black","C4BPAP1"
"WGCNA_black","SH3BP5-AS1"
"WGCNA_black","LAMTOR5-AS1"
"WGCNA_black","NPIPA3"
"WGCNA_black","LINC00853"
"WGCNA_black","TMEM72-AS1"
"WGCNA_black","LINC00240"
"WGCNA_black","RNF32-AS1"
"WGCNA_black","SMIM29-AS1"
"WGCNA_black","JPX"
"WGCNA_black","LINC01393"
"WGCNA_black","MKRN7P"
"WGCNA_black","PIGBOS1"
"WGCNA_black","ZKSCAN8P1"
"WGCNA_black","PLCG1-AS1"
"WGCNA_black","TEX41"
"WGCNA_black","HSBP1L1"
"WGCNA_black","R3HDML-AS1"
"WGCNA_black","LOC100505774"
"WGCNA_black","LINC01359"
"WGCNA_black","LOC117779438"
"WGCNA_black","ST7-AS1"
"WGCNA_black","SMIM2-AS1"
"WGCNA_black","MROCKI"
"WGCNA_black","LINC01068"
"WGCNA_black","LINC02803"
"WGCNA_black","PEA15-AS1"
"WGCNA_black","WAPL-DT"
"WGCNA_black","IL6ST-DT"
"WGCNA_black","VN1R51P"
"WGCNA_black","C2ORF92"
"WGCNA_black","LOC101928565"
"WGCNA_black","TNKS2-DT"
"WGCNA_black","WEE2-AS1"
"WGCNA_black","ZFAND2A-DT"
"WGCNA_black","LRRC3-DT"
"WGCNA_black","NPM1P25"
"WGCNA_black","PATL2"
"WGCNA_black","DNPEP-AS1"
"WGCNA_black","PDC-AS1"
"WGCNA_black","LOC124906013"
"WGCNA_black","RPSAP20"
"WGCNA_black","ACBD6"
"WGCNA_black","CT45A11P"
"WGCNA_black","PROX1-AS1"
"WGCNA_black","LOC105379829"
"WGCNA_black","LOC442041"
"WGCNA_black","LINC03016"
"WGCNA_black","LOC101927377"
"WGCNA_black","FARP1-AS1"
"WGCNA_black","LINC01750"
"WGCNA_black","LOC124902609"
"WGCNA_black","LOC646870"
"WGCNA_black","FSIP2-AS2"
"WGCNA_black","COA6-AS1"
"WGCNA_black","DARS1-AS1"
"WGCNA_black","LINC01798"
"WGCNA_black","MHENCR"
"WGCNA_black","LOC107985792"
"WGCNA_black","GOLGA8N"
"WGCNA_black","IDI2-AS1"
"WGCNA_black","CTAGE3P"
"WGCNA_black","PANK1-AS1"
"WGCNA_black","SNHG15"
"WGCNA_black","CYP1B1-AS1"
"WGCNA_black","LOC127814295"
"WGCNA_black","DPH5-DT"
"WGCNA_black","LOC100506235"
"WGCNA_black","HNRNPA1P27"
"WGCNA_black","NRAD1"
"WGCNA_black","PAIP1P1"
"WGCNA_black","RPSAP14"
"WGCNA_black","EIF2AK3-DT"
"WGCNA_black","ZNF232-AS1"
"WGCNA_black","MAPKAPK5-AS1"
"WGCNA_black","LINC01239"
"WGCNA_black","DAAM2-AS1"
"WGCNA_black","LOC100132857"
"WGCNA_black","RPL31P17"
"WGCNA_black","SCMH1-DT"
"WGCNA_black","RPL21P135"
"WGCNA_black","EOLA2-DT"
"WGCNA_black","DICER1-AS1"
"WGCNA_black","ARHGEF7-AS2"
"WGCNA_black","LINC01564"
"WGCNA_black","TTC28-AS1"
"WGCNA_black","COX10-DT"
"WGCNA_black","LOC100130881"
"WGCNA_black","LINC01361"
"WGCNA_black","ZBED5"
"WGCNA_black","STARD13-AS"
"WGCNA_black","MAP3K2-DT"
"WGCNA_black","LOC101929372"
"WGCNA_black","INTS6-AS1"
"WGCNA_black","LINC00298"
"WGCNA_black","LINC02626"
"WGCNA_black","ELOA-AS1"
"WGCNA_black","LINC01474"
"WGCNA_black","LOC101927164"
"WGCNA_black","LINC01409"
"WGCNA_black","SCIRT"
"WGCNA_black","LINC00426"
"WGCNA_black","PAXBP1-AS1"
"WGCNA_black","CENPPP1"
"WGCNA_black","SNORA13"
"WGCNA_black","HLA-DOB"
"WGCNA_black","CDRT4"
"WGCNA_black","RPP21"
"WGCNA_black","AMY2B"
"WGCNA_black","GHRLOS"
"WGCNA_black","RPL37P19"
"WGCNA_black","LINC02067"
"WGCNA_black","C1QTNF9"
"WGCNA_black","NSUN6"
"WGCNA_black","RPL31P46"
"WGCNA_black","LINC02614"
"WGCNA_black","RPL36A"
"WGCNA_black","C8ORF58"
"WGCNA_black","SNHG3"
"WGCNA_black","RPL17P47"
"WGCNA_black","ZNF709"
"WGCNA_black","PSMD6-AS1"
"WGCNA_black","RPL35AP26"
"WGCNA_black","ZNF487"
"WGCNA_black","MRPS6"
"WGCNA_black","ZNF512"
"WGCNA_black","ACY1"
"WGCNA_black","TMEM225B"
"WGCNA_black","N4BP2L2"
"WGCNA_black","RNF139-DT"
"WGCNA_black","MRNIP-DT"
"WGCNA_black","NEAT1"
"WGCNA_black","SNHG10"
"WGCNA_black","ANKRD42-DT"
"WGCNA_black","LINC01252"
"WGCNA_black","CKMT2-AS1"
"WGCNA_black","NR2F2-AS1"
"WGCNA_black","TMEM161B-DT"
"WGCNA_black","SEC24B-AS1"
"WGCNA_black","SEMA6A-AS1"
"WGCNA_black","SRP14-DT"
"WGCNA_black","LOC157273"
"WGCNA_black","CEP192P1"
"WGCNA_black","RBM14-RBM4"
"WGCNA_black","MTND6P4"
"WGCNA_black","TMEM150C"
"WGCNA_black","LINC00939"
"WGCNA_black","HMGN1P14"
"WGCNA_black","PCGF3-AS1"
"WGCNA_black","LOC101929577"
"WGCNA_black","LINC00964"
"WGCNA_black","THBS4-AS1"
"WGCNA_black","PDCD6"
"WGCNA_black","LOC101927237"
"WGCNA_black","PTTG2"
"WGCNA_black","TRMT9B"
"WGCNA_black","LINC02145"
"WGCNA_black","LOC359819"
"WGCNA_black","LOC105377267"
"WGCNA_black","METTL21EP"
"WGCNA_black","THAP9-AS1"
"WGCNA_black","PARAIL"
"WGCNA_black","LINC00923"
"WGCNA_black","LINC01337"
"WGCNA_black","LINC02728"
"WGCNA_black","LINC02615"
"WGCNA_black","GUSBP5"
"WGCNA_black","RNU4ATAC18P"
"WGCNA_black","SCARNA13"
"WGCNA_black","RNU6-388P"
"WGCNA_black","RNU6-762P"
"WGCNA_black","TUG1"
"WGCNA_black","LINC03022"
"WGCNA_black","MINCR"
"WGCNA_black","VPS13B-DT"
"WGCNA_black","LINC01933"
"WGCNA_black","WWP1-AS1"
"WGCNA_black","LOC100419574"
"WGCNA_black","UBTFL9"
"WGCNA_black","SUGT1P4-STRA6LP"
"WGCNA_black","ANKHD1-EIF4EBP3"
"WGCNA_black","TMEM123-DT"
"WGCNA_black","PATL1-DT"
"WGCNA_black","ZNF252P-AS1"
"WGCNA_black","SNHG1"
"WGCNA_black","TAS2R20"
"WGCNA_black","ZNF432"
"WGCNA_black","ZNF10"
"WGCNA_black","DND1"
"WGCNA_black","POLG2"
"WGCNA_black","C17ORF100"
"WGCNA_black","FAR2-AS1"
"WGCNA_black","LINC01619"
"WGCNA_black","MIRLET7IHG"
"WGCNA_black","PPFIA2-AS1"
"WGCNA_black","LOC100420981"
"WGCNA_black","PSMA3-AS1"
"WGCNA_black","CNPY2"
"WGCNA_black","PRANCR"
"WGCNA_black","TBX3-AS1"
"WGCNA_black","BACC1"
"WGCNA_black","SLC25A21-AS1"
"WGCNA_black","RNASE4"
"WGCNA_black","HISLA"
"WGCNA_black","CEP95"
"WGCNA_black","LINC02352"
"WGCNA_black","ADNP-AS1"
"WGCNA_black","SLC28A2-AS1"
"WGCNA_black","IQCH-AS1"
"WGCNA_black","ZNF778-DT"
"WGCNA_black","LOC119746555"
"WGCNA_black","LOC101929408"
"WGCNA_black","LINC02367"
"WGCNA_black","LINC00515"
"WGCNA_black","STAM-DT"
"WGCNA_black","RUSF1-DT"
"WGCNA_black","TBC1D22A-DT"
"WGCNA_black","ARLNC1"
"WGCNA_black","LINC00622"
"WGCNA_black","ZNNT1"
"WGCNA_black","LOC101927863"
"WGCNA_black","LOC105370941"
"WGCNA_black","LINC01238"
"WGCNA_black","TFIP11-DT"
"WGCNA_black","PPIAP50"
"WGCNA_black","SMG1P7"
"WGCNA_black","LOC124906033"
"WGCNA_black","DDX19A-DT"
"WGCNA_black","LINC01974"
"WGCNA_black","LOC100421173"
"WGCNA_black","LOC101929566"
"WGCNA_black","TAPT1-AS1"
"WGCNA_black","NBPF11"
"WGCNA_black","AKR1C8"
"WGCNA_black","ZNF407-AS1"
"WGCNA_black","SEPTIN4-AS1"
"WGCNA_black","MIR3682"
"WGCNA_black","ZNF516-AS1"
"WGCNA_black","MIR3685"
"WGCNA_black","GATA6-AS1"
"WGCNA_black","ATP8B1-AS1"
"WGCNA_black","SCARNA17"
"WGCNA_black","MIR122HG"
"WGCNA_black","ZNF582-DT"
"WGCNA_black","APOC4"
"WGCNA_black","ZNF571-AS1"
"WGCNA_black","MTCO2P2"
"WGCNA_black","ZSCAN5A-AS1"
"WGCNA_black","ZNF224"
"WGCNA_black","LINC02565"
"WGCNA_black","ZNF460-AS1"
"WGCNA_black","ZNF143-AS1"
"WGCNA_black","C10ORF95-AS1"
"WGCNA_black","NBPF8"
"WGCNA_black","LOC105371745"
"WGCNA_black","SMC2-DT"
"WGCNA_black","LOC124903031"
"WGCNA_black","NBPF19"
"WGCNA_black","LOC115308161"
"WGCNA_black","RNU6-94P"
"WGCNA_black","LOC124901355"
"WGCNA_black","SNORD14A"
"WGCNA_black","LOC105375022"
"WGCNA_black","DAP-DT"
"WGCNA_black","CPVL-AS2"
"WGCNA_black","MAGI1-IT1"
"WGCNA_black","KLHDC7B-DT"
"WGCNA_black","LINC02018"
"WGCNA_black","WDR5B-DT"
"WGCNA_black","CSGALNACT2-DT"
"WGCNA_black","LCDR"
"WGCNA_black","PAXIP1-DT"
"WGCNA_black","CWC25"
"WGCNA_black","SUGT1-DT"
"WGCNA_black","CEACAM20"
"WGCNA_black","NPEPPSP1"
"WGCNA_black","GGNBP2"
"WGCNA_black","CCL14"
"WGCNA_black","LINC03065"
"WGCNA_black","LOC107984588"
"WGCNA_black","LOC105370103"
"WGCNA_black","RAB35-AS1"
"WGCNA_black","LOC101928230"
"WGCNA_black","LOC124902860"
"WGCNA_black","BACE1-AS"
"WGCNA_black","PWAR1"
"WGCNA_black","LOC124902453"
"WGCNA_black","LINC02033"
"WGCNA_black","CCDC28A-AS1"
"WGCNA_black","LOC285097"
"WGCNA_black","LOC102724200"
"WGCNA_green","ARF5"
"WGCNA_green","AK2"
"WGCNA_green","FKBP4"
"WGCNA_green","NDUFAB1"
"WGCNA_green","COPZ2"
"WGCNA_green","PSMB1"
"WGCNA_green","RPS20"
"WGCNA_green","DYRK4"
"WGCNA_green","UQCRC1"
"WGCNA_green","HEBP1"
"WGCNA_green","NR1H3"
"WGCNA_green","TOMM34"
"WGCNA_green","GABARAPL2"
"WGCNA_green","MYOM2"
"WGCNA_green","RPL26L1"
"WGCNA_green","PHF23"
"WGCNA_green","THAP3"
"WGCNA_green","AP2S1"
"WGCNA_green","GUCA2B"
"WGCNA_green","THOC3"
"WGCNA_green","MRTO4"
"WGCNA_green","USE1"
"WGCNA_green","TRAPPC3"
"WGCNA_green","MRPL43"
"WGCNA_green","PITHD1"
"WGCNA_green","SNRNP40"
"WGCNA_green","ACAA1"
"WGCNA_green","RPL18"
"WGCNA_green","NTHL1"
"WGCNA_green","NDUFB4"
"WGCNA_green","ELAVL1"
"WGCNA_green","POLR1H"
"WGCNA_green","STAG3"
"WGCNA_green","CSNK2A2"
"WGCNA_green","RPL31"
"WGCNA_green","BUD23"
"WGCNA_green","SPP2"
"WGCNA_green","HSD17B10"
"WGCNA_green","EXOSC7"
"WGCNA_green","CAPZB"
"WGCNA_green","VDAC3"
"WGCNA_green","KIF22"
"WGCNA_green","MRPL22"
"WGCNA_green","ITGAE"
"WGCNA_green","PPIE"
"WGCNA_green","EIF3I"
"WGCNA_green","OVGP1"
"WGCNA_green","MGST2"
"WGCNA_green","FTL"
"WGCNA_green","PSMC5"
"WGCNA_green","AAMDC"
"WGCNA_green","PDRG1"
"WGCNA_green","KIF9"
"WGCNA_green","DYNLL1"
"WGCNA_green","RPL6"
"WGCNA_green","RPLP0"
"WGCNA_green","PEBP1"
"WGCNA_green","ERP29"
"WGCNA_green","MRPS33"
"WGCNA_green","NDUFB2"
"WGCNA_green","NUDC"
"WGCNA_green","DNAJB11"
"WGCNA_green","ALKBH5"
"WGCNA_green","SPAG7"
"WGCNA_green","TMEM101"
"WGCNA_green","PSME1"
"WGCNA_green","PHGDH"
"WGCNA_green","MYL6"
"WGCNA_green","NANS"
"WGCNA_green","MRPS18A"
"WGCNA_green","RPS18"
"WGCNA_green","OCEL1"
"WGCNA_green","BCL7C"
"WGCNA_green","IZUMO4"
"WGCNA_green","RANBP1"
"WGCNA_green","DDT"
"WGCNA_green","LGALS1"
"WGCNA_green","PATZ1"
"WGCNA_green","GCAT"
"WGCNA_green","ANKRD54"
"WGCNA_green","SNU13"
"WGCNA_green","HSCB"
"WGCNA_green","CBY1"
"WGCNA_green","TOMM22"
"WGCNA_green","MCAT"
"WGCNA_green","RPL3"
"WGCNA_green","TXN2"
"WGCNA_green","IFT27"
"WGCNA_green","RBX1"
"WGCNA_green","PHF5A"
"WGCNA_green","PMM1"
"WGCNA_green","GSTZ1"
"WGCNA_green","ZFYVE21"
"WGCNA_green","PSMB5"
"WGCNA_green","NFKBIA"
"WGCNA_green","EMC9"
"WGCNA_green","RAE1"
"WGCNA_green","NELFCD"
"WGCNA_green","CTSZ"
"WGCNA_green","PSMA7"
"WGCNA_green","MRGBP"
"WGCNA_green","MANBAL"
"WGCNA_green","IDH3B"
"WGCNA_green","CHMP4B"
"WGCNA_green","DNTTIP1"
"WGCNA_green","NKAP"
"WGCNA_green","EMD"
"WGCNA_green","HTATSF1"
"WGCNA_green","PIN4"
"WGCNA_green","DHRS12"
"WGCNA_green","NUTF2"
"WGCNA_green","MLYCD"
"WGCNA_green","NUBP1"
"WGCNA_green","QPRT"
"WGCNA_green","DNAJC17"
"WGCNA_green","PIH1D1"
"WGCNA_green","OAZ1"
"WGCNA_green","STX10"
"WGCNA_green","C19ORF53"
"WGCNA_green","FAM32A"
"WGCNA_green","MED26"
"WGCNA_green","RPS16"
"WGCNA_green","FBL"
"WGCNA_green","POLR2I"
"WGCNA_green","RPS19"
"WGCNA_green","ETFB"
"WGCNA_green","BABAM1"
"WGCNA_green","WDR83OS"
"WGCNA_green","GCDH"
"WGCNA_green","TMEM147"
"WGCNA_green","ETHE1"
"WGCNA_green","SSBP1"
"WGCNA_green","CHCHD2"
"WGCNA_green","BUD31"
"WGCNA_green","AIMP2"
"WGCNA_green","AP1S1"
"WGCNA_green","RPA3"
"WGCNA_green","ZNHIT1"
"WGCNA_green","TMEM176B"
"WGCNA_green","BCL7B"
"WGCNA_green","YKT6"
"WGCNA_green","TBL2"
"WGCNA_green","SEC61B"
"WGCNA_green","AMBP"
"WGCNA_green","EDF1"
"WGCNA_green","BAG1"
"WGCNA_green","UBE2R2"
"WGCNA_green","NPM3"
"WGCNA_green","CUEDC2"
"WGCNA_green","RPL19"
"WGCNA_green","PFN1"
"WGCNA_green","SMARCD2"
"WGCNA_green","RAB5C"
"WGCNA_green","MRPL27"
"WGCNA_green","IFT20"
"WGCNA_green","NDUFC1"
"WGCNA_green","RPL34"
"WGCNA_green","GRPEL1"
"WGCNA_green","DNAJC4"
"WGCNA_green","FOXRED1"
"WGCNA_green","ANAPC15"
"WGCNA_green","APOA5"
"WGCNA_green","APOC3"
"WGCNA_green","COMMD9"
"WGCNA_green","RPS13"
"WGCNA_green","ALDH2"
"WGCNA_green","EIF2B1"
"WGCNA_green","COPZ1"
"WGCNA_green","MRPL51"
"WGCNA_green","COPS7A"
"WGCNA_green","ING4"
"WGCNA_green","COX6A1"
"WGCNA_green","SRSF9"
"WGCNA_green","MRPL18"
"WGCNA_green","SAYSD1"
"WGCNA_green","RPS12"
"WGCNA_green","HSD17B8"
"WGCNA_green","CUTA"
"WGCNA_green","MRPL2"
"WGCNA_green","DUSP22"
"WGCNA_green","COX7A2"
"WGCNA_green","PFDN1"
"WGCNA_green","TTC1"
"WGCNA_green","ATP6V0E1"
"WGCNA_green","BNIP1"
"WGCNA_green","SELENOK"
"WGCNA_green","TIMMDC1"
"WGCNA_green","NIT2"
"WGCNA_green","FAM162A"
"WGCNA_green","RBP1"
"WGCNA_green","RNF7"
"WGCNA_green","TUSC2"
"WGCNA_green","NPRL2"
"WGCNA_green","RPL24"
"WGCNA_green","ABHD14B"
"WGCNA_green","EEF1B2"
"WGCNA_green","DGUOK"
"WGCNA_green","LMAN2L"
"WGCNA_green","SF3B6"
"WGCNA_green","SNX17"
"WGCNA_green","RPS15"
"WGCNA_green","AUP1"
"WGCNA_green","HTRA2"
"WGCNA_green","POLE4"
"WGCNA_green","CCT4"
"WGCNA_green","STK16"
"WGCNA_green","SPR"
"WGCNA_green","LRRC42"
"WGCNA_green","PARK7"
"WGCNA_green","WDR77"
"WGCNA_green","LAMTOR2"
"WGCNA_green","TMEM9"
"WGCNA_green","MRPS15"
"WGCNA_green","SDHB"
"WGCNA_green","HMGCL"
"WGCNA_green","ATP6V0B"
"WGCNA_green","AKR1A1"
"WGCNA_green","PRDX1"
"WGCNA_green","TSPAN1"
"WGCNA_green","PRDX6"
"WGCNA_green","NENF"
"WGCNA_green","COLEC11"
"WGCNA_green","RPS25"
"WGCNA_green","TTR"
"WGCNA_green","RAB32"
"WGCNA_green","VAMP8"
"WGCNA_green","NDUFB3"
"WGCNA_green","DYNC2I2"
"WGCNA_green","NDUFA8"
"WGCNA_green","IFT43"
"WGCNA_green","SLIRP"
"WGCNA_green","CYSTM1"
"WGCNA_green","SLC35B1"
"WGCNA_green","POLR3GL"
"WGCNA_green","RPL21"
"WGCNA_green","GTF3A"
"WGCNA_green","RASL11A"
"WGCNA_green","MTERF4"
"WGCNA_green","RPL5"
"WGCNA_green","CLTA"
"WGCNA_green","TRIR"
"WGCNA_green","TSFM"
"WGCNA_green","PFDN5"
"WGCNA_green","SMUG1"
"WGCNA_green","SLPI"
"WGCNA_green","ATP5F1E"
"WGCNA_green","RNF114"
"WGCNA_green","ZNF576"
"WGCNA_green","WRNIP1"
"WGCNA_green","RRP36"
"WGCNA_green","SNRPC"
"WGCNA_green","TBCC"
"WGCNA_green","MAD2L1BP"
"WGCNA_green","KLHDC3"
"WGCNA_green","MEA1"
"WGCNA_green","CLYBL"
"WGCNA_green","RNF113A"
"WGCNA_green","NDUFA1"
"WGCNA_green","RPL23"
"WGCNA_green","SNRPD2"
"WGCNA_green","ITPA"
"WGCNA_green","MRPS26"
"WGCNA_green","DYNLRB1"
"WGCNA_green","EIF2S2"
"WGCNA_green","ERGIC3"
"WGCNA_green","ROMO1"
"WGCNA_green","UROD"
"WGCNA_green","PDCD2L"
"WGCNA_green","COX6B1"
"WGCNA_green","PRDX5"
"WGCNA_green","DNAJC8"
"WGCNA_green","EMG1"
"WGCNA_green","UXT"
"WGCNA_green","TIMM17B"
"WGCNA_green","COX7C"
"WGCNA_green","UQCR11"
"WGCNA_green","EMC6"
"WGCNA_green","ECHS1"
"WGCNA_green","SEM1"
"WGCNA_green","STYXL1"
"WGCNA_green","ATF4"
"WGCNA_green","TPST2"
"WGCNA_green","EMC4"
"WGCNA_green","ATP6V1F"
"WGCNA_green","SERGEF"
"WGCNA_green","TXNDC17"
"WGCNA_green","MPDU1"
"WGCNA_green","NGDN"
"WGCNA_green","NEDD8"
"WGCNA_green","DAD1"
"WGCNA_green","GAMT"
"WGCNA_green","ELOF1"
"WGCNA_green","APOC1"
"WGCNA_green","RPL36"
"WGCNA_green","MRPL34"
"WGCNA_green","RTN4IP1"
"WGCNA_green","MTRES1"
"WGCNA_green","LSM4"
"WGCNA_green","CHMP2A"
"WGCNA_green","UBE2M"
"WGCNA_green","METTL26"
"WGCNA_green","LRRC47"
"WGCNA_green","ATP5IF1"
"WGCNA_green","DKC1"
"WGCNA_green","ATP6V1E1"
"WGCNA_green","COX4I1"
"WGCNA_green","EMC8"
"WGCNA_green","COX7B"
"WGCNA_green","RPL27"
"WGCNA_green","NDUFA2"
"WGCNA_green","PDHA1"
"WGCNA_green","SELENOS"
"WGCNA_green","NR0B2"
"WGCNA_green","DNAJB1"
"WGCNA_green","RRP8"
"WGCNA_green","RAN"
"WGCNA_green","EIF5A"
"WGCNA_green","ERAL1"
"WGCNA_green","VPS4A"
"WGCNA_green","NXT1"
"WGCNA_green","CTNNBL1"
"WGCNA_green","TCEAL4"
"WGCNA_green","WDR74"
"WGCNA_green","PLAAT4"
"WGCNA_green","MED10"
"WGCNA_green","ACTR3B"
"WGCNA_green","SFTPD"
"WGCNA_green","LAMTOR5"
"WGCNA_green","RPS15A"
"WGCNA_green","RBMX2"
"WGCNA_green","TIMM10"
"WGCNA_green","TMEM258"
"WGCNA_green","AKIRIN2"
"WGCNA_green","ATP5MC2"
"WGCNA_green","CD63"
"WGCNA_green","CDK4"
"WGCNA_green","PPP1R1A"
"WGCNA_green","NTPCR"
"WGCNA_green","MRPL44"
"WGCNA_green","CYP27A1"
"WGCNA_green","COX5B"
"WGCNA_green","MRPS9"
"WGCNA_green","CKAP4"
"WGCNA_green","TACO1"
"WGCNA_green","HLX"
"WGCNA_green","IMP4"
"WGCNA_green","TXN"
"WGCNA_green","PSMB7"
"WGCNA_green","ANP32B"
"WGCNA_green","RPL35"
"WGCNA_green","ARPC5L"
"WGCNA_green","DMAC1"
"WGCNA_green","APTX"
"WGCNA_green","DCTN3"
"WGCNA_green","GRHPR"
"WGCNA_green","HINT2"
"WGCNA_green","RPS6"
"WGCNA_green","UQCC2"
"WGCNA_green","MTCH1"
"WGCNA_green","C6ORF52"
"WGCNA_green","SQOR"
"WGCNA_green","RPLP1"
"WGCNA_green","ATRAID"
"WGCNA_green","RBP4"
"WGCNA_green","RPS24"
"WGCNA_green","COX17"
"WGCNA_green","NDUFA9"
"WGCNA_green","RBP5"
"WGCNA_green","SNRPF"
"WGCNA_green","TARBP2"
"WGCNA_green","NABP2"
"WGCNA_green","CERS5"
"WGCNA_green","SERF2"
"WGCNA_green","COMMD4"
"WGCNA_green","RPS2"
"WGCNA_green","NDUFB10"
"WGCNA_green","MED9"
"WGCNA_green","SKAP1"
"WGCNA_green","PTRH2"
"WGCNA_green","IMPA2"
"WGCNA_green","SAT2"
"WGCNA_green","TP53"
"WGCNA_green","NT5C3B"
"WGCNA_green","RETREG3"
"WGCNA_green","MIEN1"
"WGCNA_green","TXNL4A"
"WGCNA_green","SIRT3"
"WGCNA_green","SOD1"
"WGCNA_green","GEMIN7"
"WGCNA_green","PSMB6"
"WGCNA_green","RPS11"
"WGCNA_green","RPL13A"
"WGCNA_green","RPL11"
"WGCNA_green","ZNF593"
"WGCNA_green","RPS8"
"WGCNA_green","PSMA5"
"WGCNA_green","MGST3"
"WGCNA_green","UFC1"
"WGCNA_green","PFDN2"
"WGCNA_green","MRPL24"
"WGCNA_green","HDGF"
"WGCNA_green","ANXA9"
"WGCNA_green","ENSA"
"WGCNA_green","MRPL9"
"WGCNA_green","OAZ3"
"WGCNA_green","JTB"
"WGCNA_green","RAB13"
"WGCNA_green","SNAPIN"
"WGCNA_green","HAX1"
"WGCNA_green","CNIH3"
"WGCNA_green","RPS27A"
"WGCNA_green","SNRPG"
"WGCNA_green","MRPS5"
"WGCNA_green","RPL32"
"WGCNA_green","SLC25A26"
"WGCNA_green","SRPRB"
"WGCNA_green","EIF2B5"
"WGCNA_green","ECE2"
"WGCNA_green","OCIAD2"
"WGCNA_green","RPS3A"
"WGCNA_green","NDUFS6"
"WGCNA_green","RPL37"
"WGCNA_green","NHP2"
"WGCNA_green","BOD1"
"WGCNA_green","TBC1D7"
"WGCNA_green","ZMAT2"
"WGCNA_green","ABT1"
"WGCNA_green","RPL32P18"
"WGCNA_green","CHST7"
"WGCNA_green","NDUFB11"
"WGCNA_green","RIPPLY1"
"WGCNA_green","RPL7"
"WGCNA_green","NDUFB9"
"WGCNA_green","IDNK"
"WGCNA_green","SURF1"
"WGCNA_green","SURF2"
"WGCNA_green","RPL7A"
"WGCNA_green","MSRB2"
"WGCNA_green","GSTO1"
"WGCNA_green","PGAP2"
"WGCNA_green","RPS3"
"WGCNA_green","COMMD7"
"WGCNA_green","CNBD2"
"WGCNA_green","YTHDF1"
"WGCNA_green","TRPT1"
"WGCNA_green","FAU"
"WGCNA_green","TMEM219"
"WGCNA_green","CWC15"
"WGCNA_green","EEF1AKMT1"
"WGCNA_green","SAP18"
"WGCNA_green","TIMM8B"
"WGCNA_green","OXSM"
"WGCNA_green","NOPCHAP1"
"WGCNA_green","TMEM18"
"WGCNA_green","THYN1"
"WGCNA_green","QDPR"
"WGCNA_green","SLC25A4"
"WGCNA_green","SERP2"
"WGCNA_green","MZT2B"
"WGCNA_green","GEMIN6"
"WGCNA_green","RPP38"
"WGCNA_green","CARHSP1"
"WGCNA_green","CFDP1"
"WGCNA_green","SDHAF4"
"WGCNA_green","ATP5PF"
"WGCNA_green","GTF3C6"
"WGCNA_green","DBI"
"WGCNA_green","RRAGA"
"WGCNA_green","ATP5MJ"
"WGCNA_green","RPL30"
"WGCNA_green","MED19"
"WGCNA_green","MALSU1"
"WGCNA_green","TATDN2"
"WGCNA_green","DDX19B"
"WGCNA_green","PSMG3"
"WGCNA_green","SPPL3"
"WGCNA_green","BABAM2"
"WGCNA_green","MRPL17"
"WGCNA_green","TPRG1L"
"WGCNA_green","TSPAN33"
"WGCNA_green","TSR2"
"WGCNA_green","ZFAND2B"
"WGCNA_green","PAGE5"
"WGCNA_green","DUSP23"
"WGCNA_green","APOA2"
"WGCNA_green","MRPL10"
"WGCNA_green","CSRP1"
"WGCNA_green","ATP5MC1"
"WGCNA_green","SNF8"
"WGCNA_green","PSMD4"
"WGCNA_green","PSMB4"
"WGCNA_green","MED8"
"WGCNA_green","CCDC107"
"WGCNA_green","SSU72"
"WGCNA_green","NR2F6"
"WGCNA_green","UBE2Q1"
"WGCNA_green","CCDC12"
"WGCNA_green","IER2"
"WGCNA_green","CPSF4"
"WGCNA_green","RPL8"
"WGCNA_green","YDJC"
"WGCNA_green","COX7A1"
"WGCNA_green","ASGR2"
"WGCNA_green","RPL26"
"WGCNA_green","POLR3K"
"WGCNA_green","SNRNP25"
"WGCNA_green","RPL29"
"WGCNA_green","CZIB"
"WGCNA_green","MAGOH"
"WGCNA_green","AKR7A3"
"WGCNA_green","DHRS3"
"WGCNA_green","PEF1"
"WGCNA_green","C1ORF115"
"WGCNA_green","MRPL55"
"WGCNA_green","COQ8A"
"WGCNA_green","VPS72"
"WGCNA_green","BOLA3"
"WGCNA_green","NAXE"
"WGCNA_green","SSR2"
"WGCNA_green","FABP1"
"WGCNA_green","SNHG16"
"WGCNA_green","RTP3"
"WGCNA_green","ELP6"
"WGCNA_green","C1ORF50"
"WGCNA_green","SHISA5"
"WGCNA_green","TEX264"
"WGCNA_green","NDUFAF2"
"WGCNA_green","UQCRQ"
"WGCNA_green","RPS14"
"WGCNA_green","BRI3"
"WGCNA_green","DEFB1"
"WGCNA_green","CDK5"
"WGCNA_green","RPP25L"
"WGCNA_green","NUDT2"
"WGCNA_green","FBP1"
"WGCNA_green","RPL36AL"
"WGCNA_green","RPUSD4"
"WGCNA_green","COMTD1"
"WGCNA_green","FUNDC2"
"WGCNA_green","FRAT1"
"WGCNA_green","IFI27L1"
"WGCNA_green","SMCO4"
"WGCNA_green","RPUSD2"
"WGCNA_green","ALKBH3"
"WGCNA_green","PCBD1"
"WGCNA_green","TAF10"
"WGCNA_green","CYB5A"
"WGCNA_green","RPL27A"
"WGCNA_green","AKIP1"
"WGCNA_green","CENPV"
"WGCNA_green","CIAO2B"
"WGCNA_green","BLCAP"
"WGCNA_green","BEX3"
"WGCNA_green","PPIB"
"WGCNA_green","MESP1"
"WGCNA_green","MRPL16"
"WGCNA_green","SNRPD1"
"WGCNA_green","TRUB2"
"WGCNA_green","COQ4"
"WGCNA_green","DOLPP1"
"WGCNA_green","POP5"
"WGCNA_green","ATP5MG"
"WGCNA_green","ACAA2"
"WGCNA_green","IRGQ"
"WGCNA_green","GPX4"
"WGCNA_green","TRAPPC2L"
"WGCNA_green","RPL13"
"WGCNA_green","GLOD4"
"WGCNA_green","CYB5D2"
"WGCNA_green","PRDX2"
"WGCNA_green","MRPL58"
"WGCNA_green","ATP5PD"
"WGCNA_green","SRP68"
"WGCNA_green","KRT10-AS1"
"WGCNA_green","SDHAF2"
"WGCNA_green","FTH1"
"WGCNA_green","POLR2G"
"WGCNA_green","RPSA"
"WGCNA_green","COPS6"
"WGCNA_green","DNAJC7"
"WGCNA_green","UQCC5"
"WGCNA_green","THAP11"
"WGCNA_green","ING2"
"WGCNA_green","TMEM223"
"WGCNA_green","NDUFS5"
"WGCNA_green","TMEM208"
"WGCNA_green","PKIG"
"WGCNA_green","USP39"
"WGCNA_green","RNF181"
"WGCNA_green","ENHO"
"WGCNA_green","ATP5ME"
"WGCNA_green","UQCRFS1"
"WGCNA_green","NSMCE1"
"WGCNA_green","SLC50A1"
"WGCNA_green","HINT1"
"WGCNA_green","C15ORF40"
"WGCNA_green","CENPX"
"WGCNA_green","MT1E"
"WGCNA_green","DCXR"
"WGCNA_green","ZNF32"
"WGCNA_green","AVEN"
"WGCNA_green","ZNF747"
"WGCNA_green","SF3B5"
"WGCNA_green","TRAPPC1"
"WGCNA_green","ELP5"
"WGCNA_green","STX8"
"WGCNA_green","MGMT"
"WGCNA_green","SPATA24"
"WGCNA_green","PYM1"
"WGCNA_green","PA2G4"
"WGCNA_green","FOXA3"
"WGCNA_green","COMMD5"
"WGCNA_green","MRFAP1L2"
"WGCNA_green","LSM3"
"WGCNA_green","RPS9"
"WGCNA_green","TSEN34"
"WGCNA_green","NDUFA3"
"WGCNA_green","JAGN1"
"WGCNA_green","TMEM37"
"WGCNA_green","ZDHHC16"
"WGCNA_green","EXOSC1"
"WGCNA_green","MRPL36"
"WGCNA_green","GLOD5"
"WGCNA_green","POLR1C"
"WGCNA_green","CXXC5"
"WGCNA_green","HDAC3"
"WGCNA_green","RPS21"
"WGCNA_green","MRM3"
"WGCNA_green","RPS7"
"WGCNA_green","PPIH"
"WGCNA_green","COPRS"
"WGCNA_green","POP7"
"WGCNA_green","TTC36"
"WGCNA_green","COPS9"
"WGCNA_green","CHCHD1"
"WGCNA_green","MRPL52"
"WGCNA_green","RPL38"
"WGCNA_green","LSM2"
"WGCNA_green","RNASEH2C"
"WGCNA_green","TRMT112"
"WGCNA_green","MRPL57"
"WGCNA_green","COMMD1"
"WGCNA_green","CKS1B"
"WGCNA_green","GLRX"
"WGCNA_green","PPP1R14B"
"WGCNA_green","FKBP2"
"WGCNA_green","UQCRH"
"WGCNA_green","EIF1"
"WGCNA_green","SWSAP1"
"WGCNA_green","CCS"
"WGCNA_green","SNAPC5"
"WGCNA_green","MRPL11"
"WGCNA_green","GOLT1A"
"WGCNA_green","B4GAT1"
"WGCNA_green","RPL15"
"WGCNA_green","PARL"
"WGCNA_green","LSM1"
"WGCNA_green","BANF1"
"WGCNA_green","EIF1AD"
"WGCNA_green","EIF3F"
"WGCNA_green","PPP2R2D"
"WGCNA_green","PAAF1"
"WGCNA_green","MRPL48"
"WGCNA_green","SUGCT"
"WGCNA_green","MTLN"
"WGCNA_green","ZBTB44-DT"
"WGCNA_green","MSRA"
"WGCNA_green","SWI5"
"WGCNA_green","RPL7AP66"
"WGCNA_green","ORAI3"
"WGCNA_green","B3GALT6"
"WGCNA_green","NUPR1"
"WGCNA_green","UFSP1"
"WGCNA_green","ZBTB8OS"
"WGCNA_green","COX8A"
"WGCNA_green","GJC3"
"WGCNA_green","DNAJC30"
"WGCNA_green","SPRYD4"
"WGCNA_green","PLAAT3"
"WGCNA_green","PXMP2"
"WGCNA_green","FAM89B"
"WGCNA_green","TALDO1"
"WGCNA_green","TIMM22"
"WGCNA_green","MAGEF1"
"WGCNA_green","ATOX1"
"WGCNA_green","RPLP2"
"WGCNA_green","PGBD5"
"WGCNA_green","SVBP"
"WGCNA_green","RPS27"
"WGCNA_green","IMP3"
"WGCNA_green","BOLA1"
"WGCNA_green","DALRD3"
"WGCNA_green","TMEM11"
"WGCNA_green","ZFAND2A"
"WGCNA_green","RPS3AP5"
"WGCNA_green","COX14"
"WGCNA_green","RPL10P16"
"WGCNA_green","CTNNBIP1"
"WGCNA_green","RPS16P1"
"WGCNA_green","COX5A"
"WGCNA_green","MPI"
"WGCNA_green","TUFM"
"WGCNA_green","SELENOW"
"WGCNA_green","EIF3K"
"WGCNA_green","MRFAP1"
"WGCNA_green","SPEN-AS1"
"WGCNA_green","DCTPP1"
"WGCNA_green","TMEM86B"
"WGCNA_green","TRNAU1AP"
"WGCNA_green","RPL23P6"
"WGCNA_green","PSMG4"
"WGCNA_green","SSR4"
"WGCNA_green","MRPL14"
"WGCNA_green","FRAT2"
"WGCNA_green","RPL24P4"
"WGCNA_green","LSM10"
"WGCNA_green","COA4"
"WGCNA_green","MRPS11"
"WGCNA_green","NOP10"
"WGCNA_green","MRPL41"
"WGCNA_green","TP53TG1"
"WGCNA_green","MRPS16"
"WGCNA_green","YBEY"
"WGCNA_green","ADI1"
"WGCNA_green","RPS17"
"WGCNA_green","DDX28"
"WGCNA_green","RPL35A"
"WGCNA_green","NAA38"
"WGCNA_green","SMDT1"
"WGCNA_green","RNF5"
"WGCNA_green","SFXN4"
"WGCNA_green","MRPL54"
"WGCNA_green","HMCES"
"WGCNA_green","NDUFB1"
"WGCNA_green","COA3"
"WGCNA_green","ACTG1"
"WGCNA_green","UQCR10"
"WGCNA_green","NR2C2AP"
"WGCNA_green","ACTRT3"
"WGCNA_green","HDDC3"
"WGCNA_green","OR7E14P"
"WGCNA_green","TMEM186"
"WGCNA_green","BTBD6"
"WGCNA_green","PTRHD1"
"WGCNA_green","NDUFA6"
"WGCNA_green","CIB1"
"WGCNA_green","TMEM179B"
"WGCNA_green","MRPL40"
"WGCNA_green","PSMD13"
"WGCNA_green","WDR53"
"WGCNA_green","POLR1D"
"WGCNA_green","BLOC1S4"
"WGCNA_green","RPS23"
"WGCNA_green","TMEM216"
"WGCNA_green","TMEM203"
"WGCNA_green","H1-2"
"WGCNA_green","EIF4EBP1"
"WGCNA_green","LAMTOR4"
"WGCNA_green","CLN3"
"WGCNA_green","S100A16"
"WGCNA_green","RHCE"
"WGCNA_green","UROS"
"WGCNA_green","RPL14"
"WGCNA_green","RPL10AP2"
"WGCNA_green","COXFA4"
"WGCNA_green","ALKBH2"
"WGCNA_green","TMEM120A"
"WGCNA_green","RPS2P46"
"WGCNA_green","PPIA"
"WGCNA_green","ASB13"
"WGCNA_green","MYL6B"
"WGCNA_green","TRAPPC4"
"WGCNA_green","TOMM7"
"WGCNA_green","LAGE3"
"WGCNA_green","EOLA2"
"WGCNA_green","ATP6AP1-DT"
"WGCNA_green","GTF2E2"
"WGCNA_green","MRPL21"
"WGCNA_green","HNRNPAB"
"WGCNA_green","HOXA4"
"WGCNA_green","NMB"
"WGCNA_green","RPS26"
"WGCNA_green","RPL37A"
"WGCNA_green","RPL12"
"WGCNA_green","RPS4X"
"WGCNA_green","RPL23A"
"WGCNA_green","UBL5"
"WGCNA_green","ZNF511"
"WGCNA_green","TUSC1"
"WGCNA_green","MSRB1"
"WGCNA_green","RPL10A"
"WGCNA_green","ZNF830"
"WGCNA_green","MT-ND5"
"WGCNA_green","HMGN2"
"WGCNA_green","KTI12"
"WGCNA_green","C1ORF174"
"WGCNA_green","RPL39"
"WGCNA_green","CCDC167"
"WGCNA_green","KIAA1671-AS1"
"WGCNA_green","C1ORF53"
"WGCNA_green","SNHG5"
"WGCNA_green","SYS1"
"WGCNA_green","TCEA3"
"WGCNA_green","PFDN6"
"WGCNA_green","RING1"
"WGCNA_green","FKBPL"
"WGCNA_green","NELFE"
"WGCNA_green","SNHG32"
"WGCNA_green","HSPA1A"
"WGCNA_green","APOM"
"WGCNA_green","RACK1"
"WGCNA_green","LINC02716"
"WGCNA_green","SDHAF1"
"WGCNA_green","PSENEN"
"WGCNA_green","NT5M"
"WGCNA_green","PRR13"
"WGCNA_green","MT1H"
"WGCNA_green","MT1A"
"WGCNA_green","MT1M"
"WGCNA_green","NAP1L4"
"WGCNA_green","CHKB-DT"
"WGCNA_green","CDPF1"
"WGCNA_green","SUPT4H1"
"WGCNA_green","EEF1B2P6"
"WGCNA_green","RPS10P15"
"WGCNA_green","RPS7P11"
"WGCNA_green","ANKRD39"
"WGCNA_green","STIMATE"
"WGCNA_green","C8ORF82"
"WGCNA_green","TMX2"
"WGCNA_green","RPL31P4"
"WGCNA_green","NDUFS3"
"WGCNA_green","RPS29"
"WGCNA_green","RPL7AP62"
"WGCNA_green","RPS12P29"
"WGCNA_green","SMIM7"
"WGCNA_green","LYRM4"
"WGCNA_green","FIS1"
"WGCNA_green","ANG"
"WGCNA_green","APTR"
"WGCNA_green","MBLAC1"
"WGCNA_green","ZSWIM7"
"WGCNA_green","PHB2"
"WGCNA_green","MYL5"
"WGCNA_green","TSTD1"
"WGCNA_green","RPS2P55"
"WGCNA_green","RBM33-DT"
"WGCNA_green","RPL19P9"
"WGCNA_green","RPL27AP6"
"WGCNA_green","RPL23P8"
"WGCNA_green","RPS3P4"
"WGCNA_green","ASS1P1"
"WGCNA_green","LINC01465"
"WGCNA_green","UBA52"
"WGCNA_green","LOC101928881"
"WGCNA_green","DNAJC27-AS1"
"WGCNA_green","LOC124905349"
"WGCNA_green","RPS27AP16"
"WGCNA_green","NQO2-AS1"
"WGCNA_green","NDUFAF8"
"WGCNA_green","HMGB3P22"
"WGCNA_green","CATIP-AS1"
"WGCNA_green","RPL35P5"
"WGCNA_green","RPL17P6"
"WGCNA_green","RPL26P19"
"WGCNA_green","LINC02608"
"WGCNA_green","RPL10AP6"
"WGCNA_green","RPS7P10"
"WGCNA_green","MAGOH-DT"
"WGCNA_green","DANCR"
"WGCNA_green","HSD11B1-AS1"
"WGCNA_green","ORM2"
"WGCNA_green","OST4"
"WGCNA_green","EEF1DP1"
"WGCNA_green","RPS13P2"
"WGCNA_green","RPS2P20"
"WGCNA_green","RPL41"
"WGCNA_green","ZNF688"
"WGCNA_green","LINC02028"
"WGCNA_green","EMC1-AS1"
"WGCNA_green","HM13-AS1"
"WGCNA_green","RPS23P8"
"WGCNA_green","LINC01273"
"WGCNA_green","IDH1-AS1"
"WGCNA_green","TMA7"
"WGCNA_green","RPS6P10"
"WGCNA_green","RPS17P16"
"WGCNA_green","SMIM26"
"WGCNA_green","LINC02777"
"WGCNA_green","ZNF687-AS1"
"WGCNA_green","RPL34P27"
"WGCNA_green","LYRM9"
"WGCNA_green","SMG7-AS1"
"WGCNA_green","RPS11P5"
"WGCNA_green","SNHG7"
"WGCNA_green","EIF3FP3"
"WGCNA_green","TSNAX-DT"
"WGCNA_green","TMEM238"
"WGCNA_green","ACAA2P1"
"WGCNA_green","LINC02609"
"WGCNA_green","UQCRHL"
"WGCNA_green","RPL5P34"
"WGCNA_green","RPS15AP11"
"WGCNA_green","RPS4XP11"
"WGCNA_green","GAS5"
"WGCNA_green","RPS3AP6"
"WGCNA_green","RPL23AP42"
"WGCNA_green","RAB17-DT"
"WGCNA_green","FTH1P2"
"WGCNA_green","SMIM27"
"WGCNA_green","HIPK1-AS1"
"WGCNA_green","ZNF747-DT"
"WGCNA_green","RPL7AP70"
"WGCNA_green","PNMA6A"
"WGCNA_green","LOC124906209"
"WGCNA_green","RPL17P36"
"WGCNA_green","RPL13AP5"
"WGCNA_green","PITPNA-AS1"
"WGCNA_green","RPL24P8"
"WGCNA_green","LINC02851"
"WGCNA_green","CDKN2AIPNL"
"WGCNA_green","RPS9P2"
"WGCNA_green","LINC03011"
"WGCNA_green","HEY2-AS1"
"WGCNA_green","DGUOK-AS1"
"WGCNA_green","RPL35P1"
"WGCNA_green","LNCATV"
"WGCNA_green","LOC105376805"
"WGCNA_green","NME1"
"WGCNA_green","MRPS17"
"WGCNA_green","PSMB9"
"WGCNA_green","RPS8P8"
"WGCNA_green","RPL34P18"
"WGCNA_green","ISY1"
"WGCNA_green","PLCXD2"
"WGCNA_green","RPL22P2"
"WGCNA_green","ATP5MF"
"WGCNA_green","ARPC4"
"WGCNA_green","RPL31P49"
"WGCNA_green","ARPC1A"
"WGCNA_green","RPL7AP30"
"WGCNA_green","ATP5PO"
"WGCNA_green","HOGA1"
"WGCNA_green","RPL7AP6"
"WGCNA_green","TCP10L"
"WGCNA_green","RPS18P5"
"WGCNA_green","EIF6"
"WGCNA_green","RPL10AP9"
"WGCNA_green","MRPL20"
"WGCNA_green","DECR2"
"WGCNA_green","RPL21P80"
"WGCNA_green","RPL23AP49"
"WGCNA_green","IL10RB"
"WGCNA_green","RPS9P4"
"WGCNA_green","RPL5P17"
"WGCNA_green","RPL23AP65"
"WGCNA_green","MT1HL1"
"WGCNA_green","VMA12"
"WGCNA_green","PELP1-DT"
"WGCNA_green","TMEM141"
"WGCNA_green","RPL7P23"
"WGCNA_green","CYP2U1-AS1"
"WGCNA_green","MCPH1-DT"
"WGCNA_green","H2AJ"
"WGCNA_green","RGMB-AS1"
"WGCNA_green","ZCCHC3"
"WGCNA_green","TRIM52-AS1"
"WGCNA_green","ABHD14A"
"WGCNA_green","SMIM20"
"WGCNA_green","CHCHD10"
"WGCNA_green","LINC02482"
"WGCNA_green","NACA2"
"WGCNA_green","LOC105375781"
"WGCNA_green","CLDN23"
"WGCNA_green","CLN8-AS1"
"WGCNA_green","CAPN1-AS1"
"WGCNA_green","BRK1"
"WGCNA_green","TSKU-AS1"
"WGCNA_green","EMSY-DT"
"WGCNA_green","TOLLIP-DT"
"WGCNA_green","ASS1P13"
"WGCNA_green","PXN-AS1"
"WGCNA_green","COA8"
"WGCNA_green","RPL41P2"
"WGCNA_green","PPP1R14B-AS1"
"WGCNA_green","LINC02356"
"WGCNA_green","ADCY6-DT"
"WGCNA_green","GIHCG"
"WGCNA_green","FOXN3-AS1"
"WGCNA_green","ERLN"
"WGCNA_green","SIPA1L1-AS1"
"WGCNA_green","INAFM2"
"WGCNA_green","MRPL46"
"WGCNA_green","LINC02259"
"WGCNA_green","MARCHF6-DT"
"WGCNA_green","MIR762HG"
"WGCNA_green","KDM7A-DT"
"WGCNA_green","HSPB9"
"WGCNA_green","COSMOC"
"WGCNA_green","DSP-AS1"
"WGCNA_green","HPR"
"WGCNA_green","LOC728138"
"WGCNA_green","LOC124904072"
"WGCNA_green","MIR193BHG"
"WGCNA_green","MRPL45P2"
"WGCNA_green","TMEM220-AS1"
"WGCNA_green","DYNLL2"
"WGCNA_green","DCXR-DT"
"WGCNA_green","TIMM23"
"WGCNA_green","NDUFV2-AS1"
"WGCNA_green","MRPS21"
"WGCNA_green","GDF10"
"WGCNA_green","RBBP8-AS1"
"WGCNA_green","ILF3-DT"
"WGCNA_green","CEBPA-DT"
"WGCNA_green","CLEC4OP"
"WGCNA_green","KDSR-DT"
"WGCNA_green","LOC105372266"
"WGCNA_green","U2SURP-AS1"
"WGCNA_green","ZSCAN16-AS1"
"WGCNA_green","RAB11B-AS1"
"WGCNA_green","SNHG8"
"WGCNA_green","NCBP2AS2"
"WGCNA_green","TAF15"
"WGCNA_green","DCTN6-DT"
"WGCNA_green","TAGAP-AS1"
"WGCNA_green","FGF14-AS2"
"WGCNA_green","LOC124902769"
"WGCNA_green","ILRUN-AS1"
"WGCNA_green","FAM193B-DT"
"WGCNA_green","PPP4R3B-DT"
"WGCNA_green","JMJD1C-AS1"
"WGCNA_green","FGFBP3-AS1"
"WGCNA_green","CDC37L1-DT"
"WGCNA_green","LOC102723708"
"WGCNA_green","ZNHIT3"
"WGCNA_green","LOC105370532"
"WGCNA_green","CISD3"
"WGCNA_green","PSMB3"
"WGCNA_green","H2AC8"
"WGCNA_green","LOC645967"
"WGCNA_purple","PAX7"
"WGCNA_purple","MYOC"
"WGCNA_purple","PYGM"
"WGCNA_purple","ADCY2"
"WGCNA_purple","RBFOX1"
"WGCNA_purple","DUSP13B"
"WGCNA_purple","CACNA1S"
"WGCNA_purple","MYBPC2"
"WGCNA_purple","MYH7"
"WGCNA_purple","MYLK2"
"WGCNA_purple","TNNC2"
"WGCNA_purple","ATP1B4"
"WGCNA_purple","SGCG"
"WGCNA_purple","KCNA7"
"WGCNA_purple","CKM"
"WGCNA_purple","TNNT1"
"WGCNA_purple","CACNG1"
"WGCNA_purple","MYH1"
"WGCNA_purple","MYF6"
"WGCNA_purple","MYL2"
"WGCNA_purple","TNNC1"
"WGCNA_purple","PRKAG3"
"WGCNA_purple","SMYD1"
"WGCNA_purple","MYOT"
"WGCNA_purple","MYOG"
"WGCNA_purple","LDB3"
"WGCNA_purple","APOBEC2"
"WGCNA_purple","MYH2"
"WGCNA_purple","SIX1"
"WGCNA_purple","CSRP3"
"WGCNA_purple","TNNT3"
"WGCNA_purple","TNNI2"
"WGCNA_purple","FBP2"
"WGCNA_purple","RHOXF2"
"WGCNA_purple","POPDC3"
"WGCNA_purple","MYO18B"
"WGCNA_purple","UNC13C"
"WGCNA_purple","TRIM54"
"WGCNA_purple","MYPN"
"WGCNA_purple","METTL21C"
"WGCNA_purple","RPL3L"
"WGCNA_purple","CASQ1"
"WGCNA_purple","ACTA1"
"WGCNA_purple","ASB15"
"WGCNA_purple","ASB10"
"WGCNA_purple","IDI2"
"WGCNA_purple","BOLL"
"WGCNA_purple","PPP1R3A"
"WGCNA_purple","TTN"
"WGCNA_purple","KLHL40"
"WGCNA_purple","TNNI1"
"WGCNA_purple","ACTC1"
"WGCNA_purple","ASB16"
"WGCNA_purple","LRRC38"
"WGCNA_purple","EN1"
"WGCNA_purple","XIRP2"
"WGCNA_purple","LMOD3"
"WGCNA_purple","ASB5"
"WGCNA_purple","FABP7"
"WGCNA_purple","CA3"
"WGCNA_purple","SYNPO2L"
"WGCNA_purple","PPDPFL"
"WGCNA_purple","XIRP1"
"WGCNA_purple","MYL1"
"WGCNA_purple","HSPB3"
"WGCNA_purple","VGLL2"
"WGCNA_purple","SLN"
"WGCNA_purple","CAVIN4"
"WGCNA_purple","LMOD2"
"WGCNA_purple","MYOZ2"
"WGCNA_purple","MIR1-1HG"
"WGCNA_purple","ABRA"
"WGCNA_purple","LEP"
"WGCNA_purple","DES"
"WGCNA_purple","KLHL38"
"WGCNA_purple","C10ORF71"
"WGCNA_purple","YIPF7"
"WGCNA_purple","MYOZ1"
"WGCNA_purple","MYL11"
"WGCNA_purple","HOXC9"
"WGCNA_purple","ADIPOQ"
"WGCNA_purple","DDN"
"WGCNA_purple","CAV3"
"WGCNA_purple","DHRS7C"
"WGCNA_purple","TRARG1"
"WGCNA_purple","LRRC14B"
"WGCNA_purple","MYADML2"
"WGCNA_purple","VHRT"
"WGCNA_purple","SLC36A2"
"WGCNA_purple","TRDN"
"WGCNA_purple","PERM1"
"WGCNA_purple","DUSP29"
"WGCNA_purple","MYBPC1"
"WGCNA_purple","STYXL2"
"WGCNA_purple","LINC01854"
"WGCNA_purple","MUC21"
"WGCNA_purple","TECRL"
"WGCNA_purple","SMCO1"
"WGCNA_purple","SMTNL1"
"WGCNA_purple","RPL7AP77"
"WGCNA_purple","RPL7P3"
"WGCNA_purple","LOC105376174"
"WGCNA_purple","MRLN"
"WGCNA_purple","ST3GAL3-AS1"
"WGCNA_purple","PREP-AS1"
"WGCNA_purple","LINC01497"
"WGCNA_purple","RPL21P88"
"WGCNA_purple","KLHL41"
"WGCNA_purple","ACTN3"
"WGCNA_purple","HMGN1P16"
"WGCNA_purple","HOXC-AS1"
"WGCNA_purple","MIR133A1HG"
"WGCNA_purple","GREB1L-AS1"
"WGCNA_purple","AGBL1"
"WGCNA_magenta","ISL1"
"WGCNA_magenta","LMO3"
"WGCNA_magenta","SNAP91"
"WGCNA_magenta","STON1-GTF2A1L"
"WGCNA_magenta","HOXA6"
"WGCNA_magenta","SLC30A3"
"WGCNA_magenta","TPO"
"WGCNA_magenta","NPHS2"
"WGCNA_magenta","ZP4"
"WGCNA_magenta","HOXB8"
"WGCNA_magenta","IL37"
"WGCNA_magenta","HOXD3"
"WGCNA_magenta","MAS1"
"WGCNA_magenta","KREMEN2"
"WGCNA_magenta","ZNF670-ZNF695"
"WGCNA_magenta","BTG4"
"WGCNA_magenta","CCDC54"
"WGCNA_magenta","RLBP1"
"WGCNA_magenta","ADAMTS18"
"WGCNA_magenta","FLJ33534"
"WGCNA_magenta","ACTL7B"
"WGCNA_magenta","GOLGA8F"
"WGCNA_magenta","SPHKAP"
"WGCNA_magenta","KCNS2"
"WGCNA_magenta","MEGF11"
"WGCNA_magenta","DNAJC5G"
"WGCNA_magenta","RHO"
"WGCNA_magenta","PRRX2"
"WGCNA_magenta","CABP2"
"WGCNA_magenta","MUC17"
"WGCNA_magenta","KRT13"
"WGCNA_magenta","KLF17"
"WGCNA_magenta","ZNF556"
"WGCNA_magenta","OR5A1"
"WGCNA_magenta","OR5B2"
"WGCNA_magenta","SNTG2"
"WGCNA_magenta","IQCF1"
"WGCNA_magenta","NPAS4"
"WGCNA_magenta","HTR3C"
"WGCNA_magenta","ALOXE3"
"WGCNA_magenta","RTL3"
"WGCNA_magenta","LINC02870"
"WGCNA_magenta","CELF2-AS1"
"WGCNA_magenta","REC114"
"WGCNA_magenta","GDF3"
"WGCNA_magenta","C1QTNF8"
"WGCNA_magenta","MAGEE2"
"WGCNA_magenta","ATP13A5"
"WGCNA_magenta","CATSPER4"
"WGCNA_magenta","CLPSL2"
"WGCNA_magenta","HOXC6"
"WGCNA_magenta","CACNA1E"
"WGCNA_magenta","LOC124900294"
"WGCNA_magenta","RNU6-238P"
"WGCNA_magenta","SNORA68B"
"WGCNA_magenta","RNU1-91P"
"WGCNA_magenta","OR2L2"
"WGCNA_magenta","AADACL4"
"WGCNA_magenta","CBY3"
"WGCNA_magenta","LINC01291"
"WGCNA_magenta","FAM221B"
"WGCNA_magenta","AARD"
"WGCNA_magenta","ONECUT3"
"WGCNA_magenta","RNU6-945P"
"WGCNA_magenta","RNU1-109P"
"WGCNA_magenta","SNORD70"
"WGCNA_magenta","HNRNPCP6"
"WGCNA_magenta","DCDC2C"
"WGCNA_magenta","NLRP2B"
"WGCNA_magenta","LOC100128610"
"WGCNA_magenta","SOD1P1"
"WGCNA_magenta","RPS4XP8"
"WGCNA_magenta","FCF1P5"
"WGCNA_magenta","LOC124900187"
"WGCNA_magenta","MIR1301"
"WGCNA_magenta","MIR1203"
"WGCNA_magenta","RNU4-53P"
"WGCNA_magenta","LINC01615"
"WGCNA_magenta","RPS15AP5"
"WGCNA_magenta","DIP2A-IT1"
"WGCNA_magenta","RPL18AP14"
"WGCNA_magenta","LINC01708"
"WGCNA_magenta","LINC02523"
"WGCNA_magenta","LINC00113"
"WGCNA_magenta","SFTA1P"
"WGCNA_magenta","LOC105374901"
"WGCNA_magenta","LOC124904582"
"WGCNA_magenta","LOC105373888"
"WGCNA_magenta","RPL11P1"
"WGCNA_magenta","NGF-AS1"
"WGCNA_magenta","LOC124901619"
"WGCNA_magenta","RRN3P4"
"WGCNA_magenta","LOC105372725"
"WGCNA_magenta","RPL23AP52"
"WGCNA_magenta","LINC03125"
"WGCNA_magenta","LOC284798"
"WGCNA_magenta","KIF26B-AS1"
"WGCNA_magenta","QTMAN-AS1"
"WGCNA_magenta","XXYLT1-AS1"
"WGCNA_magenta","ATP6V1G1P4"
"WGCNA_magenta","LINC01563"
"WGCNA_magenta","LOC105376892"
"WGCNA_magenta","LRRC52-AS1"
"WGCNA_magenta","KCNH7-AS1"
"WGCNA_magenta","RPL12P20"
"WGCNA_magenta","RPL7AP5"
"WGCNA_magenta","LINC00636"
"WGCNA_magenta","RPL35AP14"
"WGCNA_magenta","SNRPCP11"
"WGCNA_magenta","RPL31P21"
"WGCNA_magenta","RPL12P7"
"WGCNA_magenta","KRTAP19-7"
"WGCNA_magenta","GS1-24F4.2"
"WGCNA_magenta","LOC102724030"
"WGCNA_magenta","ISYNA1P1"
"WGCNA_magenta","KLF17P2"
"WGCNA_magenta","LOC100421868"
"WGCNA_magenta","SCARNA22"
"WGCNA_magenta","RASA2-IT1"
"WGCNA_magenta","EXOC1L"
"WGCNA_magenta","SLC60A2P1"
"WGCNA_magenta","RNU7-41P"
"WGCNA_magenta","SNORD116-26"
"WGCNA_magenta","RNU6-579P"
"WGCNA_magenta","IGKV2-4"
"WGCNA_magenta","LOC101927413"
"WGCNA_magenta","LOC107986448"
"WGCNA_magenta","LOC105375878"
"WGCNA_magenta","LINC01111"
"WGCNA_magenta","OR7E1P"
"WGCNA_magenta","LINC02387"
"WGCNA_magenta","TROAP-AS1"
"WGCNA_magenta","RYR3-DT"
"WGCNA_magenta","LINC02284"
"WGCNA_magenta","LOC105373223"
"WGCNA_magenta","LINC03066"
"WGCNA_magenta","RN7SL448P"
"WGCNA_magenta","MIR4755"
"WGCNA_magenta","LOC100419894"
"WGCNA_magenta","MIR5094"
"WGCNA_magenta","MIR4506"
"WGCNA_magenta","MIR3163"
"WGCNA_magenta","ZNF649-AS1"
"WGCNA_magenta","AK3P7"
"WGCNA_magenta","PCBP2P4"
"WGCNA_magenta","PRR11P1"
"WGCNA_magenta","RNA5SP386"
"WGCNA_magenta","SPANXA2-OT1"
"WGCNA_magenta","MIR6738"
"WGCNA_magenta","PRICKLE4"
"WGCNA_magenta","LOC105379507"
"WGCNA_greenyellow","NPFFR2"
"WGCNA_greenyellow","CDH3"
"WGCNA_greenyellow","CACNG4"
"WGCNA_greenyellow","BDKRB1"
"WGCNA_greenyellow","MSLN"
"WGCNA_greenyellow","HAS1"
"WGCNA_greenyellow","NMU"
"WGCNA_greenyellow","CLIC5"
"WGCNA_greenyellow","UPK1B"
"WGCNA_greenyellow","PEX5L"
"WGCNA_greenyellow","LRRN4"
"WGCNA_greenyellow","DPP6"
"WGCNA_greenyellow","GFPT2"
"WGCNA_greenyellow","ABHD12B"
"WGCNA_greenyellow","DSC3"
"WGCNA_greenyellow","SCEL"
"WGCNA_greenyellow","SULF1"
"WGCNA_greenyellow","FGF5"
"WGCNA_greenyellow","SRRM4"
"WGCNA_greenyellow","KCNH5"
"WGCNA_greenyellow","STAC2"
"WGCNA_greenyellow","CYP4B1"
"WGCNA_greenyellow","GADL1"
"WGCNA_greenyellow","CRB2"
"WGCNA_greenyellow","BMP3"
"WGCNA_greenyellow","SPRR2G"
"WGCNA_greenyellow","PDPN"
"WGCNA_greenyellow","NTNG1"
"WGCNA_greenyellow","RAET1E"
"WGCNA_greenyellow","SERPINB7"
"WGCNA_greenyellow","EPB42"
"WGCNA_greenyellow","KLK1"
"WGCNA_greenyellow","KLK5"
"WGCNA_greenyellow","KLK6"
"WGCNA_greenyellow","KLK7"
"WGCNA_greenyellow","GSG1L"
"WGCNA_greenyellow","RSPO1"
"WGCNA_greenyellow","CNGB3"
"WGCNA_greenyellow","CALB2"
"WGCNA_greenyellow","LIPM"
"WGCNA_greenyellow","GAL3ST3"
"WGCNA_greenyellow","CST6"
"WGCNA_greenyellow","GRAMD2A"
"WGCNA_greenyellow","RPRM"
"WGCNA_greenyellow","PSAPL1"
"WGCNA_greenyellow","KCTD4"
"WGCNA_greenyellow","SERTM1"
"WGCNA_greenyellow","MUC16"
"WGCNA_greenyellow","KCNA4"
"WGCNA_greenyellow","GALNT9"
"WGCNA_greenyellow","WT1-AS"
"WGCNA_greenyellow","KCTD8"
"WGCNA_greenyellow","TCEAL2"
"WGCNA_greenyellow","WT1"
"WGCNA_greenyellow","KRT5"
"WGCNA_greenyellow","SMTNL2"
"WGCNA_greenyellow","CTSE"
"WGCNA_greenyellow","PRR9"
"WGCNA_greenyellow","TCEAL6"
"WGCNA_greenyellow","LY6G6C"
"WGCNA_greenyellow","KRT6A"
"WGCNA_greenyellow","CKMT1B"
"WGCNA_greenyellow","LINC01133"
"WGCNA_greenyellow","LINC01638"
"WGCNA_greenyellow","UPK3B"
"WGCNA_greenyellow","SPRR2F"
"WGCNA_greenyellow","SERPINE3"
"WGCNA_greenyellow","LINC00165"
"WGCNA_salmon","NKAIN1"
"WGCNA_salmon","DLX5"
"WGCNA_salmon","SERPINI2"
"WGCNA_salmon","CTRL"
"WGCNA_salmon","PART1"
"WGCNA_salmon","LRRC18"
"WGCNA_salmon","DRGX"
"WGCNA_salmon","C12ORF50"
"WGCNA_salmon","OR5AU1"
"WGCNA_salmon","LOC107984399"
"WGCNA_salmon","OR7E22P"
"WGCNA_salmon","IFNE"
"WGCNA_salmon","CCIN"
"WGCNA_salmon","BMS1P9"
"WGCNA_salmon","MIRLET7I"
"WGCNA_salmon","RNY1P13"
"WGCNA_salmon","SNORA15"
"WGCNA_salmon","RNU6-1151P"
"WGCNA_salmon","MIR450A2"
"WGCNA_salmon","MIR550A3"
"WGCNA_salmon","LOC124900464"
"WGCNA_salmon","RNU6-519P"
"WGCNA_salmon","LOC105373953"
"WGCNA_salmon","VTA1P1"
"WGCNA_salmon","RNF212-DT"
"WGCNA_salmon","LINC00434"
"WGCNA_salmon","C11ORF98P3"
"WGCNA_salmon","LOC100533634"
"WGCNA_salmon","LINC00462"
"WGCNA_salmon","LINC01961"
"WGCNA_salmon","JCADP1"
"WGCNA_salmon","PSMC1P10"
"WGCNA_salmon","LINC00427"
"WGCNA_salmon","RPL7P38"
"WGCNA_salmon","RN7SL861P"
"WGCNA_salmon","LINC02226"
"WGCNA_salmon","LINC02120"
"WGCNA_salmon","HOXC-AS2"
"WGCNA_salmon","MAFA-AS1"
"WGCNA_salmon","LINC02683"
"WGCNA_salmon","MIR3692"
"WGCNA_salmon","TAF5LP1"
"WGCNA_salmon","EIF2AP3"
"WGCNA_salmon","H3C11"
"WGCNA_salmon","GSTT4"
"WGCNA_cyan","RS1"
"WGCNA_cyan","TAS2R8"
"WGCNA_cyan","FIBCD1"
"WGCNA_cyan","ST8SIA2"
"WGCNA_cyan","PROKR1"
"WGCNA_cyan","H1-8"
"WGCNA_cyan","GOLGA8G"
"WGCNA_cyan","FABP12"
"WGCNA_cyan","RD3"
"WGCNA_cyan","RNA5SP335"
"WGCNA_cyan","MIR642A"
"WGCNA_cyan","BCRP4"
"WGCNA_cyan","RNU2-62P"
"WGCNA_cyan","PVALEF"
"WGCNA_cyan","REL-DT"
"WGCNA_cyan","OR7E128P"
"WGCNA_cyan","LOC105372971"
"WGCNA_cyan","MTCYBP32"
"WGCNA_cyan","ARHGEF9-IT1"
"WGCNA_cyan","TLR8-AS1"
"WGCNA_cyan","CYP2AB1P"
"WGCNA_cyan","LEFTY3P"
"WGCNA_cyan","LINC03017"
"WGCNA_cyan","POU5F1P3"
"WGCNA_cyan","LINC01643"
"WGCNA_cyan","PTCSC2"
"WGCNA_cyan","RN7SL239P"
"WGCNA_cyan","LOC105375484"
"WGCNA_cyan","PSMC1P7"
"WGCNA_cyan","LOC100128548"
"WGCNA_cyan","SNHG27"
"WGCNA_cyan","RNA5SP288"
"WGCNA_cyan","RNU1-61P"
"WGCNA_cyan","GLYATL1P2"
"WGCNA_cyan","OR10V3P"
"WGCNA_cyan","ABCB10P4"
"WGCNA_cyan","LINC00566"
"WGCNA_cyan","RN7SL488P"
"WGCNA_cyan","RN7SL577P"
"WGCNA_cyan","LINC01538"
"WGCNA_cyan","LINC01864"
"WGCNA_cyan","VN1R87P"
"WGCNA_cyan","LOC124905527"
"WGCNA_tan","DLX2"
"WGCNA_tan","TNP1"
"WGCNA_tan","ARR3"
"WGCNA_tan","H1-3"
"WGCNA_tan","SCN1A"
"WGCNA_tan","GNG4"
"WGCNA_tan","SAGE1"
"WGCNA_tan","OR52L1"
"WGCNA_tan","TMEM215"
"WGCNA_tan","POU3F4"
"WGCNA_tan","OR52K1"
"WGCNA_tan","OR2L5"
"WGCNA_tan","LINC01460"
"WGCNA_tan","IGKV6D-41"
"WGCNA_tan","TRAJ9"
"WGCNA_tan","DTWD1P1"
"WGCNA_tan","TUBB8P2"
"WGCNA_tan","OR6B1"
"WGCNA_tan","MYBPHL"
"WGCNA_tan","RNU6-195P"
"WGCNA_tan","LOC124905176"
"WGCNA_tan","RPL19P20"
"WGCNA_tan","H3P31"
"WGCNA_tan","GACAT3"
"WGCNA_tan","LINC01732"
"WGCNA_tan","LINC01856"
"WGCNA_tan","IMP3P2"
"WGCNA_tan","RPL31P25"
"WGCNA_tan","RN7SL16P"
"WGCNA_tan","RN7SL47P"
"WGCNA_tan","LINC02753"
"WGCNA_tan","APOBEC3B-AS1"
"WGCNA_tan","PRELID3BP4"
"WGCNA_tan","RNA5SP385"
"WGCNA_tan","RNU6-1262P"
"WGCNA_tan","RN7SKP248"
"WGCNA_tan","RNA5SP61"
"WGCNA_tan","KIAA1191P2"
"WGCNA_tan","MIR5699"
"WGCNA_tan","MIR5706"
"WGCNA_tan","MIR3146"
"WGCNA_tan","RN7SL220P"
"WGCNA_tan","KLF2-DT"
"WGCNA_tan","LOC780529"
"WGCNA_tan","MIR6747"
"WGCNA_tan","C17ORF78"
"WGCNA_tan","MIR8070"
"WGCNA_tan","C18ORF15"
"WGCNA_lightcyan","DMRTA2"
"WGCNA_lightcyan","VWA5B1"
"WGCNA_lightcyan","FCRL4"
"WGCNA_lightcyan","MUCL3"
"WGCNA_lightcyan","OR51A7"
"WGCNA_lightcyan","ALOX12B"
"WGCNA_lightcyan","OVCH2"
"WGCNA_lightcyan","ANGPTL5"
"WGCNA_lightcyan","PLA2G2C"
"WGCNA_lightcyan","SHISA6"
"WGCNA_lightcyan","RNU5A-1"
"WGCNA_lightcyan","RNU6-82P"
"WGCNA_lightcyan","RN7SKP50"
"WGCNA_lightcyan","IGFL4"
"WGCNA_lightcyan","LOC124900553"
"WGCNA_lightcyan","LOC401703"
"WGCNA_lightcyan","RPS15P7"
"WGCNA_lightcyan","MIR1289-1"
"WGCNA_lightcyan","RN7SKP127"
"WGCNA_lightcyan","SLC9A3P3"
"WGCNA_lightcyan","RPL19P2"
"WGCNA_lightcyan","OR55B1P"
"WGCNA_lightcyan","SYNPR-AS1"
"WGCNA_lightcyan","LOC100422188"
"WGCNA_lightcyan","RNU7-124P"
"WGCNA_lightcyan","LOC124900321"
"WGCNA_lightcyan","LOC124902337"
"WGCNA_lightcyan","OR52B2"
"WGCNA_lightcyan","HIF1AP1"
"WGCNA_lightcyan","LINC02622"
"WGCNA_lightcyan","MIR3161"
"WGCNA_lightcyan","MIR4796"
"WGCNA_lightcyan","MIR1273C"
"WGCNA_lightcyan","LINC01029"
"WGCNA_lightcyan","ACTG1P22"
"WGCNA_midnightblue","SPATA16"
"WGCNA_midnightblue","ZNF560"
"WGCNA_midnightblue","CCT8L2"
"WGCNA_midnightblue","HMGB1P39"
"WGCNA_midnightblue","MIR558"
"WGCNA_midnightblue","TRAJ8"
"WGCNA_midnightblue","IGHD3-22"
"WGCNA_midnightblue","RNU1-78P"
"WGCNA_midnightblue","RPL13P6"
"WGCNA_midnightblue","RPL13AP13"
"WGCNA_midnightblue","HNRNPA3P17"
"WGCNA_midnightblue","GNL3LP1"
"WGCNA_midnightblue","RNU5E-9P"
"WGCNA_midnightblue","LINC00237"
"WGCNA_midnightblue","RPL26P34"
"WGCNA_midnightblue","KRT18P24"
"WGCNA_midnightblue","FAF2P1"
"WGCNA_midnightblue","RPS24P10"
"WGCNA_midnightblue","RPL13AP"
"WGCNA_midnightblue","MRPL35P2"
"WGCNA_midnightblue","LDHBP1"
"WGCNA_midnightblue","LOC101928196"
"WGCNA_midnightblue","UBOX5-AS1"
"WGCNA_midnightblue","LINC02263"
"WGCNA_midnightblue","LOC100506271"
"WGCNA_midnightblue","LOC124906348"
"WGCNA_midnightblue","RN7SL681P"
"WGCNA_midnightblue","LOC124909383"
"WGCNA_midnightblue","LINC02103"
"WGCNA_midnightblue","LOC100286997"
"WGCNA_midnightblue","LOC100533628"
"WGCNA_midnightblue","LOC105371006"
"WGCNA_midnightblue","CDR2-DT"
"WGCNA_midnightblue","RN7SL470P"
"WGCNA_midnightblue","TOMM20P3"
"WGCNA_midnightblue","MIR3667"
"WGCNA_midnightblue","MIR378D2HG"
"WGCNA_midnightblue","MIR4482"
"WGCNA_midnightblue","ARHGAP19-SLIT1"
"WGCNA_midnightblue","MIR6508"
