"relative_path","baseline_sha256","final_sha256","baseline_size_bytes","final_size_bytes","hash_status","error"
"01_raw_data\cognitive_impairment_AD\GSE33000\expression_matrix.rds","2f5e32fe869b7fc0d0e9a7be0fac15b0d553948a1430dbaedd657c1c5bebd864","2f5e32fe869b7fc0d0e9a7be0fac15b0d553948a1430dbaedd657c1c5bebd864","163781216","163781216","unchanged",""
"01_raw_data\cognitive_impairment_AD\GSE33000\pheno_data.rds","18c2b66e8e4f0e10a62caf120d87a66f7dd44fb4ed62c540ba023a3e0e80efb2","18c2b66e8e4f0e10a62caf120d87a66f7dd44fb4ed62c540ba023a3e0e80efb2","25041","25041","unchanged",""
"01_raw_data\cognitive_impairment_AD\GSE48350\expression_matrix.rds","bcb5fee3dff1d33515aef497d121d03fa0351715a23b709753d0a4cbe8ee692b","bcb5fee3dff1d33515aef497d121d03fa0351715a23b709753d0a4cbe8ee692b","100180978","100180978","unchanged",""
"01_raw_data\cognitive_impairment_AD\GSE48350\pheno_data.rds","312f64767a72e50b7af01441f37630b6ca78befaf69fa1e53121f3f9fa858df2","312f64767a72e50b7af01441f37630b6ca78befaf69fa1e53121f3f9fa858df2","12970","12970","unchanged",""
"01_raw_data\cognitive_impairment_AD\GSE5281\expression_matrix.rds","5b7346aac7e25abef5b3667c8db4534d84f02f0f41adb585ce1bc9f32963bf6b","5b7346aac7e25abef5b3667c8db4534d84f02f0f41adb585ce1bc9f32963bf6b","47066246","47066246","unchanged",""
"01_raw_data\cognitive_impairment_AD\GSE5281\pheno_data.rds","f4d6fb2e3b13511963b8a6e21ea6caad27027bbf01b9497a990db0d90df47c41","f4d6fb2e3b13511963b8a6e21ea6caad27027bbf01b9497a990db0d90df47c41","9433","9433","unchanged",""
"01_raw_data\cognitive_impairment_AD\supplementary\GSE33000\GSE33000_raw_data.txt","263ad6752528808c8f521bfef0f08acd757574d846559ff04b4e8cf06532c85d","263ad6752528808c8f521bfef0f08acd757574d846559ff04b4e8cf06532c85d","133878602","133878602","unchanged",""
"01_raw_data\cognitive_impairment_AD\supplementary\GSE33000\GSE33000_raw_data.txt.gz","f738bc6bd86ead912f791a50738140f9bd4108ba1d6d0c62657624c8291257a5","f738bc6bd86ead912f791a50738140f9bd4108ba1d6d0c62657624c8291257a5","133858256","133858256","unchanged",""
"01_raw_data\cognitive_impairment_AD\supplementary\GSE48350\GSE48350_RAW.tar","bf32bec0a4bb7d676eacafd65ed9a03cfe8d2fcbc869fc3e67be9849374e47a0","bf32bec0a4bb7d676eacafd65ed9a03cfe8d2fcbc869fc3e67be9849374e47a0","1296158720","1296158720","unchanged",""
"01_raw_data\cognitive_impairment_AD\supplementary\GSE48350\GSE48350_RAW\GSM1176196_1105A-08_EC_48_Affy.CEL.gz","80598ffece470a447a9380f4b86e5495a0e24e79faa7de57266351677b1dd008","80598ffece470a447a9380f4b86e5495a0e24e79faa7de57266351677b1dd008","5401844","5401844","unchanged",""
"01_raw_data\cognitive_impairment_AD\supplementary\GSE48350\GSE48350_RAW\GSM1176197_1105A-08_EC_15.CEL.gz","64c786c748c5e424befce6936a0c6df12d0383ba129f4c3f3942037bb9e0c65f","64c786c748c5e424befce6936a0c6df12d0383ba129f4c3f3942037bb9e0c65f","4980682","4980682","unchanged",""
"01_raw_data\cognitive_impairment_AD\supplementary\GSE48350\GSE48350_RAW\GSM1176198_1205A-07_EC-09_AffyHyb.CEL.gz","8b3e0e98afd4264f44c17e75ac982ab2b6822a6f441e9049efbcf204837e6935","8b3e0e98afd4264f44c17e75ac982ab2b6822a6f441e9049efbcf204837e6935","5213650","5213650","unchanged",""
"01_raw_data\cognitive_impairment_AD\supplementary\GSE48350\GSE48350_RAW\GSM1176199_1205A-07_EC-24_AffyHyb.CEL.gz","d35e24bb5892a22ecf667d835dce139c2e1a034915c5acae6f7b7048c0ec8afe","d35e24bb5892a22ecf667d835dce139c2e1a034915c5acae6f7b7048c0ec8afe","5234486","5234486","unchanged",""
"01_raw_data\cognitive_impairment_AD\supplementary\GSE48350\GSE48350_RAW\GSM1176200_1205A-07-EC-36_AffyHyb.CEL.gz","f39afe30c879ce9f5b58171221355f5ae3f4a038e5caeea6c0ba2c955289f71d","f39afe30c879ce9f5b58171221355f5ae3f4a038e5caeea6c0ba2c955289f71d","4999730","4999730","unchanged",""
"01_raw_data\cognitive_impairment_AD\supplementary\GSE48350\GSE48350_RAW\GSM1176201_1205A-07_EC-06_AffyHyb.CEL.gz","5c663026cd170ab1cfccbc8a7e459c8c7c717975059af09c616b386434fab40a","5c663026cd170ab1cfccbc8a7e459c8c7c717975059af09c616b386434fab40a","5062578","5062578","unchanged",""
"01_raw_data\cognitive_impairment_AD\supplementary\GSE48350\GSE48350_RAW\GSM1176202_1105A-08_EC_75_Affy.CEL.gz","3dc2bc78b40b5058da84ea8518e9d64d794db78c63b7c9feba43931c1f73f8c8","3dc2bc78b40b5058da84ea8518e9d64d794db78c63b7c9feba43931c1f73f8c8","4917957","4917957","unchanged",""
"01_raw_data\cognitive_impairment_AD\supplementary\GSE48350\GSE48350_RAW\GSM1176203_1105A-08_EC_11.CEL.gz","38fd4aa6ee85af30d298ebc7e7825ca21d6181cea0705f51ef2c029921971eb3","38fd4aa6ee85af30d298ebc7e7825ca21d6181cea0705f51ef2c029921971eb3","4879087","4879087","unchanged",""
"01_raw_data\cognitive_impairment_AD\supplementary\GSE48350\GSE48350_RAW\GSM1176204_1205A-07-EC-69_AffyHyb.CEL.gz","fd770209d026817d09687532f5dbc437d3eebcb48120c2bd40f1412f40484462","fd770209d026817d09687532f5dbc437d3eebcb48120c2bd40f1412f40484462","4975086","4975086","unchanged",""
"01_raw_data\cognitive_impairment_AD\supplementary\GSE48350\GSE48350_RAW\GSM1176205_1105A-08_EC_51.CEL.gz","9f653f73012d8327d5b9af9b852db729de3b0efbf404c585dd5ee30cf470955c","9f653f73012d8327d5b9af9b852db729de3b0efbf404c585dd5ee30cf470955c","5037446","5037446","unchanged",""
"01_raw_data\cognitive_impairment_AD\supplementary\GSE48350\GSE48350_RAW\GSM1176206_1105A-08_EC_74.CEL.gz","4473fa080f085d39bc003f6208db2621ee6572bb9293af961d151725482268fd","4473fa080f085d39bc003f6208db2621ee6572bb9293af961d151725482268fd","4956324","4956324","unchanged",""
"01_raw_data\cognitive_impairment_AD\supplementary\GSE48350\GSE48350_RAW\GSM1176207_1105A-08_EC_92_Affy.CEL.gz","4d5856691d86dcb7c19f1a5dcc860dfc3f8a9f62d3da7480f9f69e000d5ee29a","4d5856691d86dcb7c19f1a5dcc860dfc3f8a9f62d3da7480f9f69e000d5ee29a","4984145","4984145","unchanged",""
"01_raw_data\cognitive_impairment_AD\supplementary\GSE48350\GSE48350_RAW\GSM1176208_1205A-07_EC-19_AffyHyb.CEL.gz","ad7f0eee80c9c889e164b00fd7822d9d51226061b1b7e4b978472f3b425a2c5b","ad7f0eee80c9c889e164b00fd7822d9d51226061b1b7e4b978472f3b425a2c5b","5188195","5188195","unchanged",""
"01_raw_data\cognitive_impairment_AD\supplementary\GSE48350\GSE48350_RAW\GSM1176209_0606A-05_EC_05_AffyHyb.CEL.gz","e2361120e0da87fd172897df610c484db761674b2244737cbb8142f6345313fc","e2361120e0da87fd172897df610c484db761674b2244737cbb8142f6345313fc","5161560","5161560","unchanged",""
"01_raw_data\cognitive_impairment_AD\supplementary\GSE48350\GSE48350_RAW\GSM1176210_0606A-05_EC_90_AffyHyb.CEL.gz","9f5023f525e139c16f40048dda466c494b1d6aae8bde15d330ef87511883a7fb","9f5023f525e139c16f40048dda466c494b1d6aae8bde15d330ef87511883a7fb","4915102","4915102","unchanged",""
"01_raw_data\cognitive_impairment_AD\supplementary\GSE48350\GSE48350_RAW\GSM1176211_1105A-08_HC-20_Affy_2.CEL.gz","c2d560197e65ccc1595b5c304bbfc3f95839d3b7ad05ef003e6599b9cbfff532","c2d560197e65ccc1595b5c304bbfc3f95839d3b7ad05ef003e6599b9cbfff532","5329191","5329191","unchanged",""
"01_raw_data\cognitive_impairment_AD\supplementary\GSE48350\GSE48350_RAW\GSM1176212_1105A-08_HC_37.CEL.gz","f7c61ba829343af780460d032aa18dd092cbadcb75ef1754dba8a3b6d2920696","f7c61ba829343af780460d032aa18dd092cbadcb75ef1754dba8a3b6d2920696","4968882","4968882","unchanged",""
"01_raw_data\cognitive_impairment_AD\supplementary\GSE48350\GSE48350_RAW\GSM1176213_1205A-07_HC-48_AffyHyb.CEL.gz","d2f558462a6e800a9d98b1dd85db83adb8818a508330dfdf9a87bdff078befbb","d2f558462a6e800a9d98b1dd85db83adb8818a508330dfdf9a87bdff078befbb","5278259","5278259","unchanged",""
"01_raw_data\cognitive_impairment_AD\supplementary\GSE48350\GSE48350_RAW\GSM1176214_1205A-07-HC-16_AffyHyb.CEL.gz","0c3779f3aabf6792ce6ea6578f8861bc234c9789e3b327213d1a3751a32b57b2","0c3779f3aabf6792ce6ea6578f8861bc234c9789e3b327213d1a3751a32b57b2","4840612","4840612","unchanged",""
"01_raw_data\cognitive_impairment_AD\supplementary\GSE48350\GSE48350_RAW\GSM1176215_1105A-08_HC_15.CEL.gz","127c6c9f6f075af509d616572c020b1f17dd5cc7de55bcacf5338e6ca2f683ce","127c6c9f6f075af509d616572c020b1f17dd5cc7de55bcacf5338e6ca2f683ce","4975990","4975990","unchanged",""
"01_raw_data\cognitive_impairment_AD\supplementary\GSE48350\GSE48350_RAW\GSM1176216_1105A-08_HC_24.CEL.gz","8eed7565de2d236543fd55bf43b4533b4c33acbeedbdc64f641eb0f4108a8ee1","8eed7565de2d236543fd55bf43b4533b4c33acbeedbdc64f641eb0f4108a8ee1","4929164","4929164","unchanged",""
"01_raw_data\cognitive_impairment_AD\supplementary\GSE48350\GSE48350_RAW\GSM1176217_0606A-05_HC_23_AffyHyb.CEL.gz","e73e6a86442fbbd2f510c6e88c88756b46489e5443b8ccfeeccc98c38e819e4a","e73e6a86442fbbd2f510c6e88c88756b46489e5443b8ccfeeccc98c38e819e4a","4948133","4948133","unchanged",""
"01_raw_data\cognitive_impairment_AD\supplementary\GSE48350\GSE48350_RAW\GSM1176218_0606A-05_HC_36_AffyHyb.CEL.gz","cf0033fa7156e92e638aa60e544f410f76b787ccee43a878956e4f699642be8e","cf0033fa7156e92e638aa60e544f410f76b787ccee43a878956e4f699642be8e","5013243","5013243","unchanged",""
"01_raw_data\cognitive_impairment_AD\supplementary\GSE48350\GSE48350_RAW\GSM1176219_1105A-08_HC-75_Affy.CEL.gz","4de669acb14a15928952ed584a73332bed5fc246090fb2339c248a8b021c5445","4de669acb14a15928952ed584a73332bed5fc246090fb2339c248a8b021c5445","5213856","5213856","unchanged",""
"01_raw_data\cognitive_impairment_AD\supplementary\GSE48350\GSE48350_RAW\GSM1176220_1105A-08_HC-11_Affy.CEL.gz","99200de4776142c9da1a9800d9a72e32ffed60facb5404e338da25a8867e7f9f","99200de4776142c9da1a9800d9a72e32ffed60facb5404e338da25a8867e7f9f","5081046","5081046","unchanged",""
"01_raw_data\cognitive_impairment_AD\supplementary\GSE48350\GSE48350_RAW\GSM1176221_1105A-08_HC_33_Affy.CEL.gz","de15219c7e19fd2737c9fa2911dcdd24843f369dc3bff943c2b43717090c0f5e","de15219c7e19fd2737c9fa2911dcdd24843f369dc3bff943c2b43717090c0f5e","5080744","5080744","unchanged",""
"01_raw_data\cognitive_impairment_AD\supplementary\GSE48350\GSE48350_RAW\GSM1176222_1105A-08_HC-69_Affy.CEL.gz","1ec7850ef26b5515dfb1bdf2de1468ebe0b20161edba91a79c5c422a1779146e","1ec7850ef26b5515dfb1bdf2de1468ebe0b20161edba91a79c5c422a1779146e","5322401","5322401","unchanged",""
"01_raw_data\cognitive_impairment_AD\supplementary\GSE48350\GSE48350_RAW\GSM1176223_0606A-05_HC_07_AffyHyb.CEL.gz","051595ba2b8cf2a92c2ce93d68c9533d4c6c46142d523ec66c3f5ae25179af96","051595ba2b8cf2a92c2ce93d68c9533d4c6c46142d523ec66c3f5ae25179af96","4792804","4792804","unchanged",""
"01_raw_data\cognitive_impairment_AD\supplementary\GSE48350\GSE48350_RAW\GSM1176224_1205A-07_HC-43_AffyHyb.CEL.gz","674a30e8bae27002ca7346613940726cbc14d16bd35488f820a9a783c3a68474","674a30e8bae27002ca7346613940726cbc14d16bd35488f820a9a783c3a68474","5100201","5100201","unchanged",""
"01_raw_data\cognitive_impairment_AD\supplementary\GSE48350\GSE48350_RAW\GSM1176225_1105A-08_HC-51_Affy.CEL.gz","90312afa810109b53d68ede7fdd1e7854161da1d0611beae2b200cd086a232f3","90312afa810109b53d68ede7fdd1e7854161da1d0611beae2b200cd086a232f3","5204777","5204777","unchanged",""
"01_raw_data\cognitive_impairment_AD\supplementary\GSE48350\GSE48350_RAW\GSM1176226_1105A-08_HC_92_Affy.CEL.gz","5fa038efbd38a2b7a12424cefb16af0f12cf44badf625f38b7b5e81a5ed9d06a","5fa038efbd38a2b7a12424cefb16af0f12cf44badf625f38b7b5e81a5ed9d06a","5150821","5150821","unchanged",""
"01_raw_data\cognitive_impairment_AD\supplementary\GSE48350\GSE48350_RAW\GSM1176227_1205A-07_HC-19_AffyHyb.CEL.gz","358fd4beaee8438bb41d08d65d008a41091975cec0578618c39d11dbc88b417d","358fd4beaee8438bb41d08d65d008a41091975cec0578618c39d11dbc88b417d","5279100","5279100","unchanged",""
"01_raw_data\cognitive_impairment_AD\supplementary\GSE48350\GSE48350_RAW\GSM1176228_0606A-05_HC_05_AffyHyb.CEL.gz","e12c67293d67f173d513b78067f7c5e022f87e4e786728d7311fc11caae00bb1","e12c67293d67f173d513b78067f7c5e022f87e4e786728d7311fc11caae00bb1","4966108","4966108","unchanged",""
"01_raw_data\cognitive_impairment_AD\supplementary\GSE48350\GSE48350_RAW\GSM1176229_1205A-07-HC-90_AffyHyb.CEL.gz","d94a63c95c2175add5686134301cc56bc6bdc1440a4a3322ad279c94a1aed2c8","d94a63c95c2175add5686134301cc56bc6bdc1440a4a3322ad279c94a1aed2c8","5058641","5058641","unchanged",""
"01_raw_data\cognitive_impairment_AD\supplementary\GSE48350\GSE48350_RAW\GSM1176230_0606A-05_PCG_20_AffyHyb.CEL.gz","d54603b7f01a0da51e026e5969f7746c8d014a684cded4a49ce72b6c9a9510fd","d54603b7f01a0da51e026e5969f7746c8d014a684cded4a49ce72b6c9a9510fd","5091553","5091553","unchanged",""
"01_raw_data\cognitive_impairment_AD\supplementary\GSE48350\GSE48350_RAW\GSM1176231_1205A-07_PCG-37_AffyHyb.CEL.gz","d7ee4b5eb215b5c819f1bb7273ee1b0225a44d3605b8499a1e37a14962089271","d7ee4b5eb215b5c819f1bb7273ee1b0225a44d3605b8499a1e37a14962089271","5004203","5004203","unchanged",""
"01_raw_data\cognitive_impairment_AD\supplementary\GSE48350\GSE48350_RAW\GSM1176232_1105A-08_PCG_48_Affy.CEL.gz","d9d91bf83f087c44e41bd189d5d994ca7f6ed66156f35b202e82193c8c7317d8","d9d91bf83f087c44e41bd189d5d994ca7f6ed66156f35b202e82193c8c7317d8","5112848","5112848","unchanged",""
"01_raw_data\cognitive_impairment_AD\supplementary\GSE48350\GSE48350_RAW\GSM1176233_1105A-08_PCG_15_Affy.CEL.gz","c753ca10708a3e6946fb38000fc7472dcc57b3912ecbee8f780dc037a88e8a8c","c753ca10708a3e6946fb38000fc7472dcc57b3912ecbee8f780dc037a88e8a8c","5148048","5148048","unchanged",""
"01_raw_data\cognitive_impairment_AD\supplementary\GSE48350\GSE48350_RAW\GSM1176234_1105A-08_PCG_13_Affy.CEL.gz","5ad4b09c26d1c42b6b02d32d816220566451ec85fd5844c953c5d8456649a102","5ad4b09c26d1c42b6b02d32d816220566451ec85fd5844c953c5d8456649a102","5065513","5065513","unchanged",""
"01_raw_data\cognitive_impairment_AD\supplementary\GSE48350\GSE48350_RAW\GSM1176235_0606A-05_PCG_09_AffyHyb.CEL.gz","612fe3e38cbfe990bea856c876c1d0aa25da1e09c4b6d83ec7e6e4f24b4ee0f4","612fe3e38cbfe990bea856c876c1d0aa25da1e09c4b6d83ec7e6e4f24b4ee0f4","5128050","5128050","unchanged",""
"01_raw_data\cognitive_impairment_AD\supplementary\GSE48350\GSE48350_RAW\GSM1176236_0306A-02_PCG-24_AffyHyb.CEL.gz","21eb06c4d0f70a8f22acd9e45ef69165c5af849894600af5593d6705ea9beb49","21eb06c4d0f70a8f22acd9e45ef69165c5af849894600af5593d6705ea9beb49","5128225","5128225","unchanged",""
"01_raw_data\cognitive_impairment_AD\supplementary\GSE48350\GSE48350_RAW\GSM1176237_0606A-05_PCG_57_AffyHyb.CEL.gz","4151c96c608ab0a2643459dbf9aaa7391547ebdf1ee2ae73100ed5dfa1af57e1","4151c96c608ab0a2643459dbf9aaa7391547ebdf1ee2ae73100ed5dfa1af57e1","4899164","4899164","unchanged",""
"01_raw_data\cognitive_impairment_AD\supplementary\GSE48350\GSE48350_RAW\GSM1176238_1205A-07_PCG-23_AffyHyb.CEL.gz","953e69c27b798cbfa2f4d3d9256b91104f59a9e8fa4a13107233c7404b41fbcc","953e69c27b798cbfa2f4d3d9256b91104f59a9e8fa4a13107233c7404b41fbcc","4951616","4951616","unchanged",""
"01_raw_data\cognitive_impairment_AD\supplementary\GSE48350\GSE48350_RAW\GSM1176239_1105A-08_PCG_36.CEL.gz","accc8cf8ba5a5cffdbb46930b2e3df7718361a023f6407c65add2a134d04e5e0","accc8cf8ba5a5cffdbb46930b2e3df7718361a023f6407c65add2a134d04e5e0","5087879","5087879","unchanged",""
"01_raw_data\cognitive_impairment_AD\supplementary\GSE48350\GSE48350_RAW\GSM1176240_1205A-07_PCG-06_AffyHyb.CEL.gz","8ba01ba01316005d3be1e2b39082410eb75c173d33d168b7806a302633f9d45c","8ba01ba01316005d3be1e2b39082410eb75c173d33d168b7806a302633f9d45c","5164514","5164514","unchanged",""
"01_raw_data\cognitive_impairment_AD\supplementary\GSE48350\GSE48350_RAW\GSM1176241_1205A-07_PCG-75_AffyHyb.CEL.gz","a2de5bb48f154fced23602fab42adc88b0c095a4fb8046b4a18df0acb9dfdf5d","a2de5bb48f154fced23602fab42adc88b0c095a4fb8046b4a18df0acb9dfdf5d","5123618","5123618","unchanged",""
"01_raw_data\cognitive_impairment_AD\supplementary\GSE48350\GSE48350_RAW\GSM1176242_1105A-08_PCG_11_Affy.CEL.gz","501a18aa94f9b434b79a3d6996673ac204cf32541c7e0f139e01a80c04179a83","501a18aa94f9b434b79a3d6996673ac204cf32541c7e0f139e01a80c04179a83","5197697","5197697","unchanged",""
"01_raw_data\cognitive_impairment_AD\supplementary\GSE48350\GSE48350_RAW\GSM1176243_1205A-07_PCG-70_AffyHyb.CEL.gz","45d3fb1200801e840c1b1db9de783e64832d3cb2deee010832e33d6af4b37392","45d3fb1200801e840c1b1db9de783e64832d3cb2deee010832e33d6af4b37392","5009919","5009919","unchanged",""
"01_raw_data\cognitive_impairment_AD\supplementary\GSE48350\GSE48350_RAW\GSM1176244_1205A-07_PCG-64_AffyHyb.CEL.gz","943fbc9bd1bf416d41099b44703c4381c78725a9a11950091c9d0b7b136502e7","943fbc9bd1bf416d41099b44703c4381c78725a9a11950091c9d0b7b136502e7","4875414","4875414","unchanged",""
"01_raw_data\cognitive_impairment_AD\supplementary\GSE48350\GSE48350_RAW\GSM1176245_1105A-08_PCG_33_Affy.CEL.gz","722a4b386b488e0e35a4182a0b4002f1ffea9297b77f0994e7dcc03b1c73a1f6","722a4b386b488e0e35a4182a0b4002f1ffea9297b77f0994e7dcc03b1c73a1f6","5210883","5210883","unchanged",""
"01_raw_data\cognitive_impairment_AD\supplementary\GSE48350\GSE48350_RAW\GSM1176246_1205A-07_PCG-69_AffyHyb.CEL.gz","6a7a1ccdc4bea8e2dcf05070bbbb7b8dc556f79310edd376159e2a8cacb250c4","6a7a1ccdc4bea8e2dcf05070bbbb7b8dc556f79310edd376159e2a8cacb250c4","5121066","5121066","unchanged",""
"01_raw_data\cognitive_impairment_AD\supplementary\GSE48350\GSE48350_RAW\GSM1176247_1205A-07_PCG-07_AffyHyb.CEL.gz","fd37f88d75689d1210156eba6e752247b6ac0b745a5fa0043ecef682d5778863","fd37f88d75689d1210156eba6e752247b6ac0b745a5fa0043ecef682d5778863","5044183","5044183","unchanged",""
"01_raw_data\cognitive_impairment_AD\supplementary\GSE48350\GSE48350_RAW\GSM1176248_1105A-08_PCG_51_Affy.CEL.gz","ff27a191487109a62147dbe204d2b99dfe874740a296465a97b6472949a20998","ff27a191487109a62147dbe204d2b99dfe874740a296465a97b6472949a20998","5325071","5325071","unchanged",""
"01_raw_data\cognitive_impairment_AD\supplementary\GSE48350\GSE48350_RAW\GSM1176249_1205A-07_PCG-74_AffyHyb.CEL.gz","70361d375cbeec4f361e4bd6a6c7e83ed95e59027055b9c31573906caede77e9","70361d375cbeec4f361e4bd6a6c7e83ed95e59027055b9c31573906caede77e9","5037620","5037620","unchanged",""
"01_raw_data\cognitive_impairment_AD\supplementary\GSE48350\GSE48350_RAW\GSM1176250_1205A-07_PCG-92_AffyHyb.CEL.gz","c87011a2def74cacc7d139e7affdb2034f431765be67ffb0564a6d053cc35ee9","c87011a2def74cacc7d139e7affdb2034f431765be67ffb0564a6d053cc35ee9","5001732","5001732","unchanged",""
"01_raw_data\cognitive_impairment_AD\supplementary\GSE48350\GSE48350_RAW\GSM1176251_0606A-05_PCG_19_AffyHyb.CEL.gz","9c02c18765bd9d545eb77f59aad5f24e299dcc231509c1cc0aaf52a75913f894","9c02c18765bd9d545eb77f59aad5f24e299dcc231509c1cc0aaf52a75913f894","5160984","5160984","unchanged",""
"01_raw_data\cognitive_impairment_AD\supplementary\GSE48350\GSE48350_RAW\GSM1176252_1105A-08_PCG-44_Affy.CEL.gz","ddc2c9c77e1101af6a153f86b9d6d599b11a63af10c42fc2df54dc1a68c49fc9","ddc2c9c77e1101af6a153f86b9d6d599b11a63af10c42fc2df54dc1a68c49fc9","5255913","5255913","unchanged",""
"01_raw_data\cognitive_impairment_AD\supplementary\GSE48350\GSE48350_RAW\GSM1176253_0306A-02_PCG-05_AffyHyb.CEL.gz","f83b1071f4791ffa4fef30275856ab2b8c4f88c6ae822c7bcad082719d308d30","f83b1071f4791ffa4fef30275856ab2b8c4f88c6ae822c7bcad082719d308d30","5336778","5336778","unchanged",""
"01_raw_data\cognitive_impairment_AD\supplementary\GSE48350\GSE48350_RAW\GSM1176254_1205A-07_PCG-90_AffyHyb.CEL.gz","929b7583965d8e2414a5152e96fa38c410fb4c2c16d6d3ad17dc3f2e18a164ac","929b7583965d8e2414a5152e96fa38c410fb4c2c16d6d3ad17dc3f2e18a164ac","5119461","5119461","unchanged",""
"01_raw_data\cognitive_impairment_AD\supplementary\GSE48350\GSE48350_RAW\GSM1176255_1205A-07_SG-37_AffyHyb.CEL.gz","274da198c6e8de0af6875a55450c277310701e1c0700fc891d3263e7ad240f96","274da198c6e8de0af6875a55450c277310701e1c0700fc891d3263e7ad240f96","4889596","4889596","unchanged",""
"01_raw_data\cognitive_impairment_AD\supplementary\GSE48350\GSE48350_RAW\GSM1176256_1105A-08_SG-48_Affy.CEL.gz","c27b3b98e1a978e49b7663592f14097ab3ed5e586ed0e573de2785ef89e5cdd5","c27b3b98e1a978e49b7663592f14097ab3ed5e586ed0e573de2785ef89e5cdd5","5300741","5300741","unchanged",""
"01_raw_data\cognitive_impairment_AD\supplementary\GSE48350\GSE48350_RAW\GSM1176257_0306A-02_SG-15_AffyHyb.CEL.gz","f7d7259edf75934c7532a760b20a2983c1b0e60186d9ff6f942c21874d54b086","f7d7259edf75934c7532a760b20a2983c1b0e60186d9ff6f942c21874d54b086","5221719","5221719","unchanged",""
"01_raw_data\cognitive_impairment_AD\supplementary\GSE48350\GSE48350_RAW\GSM1176258_1005A02_SG-9_AffyHyb.CEL.gz","a2ebaeb50ccafe2cb93ce64f7a816a1baab7a9417a92b880953f61477100d77b","a2ebaeb50ccafe2cb93ce64f7a816a1baab7a9417a92b880953f61477100d77b","5118239","5118239","unchanged",""
"01_raw_data\cognitive_impairment_AD\supplementary\GSE48350\GSE48350_RAW\GSM1176259_0306A-02_SG-24_AffyHyb.CEL.gz","e983a996e86307b8e6e8cf202cbb0054cb1c4e8fea87b79215af8d9cace4484c","e983a996e86307b8e6e8cf202cbb0054cb1c4e8fea87b79215af8d9cace4484c","5505024","5505024","unchanged",""
"01_raw_data\cognitive_impairment_AD\supplementary\GSE48350\GSE48350_RAW\GSM1176260_0606A-05_SG_57_AffyHyb.CEL.gz","0e6fa0b5dfd6614ec687c981160ab46a474d2da6b6b7540b08cf05ba939fd77e","0e6fa0b5dfd6614ec687c981160ab46a474d2da6b6b7540b08cf05ba939fd77e","4793840","4793840","unchanged",""
"01_raw_data\cognitive_impairment_AD\supplementary\GSE48350\GSE48350_RAW\GSM1176261_0606A-05_SG_91_AffyHyb.CEL.gz","4d17c5b3bfce44de579ac3569cd01859f16693dc01a0626db74bdfd189d6fba5","4d17c5b3bfce44de579ac3569cd01859f16693dc01a0626db74bdfd189d6fba5","4974773","4974773","unchanged",""
"01_raw_data\cognitive_impairment_AD\supplementary\GSE48350\GSE48350_RAW\GSM1176262_1205A-07_SG-23_AffyHyb.CEL.gz","f17718fbda2f59322f3dd1a979c4deb6e456b95f052d6d03323e6982782d40e7","f17718fbda2f59322f3dd1a979c4deb6e456b95f052d6d03323e6982782d40e7","5075244","5075244","unchanged",""
"01_raw_data\cognitive_impairment_AD\supplementary\GSE48350\GSE48350_RAW\GSM1176263_1005A02_SG-36_AffyHyb.CEL.gz","8c91838ad1ea265e3867ca24a405efb0247fe370170a613b846d7a4e649c2e8a","8c91838ad1ea265e3867ca24a405efb0247fe370170a613b846d7a4e649c2e8a","4861314","4861314","unchanged",""
"01_raw_data\cognitive_impairment_AD\supplementary\GSE48350\GSE48350_RAW\GSM1176264_1005A02_SG-6_AffyHyb.CEL.gz","0b8d5d466a083ea10277e1aff9ddc00798e536e60524a4414c677d441f7d5ef6","0b8d5d466a083ea10277e1aff9ddc00798e536e60524a4414c677d441f7d5ef6","5200992","5200992","unchanged",""
"01_raw_data\cognitive_impairment_AD\supplementary\GSE48350\GSE48350_RAW\GSM1176265_1105A02_SG-75_AffyHyb.CEL.gz","96e5812139644d905d519f6cef71a668742c3ad474d0519acde79b41a1448765","96e5812139644d905d519f6cef71a668742c3ad474d0519acde79b41a1448765","5132198","5132198","unchanged",""
"01_raw_data\cognitive_impairment_AD\supplementary\GSE48350\GSE48350_RAW\GSM1176266_1105A02_SG-11_AffyHyb.CEL.gz","3517e679a23a16759840fd5add288516bc366e56d81d96910847a21f7215e82e","3517e679a23a16759840fd5add288516bc366e56d81d96910847a21f7215e82e","5214448","5214448","unchanged",""
"01_raw_data\cognitive_impairment_AD\supplementary\GSE48350\GSE48350_RAW\GSM1176267_1105A02_SG-70_AffyHyb.CEL.gz","261e4fa00b803371950d48918186b7674de5e039cf5bcc683e935820cb3ba33b","261e4fa00b803371950d48918186b7674de5e039cf5bcc683e935820cb3ba33b","5067675","5067675","unchanged",""
"01_raw_data\cognitive_impairment_AD\supplementary\GSE48350\GSE48350_RAW\GSM1176268_1205A-07_SG-64_AffyHyb.CEL.gz","156ad63985ba2b994378192fc476933048b1f1ab2e7ffeb2cbdf6982d72bee73","156ad63985ba2b994378192fc476933048b1f1ab2e7ffeb2cbdf6982d72bee73","4942351","4942351","unchanged",""
"01_raw_data\cognitive_impairment_AD\supplementary\GSE48350\GSE48350_RAW\GSM1176269_1005A02_SG-33_AffyHyb.CEL.gz","51c9f465ca9661dc7b5b9c01dc849650e545c0582867076c9d96818f9e5cac69","51c9f465ca9661dc7b5b9c01dc849650e545c0582867076c9d96818f9e5cac69","4879911","4879911","unchanged",""
"01_raw_data\cognitive_impairment_AD\supplementary\GSE48350\GSE48350_RAW\GSM1176270_1105A-08_SG-51_Affy.CEL.gz","f84a4aec5df40dcf2aa69aa77698355e5256310761cf21cb9d145964c8ce2ff6","f84a4aec5df40dcf2aa69aa77698355e5256310761cf21cb9d145964c8ce2ff6","5246172","5246172","unchanged",""
"01_raw_data\cognitive_impairment_AD\supplementary\GSE48350\GSE48350_RAW\GSM1176271_1105A02_SG-74_AffyHyb.CEL.gz","5c5e1e54846aa6e491514ae91d5369241038483921e23e0b62b393ce218e690d","5c5e1e54846aa6e491514ae91d5369241038483921e23e0b62b393ce218e690d","5164628","5164628","unchanged",""
"01_raw_data\cognitive_impairment_AD\supplementary\GSE48350\GSE48350_RAW\GSM1176272_0306A-02_SG-92_AffyHyb.CEL.gz","cd5f9252a7d7eb0f0a66550021c3991c29e8696111fa4dd080c919b2b0568f1b","cd5f9252a7d7eb0f0a66550021c3991c29e8696111fa4dd080c919b2b0568f1b","5286125","5286125","unchanged",""
"01_raw_data\cognitive_impairment_AD\supplementary\GSE48350\GSE48350_RAW\GSM1176273_1105A02_SG-44_AffyHyb.CEL.gz","6b804d5a9e33e6810d2917330be06923b03ad54425d7c32299c65ff448108af3","6b804d5a9e33e6810d2917330be06923b03ad54425d7c32299c65ff448108af3","4997856","4997856","unchanged",""
"01_raw_data\cognitive_impairment_AD\supplementary\GSE48350\GSE48350_RAW\GSM1176274_0806A-04_SG_05_03_Affy.CEL.gz","f49d83f39408c64e00a01236d33337f9024ae15a9aa2f702632523db0ee53820","f49d83f39408c64e00a01236d33337f9024ae15a9aa2f702632523db0ee53820","5277474","5277474","unchanged",""
"01_raw_data\cognitive_impairment_AD\supplementary\GSE48350\GSE48350_RAW\GSM1176275_1105A02_SG-90_AffyHyb.CEL.gz","480d672eba94239d0e44f2903bf40be7ccf6324a600a6e9107ee1791c80b0499","480d672eba94239d0e44f2903bf40be7ccf6324a600a6e9107ee1791c80b0499","5095463","5095463","unchanged",""
"01_raw_data\cognitive_impairment_AD\supplementary\GSE48350\GSE48350_RAW\GSM300166.CEL.gz","03dd6be92a354016350aa47c527c6dfc8e27caf4beb33c5352bac339748dbb24","03dd6be92a354016350aa47c527c6dfc8e27caf4beb33c5352bac339748dbb24","5032560","5032560","unchanged",""
"01_raw_data\cognitive_impairment_AD\supplementary\GSE48350\GSE48350_RAW\GSM300167.CEL.gz","7530af26061a5e85c505894e9ef087e58e4a202b3f9f4eb7b60846b0c18b0d93","7530af26061a5e85c505894e9ef087e58e4a202b3f9f4eb7b60846b0c18b0d93","5015832","5015832","unchanged",""
"01_raw_data\cognitive_impairment_AD\supplementary\GSE48350\GSE48350_RAW\GSM300168.CEL.gz","2497d18067d17032e037be5cb216b74ba936e10d6c04aae3873926c00f90f19a","2497d18067d17032e037be5cb216b74ba936e10d6c04aae3873926c00f90f19a","5436247","5436247","unchanged",""
"01_raw_data\cognitive_impairment_AD\supplementary\GSE48350\GSE48350_RAW\GSM300169.CEL.gz","4159c77a270bcecf202ac39f7ca45fa67b9d20ccd78121dc4178e5662ca6c743","4159c77a270bcecf202ac39f7ca45fa67b9d20ccd78121dc4178e5662ca6c743","5631774","5631774","unchanged",""
"01_raw_data\cognitive_impairment_AD\supplementary\GSE48350\GSE48350_RAW\GSM300170.CEL.gz","6b93747168d9e3fd0f44d1812b4ed50320adf1ce725adfe25f4ab9ab6037d345","6b93747168d9e3fd0f44d1812b4ed50320adf1ce725adfe25f4ab9ab6037d345","5486141","5486141","unchanged",""
"01_raw_data\cognitive_impairment_AD\supplementary\GSE48350\GSE48350_RAW\GSM300171.CEL.gz","1dbd33db5af927608db7bd58deeff01ce5410cf84effe198814279632ddd8288","1dbd33db5af927608db7bd58deeff01ce5410cf84effe198814279632ddd8288","5474804","5474804","unchanged",""
"01_raw_data\cognitive_impairment_AD\supplementary\GSE48350\GSE48350_RAW\GSM300172.CEL.gz","af2ab6a1d3c9570d78e332942fb895b7503a43f0737ca47d28b3c05c7c3a6260","af2ab6a1d3c9570d78e332942fb895b7503a43f0737ca47d28b3c05c7c3a6260","5836987","5836987","unchanged",""
"01_raw_data\cognitive_impairment_AD\supplementary\GSE48350\GSE48350_RAW\GSM300173.CEL.gz","bfc34baf0413454c88b44f78bd5f9cf9b67f5458ab2a283b962048cf88f42760","bfc34baf0413454c88b44f78bd5f9cf9b67f5458ab2a283b962048cf88f42760","5243873","5243873","unchanged",""
"01_raw_data\cognitive_impairment_AD\supplementary\GSE48350\GSE48350_RAW\GSM300174.CEL.gz","b1f51b61762f90a1f0296a38081ad1973011c963ece6392ba1ed678c8e843eca","b1f51b61762f90a1f0296a38081ad1973011c963ece6392ba1ed678c8e843eca","5051828","5051828","unchanged",""
"01_raw_data\cognitive_impairment_AD\supplementary\GSE48350\GSE48350_RAW\GSM300175.CEL.gz","3c666a36fd53a0c3d5836bd1b5fc875df3e0a75800e49d3ec0285a73455c566d","3c666a36fd53a0c3d5836bd1b5fc875df3e0a75800e49d3ec0285a73455c566d","5183361","5183361","unchanged",""
"01_raw_data\cognitive_impairment_AD\supplementary\GSE48350\GSE48350_RAW\GSM300176.CEL.gz","b39a6a8e477f14a3dfce2695870817750e675b0816d3b79b07edeff405d98200","b39a6a8e477f14a3dfce2695870817750e675b0816d3b79b07edeff405d98200","5179905","5179905","unchanged",""
"01_raw_data\cognitive_impairment_AD\supplementary\GSE48350\GSE48350_RAW\GSM300177.CEL.gz","62ac06ef7143cc5527e8907a5269391cefb797f42f3865dbe76d98d71a8b317e","62ac06ef7143cc5527e8907a5269391cefb797f42f3865dbe76d98d71a8b317e","5286289","5286289","unchanged",""
"01_raw_data\cognitive_impairment_AD\supplementary\GSE48350\GSE48350_RAW\GSM300178.CEL.gz","ee761472697c81f109934cf20e7ba88e6aa5bd333bfe38d927c25da0b0f8d7c6","ee761472697c81f109934cf20e7ba88e6aa5bd333bfe38d927c25da0b0f8d7c6","5016838","5016838","unchanged",""
"01_raw_data\cognitive_impairment_AD\supplementary\GSE48350\GSE48350_RAW\GSM300179.CEL.gz","53e62241809bb62c056a41a7795b084ad0a070617d72160aeba1ec67ffa58a3f","53e62241809bb62c056a41a7795b084ad0a070617d72160aeba1ec67ffa58a3f","5018349","5018349","unchanged",""
"01_raw_data\cognitive_impairment_AD\supplementary\GSE48350\GSE48350_RAW\GSM300180.CEL.gz","4d6d22847fdcf3f51042ea14d7e92ac9bb9ec529c827b1fe27b8160c5bf094b4","4d6d22847fdcf3f51042ea14d7e92ac9bb9ec529c827b1fe27b8160c5bf094b4","5211293","5211293","unchanged",""
"01_raw_data\cognitive_impairment_AD\supplementary\GSE48350\GSE48350_RAW\GSM300181.CEL.gz","c7aec7c68f67f66fdbec2fae81c9f9469f31d62080364dd4ac160ba4ad8e025c","c7aec7c68f67f66fdbec2fae81c9f9469f31d62080364dd4ac160ba4ad8e025c","4980666","4980666","unchanged",""
"01_raw_data\cognitive_impairment_AD\supplementary\GSE48350\GSE48350_RAW\GSM300182.CEL.gz","767d6eff1f41aedfd1675fc9d945d7c5892616d8f1825c2a5ba846399797e6f3","767d6eff1f41aedfd1675fc9d945d7c5892616d8f1825c2a5ba846399797e6f3","4975974","4975974","unchanged",""
"01_raw_data\cognitive_impairment_AD\supplementary\GSE48350\GSE48350_RAW\GSM300183.CEL.gz","a4b9309026d36a2cb99f27af11d0bf4138a8fd3b51a832761b46d89edcc58e29","a4b9309026d36a2cb99f27af11d0bf4138a8fd3b51a832761b46d89edcc58e29","5148026","5148026","unchanged",""
"01_raw_data\cognitive_impairment_AD\supplementary\GSE48350\GSE48350_RAW\GSM300185.CEL.gz","b752b080586e078c9638a35dc0d110862ee956a4124f7077a9e704b4773bd261","b752b080586e078c9638a35dc0d110862ee956a4124f7077a9e704b4773bd261","5349824","5349824","unchanged",""
"01_raw_data\cognitive_impairment_AD\supplementary\GSE48350\GSE48350_RAW\GSM300186.CEL.gz","3c28bd8646308c2c160edbe54dfd9a8a6187e2ce7a945f746864804794107f8c","3c28bd8646308c2c160edbe54dfd9a8a6187e2ce7a945f746864804794107f8c","4924428","4924428","unchanged",""
"01_raw_data\cognitive_impairment_AD\supplementary\GSE48350\GSE48350_RAW\GSM300187.CEL.gz","43ce438ea418604db80d97db3f8ea319b75817df5e298d90ec66b0fe9646bb9b","43ce438ea418604db80d97db3f8ea319b75817df5e298d90ec66b0fe9646bb9b","5158142","5158142","unchanged",""
"01_raw_data\cognitive_impairment_AD\supplementary\GSE48350\GSE48350_RAW\GSM300188.CEL.gz","de067a6937f249c4edd79cac1c98e80d54f6fd2ce611e6eedda2fc5e507b93f9","de067a6937f249c4edd79cac1c98e80d54f6fd2ce611e6eedda2fc5e507b93f9","5022011","5022011","unchanged",""
"01_raw_data\cognitive_impairment_AD\supplementary\GSE48350\GSE48350_RAW\GSM300189.CEL.gz","5e8c7aa33f0b8d558d5ed0af9e3c94ee9d7b13d61f5cdb643dbe8fe3ae4c119b","5e8c7aa33f0b8d558d5ed0af9e3c94ee9d7b13d61f5cdb643dbe8fe3ae4c119b","5092742","5092742","unchanged",""
"01_raw_data\cognitive_impairment_AD\supplementary\GSE48350\GSE48350_RAW\GSM300190.CEL.gz","439ada8cf8f00e89a0b293ad81e1762699f3ee1daf7d48942d043f41b7d8fa4c","439ada8cf8f00e89a0b293ad81e1762699f3ee1daf7d48942d043f41b7d8fa4c","5004943","5004943","unchanged",""
"01_raw_data\cognitive_impairment_AD\supplementary\GSE48350\GSE48350_RAW\GSM300191.CEL.gz","5247aa1819ff96999e5efac9d621a1d81e68e1fcb8a4d3af0f72addced1a9f16","5247aa1819ff96999e5efac9d621a1d81e68e1fcb8a4d3af0f72addced1a9f16","5002117","5002117","unchanged",""
"01_raw_data\cognitive_impairment_AD\supplementary\GSE48350\GSE48350_RAW\GSM300192.CEL.gz","9c3e64cbeb67da6363dab542887eb5dcfced8e895d6a104614d05a3548759697","9c3e64cbeb67da6363dab542887eb5dcfced8e895d6a104614d05a3548759697","5049452","5049452","unchanged",""
"01_raw_data\cognitive_impairment_AD\supplementary\GSE48350\GSE48350_RAW\GSM300193.CEL.gz","89ea1bdc959fbe1d26be53e26d28c680b252229310abc3dd9de10343ab616800","89ea1bdc959fbe1d26be53e26d28c680b252229310abc3dd9de10343ab616800","4999863","4999863","unchanged",""
"01_raw_data\cognitive_impairment_AD\supplementary\GSE48350\GSE48350_RAW\GSM300194.CEL.gz","bfcd855bbf13d96984f69520e37b72b6d57744f78c0ee415282e7a2d6a8c7f6b","bfcd855bbf13d96984f69520e37b72b6d57744f78c0ee415282e7a2d6a8c7f6b","5040893","5040893","unchanged",""
"01_raw_data\cognitive_impairment_AD\supplementary\GSE48350\GSE48350_RAW\GSM300195.CEL.gz","05afe1315ed0b6319a9c235090927a9b07ab3ce53754b8d595d225c0511c20bc","05afe1315ed0b6319a9c235090927a9b07ab3ce53754b8d595d225c0511c20bc","5120443","5120443","unchanged",""
"01_raw_data\cognitive_impairment_AD\supplementary\GSE48350\GSE48350_RAW\GSM300196.CEL.gz","d332c47b6d08f211948235011a2636b5b49146c5507e96ae7ac353c307613119","d332c47b6d08f211948235011a2636b5b49146c5507e96ae7ac353c307613119","5047441","5047441","unchanged",""
"01_raw_data\cognitive_impairment_AD\supplementary\GSE48350\GSE48350_RAW\GSM300197.CEL.gz","78c7f56116d68cf78a92e5cdd89b4bc4567c62f94772e87e116ba77d7a5ea6d0","78c7f56116d68cf78a92e5cdd89b4bc4567c62f94772e87e116ba77d7a5ea6d0","5205714","5205714","unchanged",""
"01_raw_data\cognitive_impairment_AD\supplementary\GSE48350\GSE48350_RAW\GSM300198.CEL.gz","23ba4909502648d10d7de7813294501326c7e3e86bce6303cc0adf1e73e51107","23ba4909502648d10d7de7813294501326c7e3e86bce6303cc0adf1e73e51107","5127865","5127865","unchanged",""
"01_raw_data\cognitive_impairment_AD\supplementary\GSE48350\GSE48350_RAW\GSM300199.CEL.gz","26621fad5b69117380247f20d47c8eff582c2b4fc3a6226ec2ac7ea7a4040706","26621fad5b69117380247f20d47c8eff582c2b4fc3a6226ec2ac7ea7a4040706","4938216","4938216","unchanged",""
"01_raw_data\cognitive_impairment_AD\supplementary\GSE48350\GSE48350_RAW\GSM300200.CEL.gz","ef068b449768fe03257e4148d31928b80053204d2f023aa660bd7efe328fe3ef","ef068b449768fe03257e4148d31928b80053204d2f023aa660bd7efe328fe3ef","5239108","5239108","unchanged",""
"01_raw_data\cognitive_impairment_AD\supplementary\GSE48350\GSE48350_RAW\GSM300201.CEL.gz","0898b483011c1337b0de24969a37e25f15027471342cd7c4cd4e5b7d6194f60d","0898b483011c1337b0de24969a37e25f15027471342cd7c4cd4e5b7d6194f60d","5059673","5059673","unchanged",""
"01_raw_data\cognitive_impairment_AD\supplementary\GSE48350\GSE48350_RAW\GSM300202.CEL.gz","3a3a6b6266aa5c6ab1323cfd3e887a85413c74dd93d9da1c648d7c07211e7d44","3a3a6b6266aa5c6ab1323cfd3e887a85413c74dd93d9da1c648d7c07211e7d44","4927287","4927287","unchanged",""
"01_raw_data\cognitive_impairment_AD\supplementary\GSE48350\GSE48350_RAW\GSM300203.CEL.gz","e66766c0519728c8c4f959eace1e05fa0d0bf0e4e60156a39e230b4f47787f4b","e66766c0519728c8c4f959eace1e05fa0d0bf0e4e60156a39e230b4f47787f4b","4970299","4970299","unchanged",""
"01_raw_data\cognitive_impairment_AD\supplementary\GSE48350\GSE48350_RAW\GSM300204.CEL.gz","51338e293886edfdf2fbea170f6c71fddacd39a8f3eab478d6b426bcc9a8fa9b","51338e293886edfdf2fbea170f6c71fddacd39a8f3eab478d6b426bcc9a8fa9b","5271572","5271572","unchanged",""
"01_raw_data\cognitive_impairment_AD\supplementary\GSE48350\GSE48350_RAW\GSM300205.CEL.gz","bd429c188ec5a3df1f0cf77dddb6c9fa91a347e7911569e0931e982e6c23ee5b","bd429c188ec5a3df1f0cf77dddb6c9fa91a347e7911569e0931e982e6c23ee5b","4994200","4994200","unchanged",""
"01_raw_data\cognitive_impairment_AD\supplementary\GSE48350\GSE48350_RAW\GSM300206.CEL.gz","bf4f7a9eaa1686b349774d73648946bbbb2f59c9d967e37cffb120a20b132ddd","bf4f7a9eaa1686b349774d73648946bbbb2f59c9d967e37cffb120a20b132ddd","5269231","5269231","unchanged",""
"01_raw_data\cognitive_impairment_AD\supplementary\GSE48350\GSE48350_RAW\GSM300207.CEL.gz","cc5caef3ce2bd036e45fd03f40fd53353d54458187eb549b3c29e64ea4ac563c","cc5caef3ce2bd036e45fd03f40fd53353d54458187eb549b3c29e64ea4ac563c","5224489","5224489","unchanged",""
"01_raw_data\cognitive_impairment_AD\supplementary\GSE48350\GSE48350_RAW\GSM300208.CEL.gz","84e7012c34af349fe4573aedd918d315ac82e7fd5fec6717b2f3e26cd7c731a3","84e7012c34af349fe4573aedd918d315ac82e7fd5fec6717b2f3e26cd7c731a3","5273050","5273050","unchanged",""
"01_raw_data\cognitive_impairment_AD\supplementary\GSE48350\GSE48350_RAW\GSM300209.CEL.gz","6bdf02c3bb86a806c8cc61f8e63bae15010d195818c1de4d18e5c2f58aa94b34","6bdf02c3bb86a806c8cc61f8e63bae15010d195818c1de4d18e5c2f58aa94b34","5076035","5076035","unchanged",""
"01_raw_data\cognitive_impairment_AD\supplementary\GSE48350\GSE48350_RAW\GSM300210.CEL.gz","f1493f78dfabe6abb43dc6a8893f876012b760ebd0f2f1b62da94c6c747338ea","f1493f78dfabe6abb43dc6a8893f876012b760ebd0f2f1b62da94c6c747338ea","5208914","5208914","unchanged",""
"01_raw_data\cognitive_impairment_AD\supplementary\GSE48350\GSE48350_RAW\GSM300211.CEL.gz","4cc2fbe9fd91c66637a7336c93dd7ecd1c84520e3bbfadc06bc2d9e595f5ed17","4cc2fbe9fd91c66637a7336c93dd7ecd1c84520e3bbfadc06bc2d9e595f5ed17","5191246","5191246","unchanged",""
"01_raw_data\cognitive_impairment_AD\supplementary\GSE48350\GSE48350_RAW\GSM300212.CEL.gz","c9a5ba95c54399b071f3cc5e98516db00363388ad1fdec1cced4196ce85ff834","c9a5ba95c54399b071f3cc5e98516db00363388ad1fdec1cced4196ce85ff834","5126948","5126948","unchanged",""
"01_raw_data\cognitive_impairment_AD\supplementary\GSE48350\GSE48350_RAW\GSM300213.CEL.gz","191085fcd72666d114a31bb5f5e1b6597fc238005be0e33b27da69367d718f63","191085fcd72666d114a31bb5f5e1b6597fc238005be0e33b27da69367d718f63","4903459","4903459","unchanged",""
"01_raw_data\cognitive_impairment_AD\supplementary\GSE48350\GSE48350_RAW\GSM300214.CEL.gz","63cde16af2604ed9c28db5ec5ede8410f8695c7fe3878575fa47b6913562e39b","63cde16af2604ed9c28db5ec5ede8410f8695c7fe3878575fa47b6913562e39b","5298309","5298309","unchanged",""
"01_raw_data\cognitive_impairment_AD\supplementary\GSE48350\GSE48350_RAW\GSM300215.CEL.gz","547326279e84dc820d39a5e0c7452c228bea708ff10af52ad8fa6b71175131a2","547326279e84dc820d39a5e0c7452c228bea708ff10af52ad8fa6b71175131a2","5209708","5209708","unchanged",""
"01_raw_data\cognitive_impairment_AD\supplementary\GSE48350\GSE48350_RAW\GSM300216.CEL.gz","d70ae2164ca330b9c73e2a6e9f45d49c07ebb47b0717999903dc0ae891a059e4","d70ae2164ca330b9c73e2a6e9f45d49c07ebb47b0717999903dc0ae891a059e4","5207491","5207491","unchanged",""
"01_raw_data\cognitive_impairment_AD\supplementary\GSE48350\GSE48350_RAW\GSM300217.CEL.gz","6b1f11780d5d941df00bdd3aa016aac82a80ec1ae7f73d2b47a7e07a92b16894","6b1f11780d5d941df00bdd3aa016aac82a80ec1ae7f73d2b47a7e07a92b16894","4995322","4995322","unchanged",""
"01_raw_data\cognitive_impairment_AD\supplementary\GSE48350\GSE48350_RAW\GSM300218.CEL.gz","b6b9c6b4e323118cd48a167d7e245f181f2520cf56965cbebf578a024b2603b2","b6b9c6b4e323118cd48a167d7e245f181f2520cf56965cbebf578a024b2603b2","5250245","5250245","unchanged",""
"01_raw_data\cognitive_impairment_AD\supplementary\GSE48350\GSE48350_RAW\GSM300219.CEL.gz","d46d12d929e29686be8f68f23b88d7896bf6f474c6a0c3fc8a0f62d00cf69a3f","d46d12d929e29686be8f68f23b88d7896bf6f474c6a0c3fc8a0f62d00cf69a3f","5062498","5062498","unchanged",""
"01_raw_data\cognitive_impairment_AD\supplementary\GSE48350\GSE48350_RAW\GSM300220.CEL.gz","1b71cad9d3e2ef54e6af14b28266b4ead970d94dc10548a5da6497602af38036","1b71cad9d3e2ef54e6af14b28266b4ead970d94dc10548a5da6497602af38036","5358457","5358457","unchanged",""
"01_raw_data\cognitive_impairment_AD\supplementary\GSE48350\GSE48350_RAW\GSM300221.CEL.gz","e0652b46b4968c2d8a6159c190eae3ce5ebf63eb8e24afb8e67c8bc30cd8a26e","e0652b46b4968c2d8a6159c190eae3ce5ebf63eb8e24afb8e67c8bc30cd8a26e","5175291","5175291","unchanged",""
"01_raw_data\cognitive_impairment_AD\supplementary\GSE48350\GSE48350_RAW\GSM300222.CEL.gz","874cc250dd3a1dcccfb8705e73b0d9a9dca945a63769a1ff01355380f589c27c","874cc250dd3a1dcccfb8705e73b0d9a9dca945a63769a1ff01355380f589c27c","5473043","5473043","unchanged",""
"01_raw_data\cognitive_impairment_AD\supplementary\GSE48350\GSE48350_RAW\GSM300223.CEL.gz","a8bfad43f304fdb014a57254d1f2246191835cd71b7255907279e4d4f47a542b","a8bfad43f304fdb014a57254d1f2246191835cd71b7255907279e4d4f47a542b","5089794","5089794","unchanged",""
"01_raw_data\cognitive_impairment_AD\supplementary\GSE48350\GSE48350_RAW\GSM300224.CEL.gz","78413750bb8d4fb518b6c3cf3e6d8d736aab31bd0cf44aec17e354a8717d4dee","78413750bb8d4fb518b6c3cf3e6d8d736aab31bd0cf44aec17e354a8717d4dee","5188302","5188302","unchanged",""
"01_raw_data\cognitive_impairment_AD\supplementary\GSE48350\GSE48350_RAW\GSM300225.CEL.gz","69a052b310ca0a5dc51af05daf001aa3a7d1b10c9eb97fe6958d0be01709f195","69a052b310ca0a5dc51af05daf001aa3a7d1b10c9eb97fe6958d0be01709f195","5146445","5146445","unchanged",""
"01_raw_data\cognitive_impairment_AD\supplementary\GSE48350\GSE48350_RAW\GSM300226.CEL.gz","28a2b4e7bf633e7dab985696bd7a8630dc2fa0c9a1e48eaf0617027539cc260b","28a2b4e7bf633e7dab985696bd7a8630dc2fa0c9a1e48eaf0617027539cc260b","5031340","5031340","unchanged",""
"01_raw_data\cognitive_impairment_AD\supplementary\GSE48350\GSE48350_RAW\GSM300227.CEL.gz","288b13a2d031d5bec61aba794a9d4d74ea0dd89d3a5536b27aed76efb9db228f","288b13a2d031d5bec61aba794a9d4d74ea0dd89d3a5536b27aed76efb9db228f","5500409","5500409","unchanged",""
"01_raw_data\cognitive_impairment_AD\supplementary\GSE48350\GSE48350_RAW\GSM300228.CEL.gz","2276f4438d828ae7fcdcca8e8ecb107f513326dbaa32db93c6b56d28167b24ac","2276f4438d828ae7fcdcca8e8ecb107f513326dbaa32db93c6b56d28167b24ac","4896875","4896875","unchanged",""
"01_raw_data\cognitive_impairment_AD\supplementary\GSE48350\GSE48350_RAW\GSM300229.CEL.gz","b203b32b2a2bb65c7af2aeab1b429357d0821aa9c36da31514b0ce982038aacc","b203b32b2a2bb65c7af2aeab1b429357d0821aa9c36da31514b0ce982038aacc","4907583","4907583","unchanged",""
"01_raw_data\cognitive_impairment_AD\supplementary\GSE48350\GSE48350_RAW\GSM300230.CEL.gz","675b36923f87f6da459d384cc856108c07799c61f6f6d923af6a9aaff4e9fef2","675b36923f87f6da459d384cc856108c07799c61f6f6d923af6a9aaff4e9fef2","5034438","5034438","unchanged",""
"01_raw_data\cognitive_impairment_AD\supplementary\GSE48350\GSE48350_RAW\GSM300231.CEL.gz","e452c04a7b2836fd57e90fd9b9ea6d8efccfb18617b796b20a403eae89676535","e452c04a7b2836fd57e90fd9b9ea6d8efccfb18617b796b20a403eae89676535","5176963","5176963","unchanged",""
"01_raw_data\cognitive_impairment_AD\supplementary\GSE48350\GSE48350_RAW\GSM300232.CEL.gz","34f90f69e6b19bf4f4e61ab560b44a96a5ae2c260f32d3bb45518d0d2b1f0f84","34f90f69e6b19bf4f4e61ab560b44a96a5ae2c260f32d3bb45518d0d2b1f0f84","5186409","5186409","unchanged",""
"01_raw_data\cognitive_impairment_AD\supplementary\GSE48350\GSE48350_RAW\GSM300233.CEL.gz","781e58c13f13fe2aad0a9a278b0030ce34726064201c092e5ad66f31721ee259","781e58c13f13fe2aad0a9a278b0030ce34726064201c092e5ad66f31721ee259","5146461","5146461","unchanged",""
"01_raw_data\cognitive_impairment_AD\supplementary\GSE48350\GSE48350_RAW\GSM300234.CEL.gz","8966fd000899ec9435403311bae6cd5a54d69f24db86f2f228aef56f373e9f5f","8966fd000899ec9435403311bae6cd5a54d69f24db86f2f228aef56f373e9f5f","5275701","5275701","unchanged",""
"01_raw_data\cognitive_impairment_AD\supplementary\GSE48350\GSE48350_RAW\GSM300235.CEL.gz","00591aa0adbd36400aafd250fbd9571c22e94a6246f3ffdf9a22d8ef834f060c","00591aa0adbd36400aafd250fbd9571c22e94a6246f3ffdf9a22d8ef834f060c","5212028","5212028","unchanged",""
"01_raw_data\cognitive_impairment_AD\supplementary\GSE48350\GSE48350_RAW\GSM300236.CEL.gz","935aa15e1d89c828d6ab0bd537929b09117ab1afe77850832c023ecce113f752","935aa15e1d89c828d6ab0bd537929b09117ab1afe77850832c023ecce113f752","5196862","5196862","unchanged",""
"01_raw_data\cognitive_impairment_AD\supplementary\GSE48350\GSE48350_RAW\GSM300237.CEL.gz","48233e930be544dd760b50f9218e516e6061921074923474ec0b0aa03faf6f32","48233e930be544dd760b50f9218e516e6061921074923474ec0b0aa03faf6f32","5209882","5209882","unchanged",""
"01_raw_data\cognitive_impairment_AD\supplementary\GSE48350\GSE48350_RAW\GSM300238.CEL.gz","585dabef89f79ca745983f5c8a76855464fe9d314562384bed1353d3618f8176","585dabef89f79ca745983f5c8a76855464fe9d314562384bed1353d3618f8176","5212466","5212466","unchanged",""
"01_raw_data\cognitive_impairment_AD\supplementary\GSE48350\GSE48350_RAW\GSM300239.CEL.gz","f9fe280a372232303b76f7772d260a904b37de38e978b428db184767637165b8","f9fe280a372232303b76f7772d260a904b37de38e978b428db184767637165b8","5260321","5260321","unchanged",""
"01_raw_data\cognitive_impairment_AD\supplementary\GSE48350\GSE48350_RAW\GSM300240.CEL.gz","e3bf0caef1c8240afa524211483b700245c87d34800feb8ee8098865ae6380ff","e3bf0caef1c8240afa524211483b700245c87d34800feb8ee8098865ae6380ff","5149392","5149392","unchanged",""
"01_raw_data\cognitive_impairment_AD\supplementary\GSE48350\GSE48350_RAW\GSM300241.CEL.gz","6e5e98fa7ea165af0048f3d10cb8333d11251aa5bfe74b6ae4a0cddbe0b10c29","6e5e98fa7ea165af0048f3d10cb8333d11251aa5bfe74b6ae4a0cddbe0b10c29","5229462","5229462","unchanged",""
"01_raw_data\cognitive_impairment_AD\supplementary\GSE48350\GSE48350_RAW\GSM300242.CEL.gz","458ed4962634e08ac11b0ac6cc0063d2251e6bdd81495a76b662fe9110155599","458ed4962634e08ac11b0ac6cc0063d2251e6bdd81495a76b662fe9110155599","5237380","5237380","unchanged",""
"01_raw_data\cognitive_impairment_AD\supplementary\GSE48350\GSE48350_RAW\GSM300243.CEL.gz","9d9c1094472efc648f737441a6b948f2709f2a1f9cc69ebd498a231557062886","9d9c1094472efc648f737441a6b948f2709f2a1f9cc69ebd498a231557062886","5203851","5203851","unchanged",""
"01_raw_data\cognitive_impairment_AD\supplementary\GSE48350\GSE48350_RAW\GSM300244.CEL.gz","aa287d6e713e84e4055001e86eb9eab8b5923d50cdda1e272b39460e4a0bade7","aa287d6e713e84e4055001e86eb9eab8b5923d50cdda1e272b39460e4a0bade7","5179823","5179823","unchanged",""
"01_raw_data\cognitive_impairment_AD\supplementary\GSE48350\GSE48350_RAW\GSM300245.CEL.gz","9a4fb20838d8fe180648171c20aba1abd21521a8173749b2b53bafa72df4fb3c","9a4fb20838d8fe180648171c20aba1abd21521a8173749b2b53bafa72df4fb3c","4990318","4990318","unchanged",""
"01_raw_data\cognitive_impairment_AD\supplementary\GSE48350\GSE48350_RAW\GSM300246.CEL.gz","55bbbb1ef37d350b6148d5266752744f6f9f057591d5c866bde5d547f7532e21","55bbbb1ef37d350b6148d5266752744f6f9f057591d5c866bde5d547f7532e21","5235346","5235346","unchanged",""
"01_raw_data\cognitive_impairment_AD\supplementary\GSE48350\GSE48350_RAW\GSM300247.CEL.gz","f2737b7f2a3758790e03568443a9995498f978932338c022fcd8e586802d9160","f2737b7f2a3758790e03568443a9995498f978932338c022fcd8e586802d9160","5099564","5099564","unchanged",""
"01_raw_data\cognitive_impairment_AD\supplementary\GSE48350\GSE48350_RAW\GSM300248.CEL.gz","0a49037eba628b9f26c9461fbe904fcbedd2227a053d6922efb64c7d16865472","0a49037eba628b9f26c9461fbe904fcbedd2227a053d6922efb64c7d16865472","5240121","5240121","unchanged",""
"01_raw_data\cognitive_impairment_AD\supplementary\GSE48350\GSE48350_RAW\GSM300249.CEL.gz","8614c24cb7334ccb9c3b6dbc767c9bf81ecf73a804043b9cc71c54ab6f16e817","8614c24cb7334ccb9c3b6dbc767c9bf81ecf73a804043b9cc71c54ab6f16e817","5080143","5080143","unchanged",""
"01_raw_data\cognitive_impairment_AD\supplementary\GSE48350\GSE48350_RAW\GSM300250.CEL.gz","ef938d14d70745ffdde843510a467f1b6e1c2ca6e8ffbe770292c8d3dec54049","ef938d14d70745ffdde843510a467f1b6e1c2ca6e8ffbe770292c8d3dec54049","4821764","4821764","unchanged",""
"01_raw_data\cognitive_impairment_AD\supplementary\GSE48350\GSE48350_RAW\GSM300251.CEL.gz","91f9d8abbb306fe6454f499d908ad36f4ebb138a8a876a12fbd4634436712cd9","91f9d8abbb306fe6454f499d908ad36f4ebb138a8a876a12fbd4634436712cd9","4753211","4753211","unchanged",""
"01_raw_data\cognitive_impairment_AD\supplementary\GSE48350\GSE48350_RAW\GSM300252.CEL.gz","803dd78b98fcbf170e4488702cc2fc26880c4950bc5c77f5b78e7498d18afff3","803dd78b98fcbf170e4488702cc2fc26880c4950bc5c77f5b78e7498d18afff3","4935114","4935114","unchanged",""
"01_raw_data\cognitive_impairment_AD\supplementary\GSE48350\GSE48350_RAW\GSM300253.CEL.gz","2eac9de79530cebef6e379bc77a7bdb998a1f68cb66d50c7bf929c34f7596168","2eac9de79530cebef6e379bc77a7bdb998a1f68cb66d50c7bf929c34f7596168","5185291","5185291","unchanged",""
"01_raw_data\cognitive_impairment_AD\supplementary\GSE48350\GSE48350_RAW\GSM300254.CEL.gz","cbe955ac30b039a3ec5d2415791a4c72596a3aec4c1f5f210887735f007db258","cbe955ac30b039a3ec5d2415791a4c72596a3aec4c1f5f210887735f007db258","5175837","5175837","unchanged",""
"01_raw_data\cognitive_impairment_AD\supplementary\GSE48350\GSE48350_RAW\GSM300255.CEL.gz","5de97e6aef3d0c33e15b1a967d6e17e42648d26164ab324879397491c3607702","5de97e6aef3d0c33e15b1a967d6e17e42648d26164ab324879397491c3607702","4818250","4818250","unchanged",""
"01_raw_data\cognitive_impairment_AD\supplementary\GSE48350\GSE48350_RAW\GSM300256.CEL.gz","b1b8df7822df4491366baae8f50a0c94635a05fbf8e2e83518c5501aa4092149","b1b8df7822df4491366baae8f50a0c94635a05fbf8e2e83518c5501aa4092149","4984367","4984367","unchanged",""
"01_raw_data\cognitive_impairment_AD\supplementary\GSE48350\GSE48350_RAW\GSM300258.CEL.gz","72eac28e4ebcddedea4b1535c11df2166f42be01939d620e90203aafa91015fa","72eac28e4ebcddedea4b1535c11df2166f42be01939d620e90203aafa91015fa","5003002","5003002","unchanged",""
"01_raw_data\cognitive_impairment_AD\supplementary\GSE48350\GSE48350_RAW\GSM300259.CEL.gz","eefc167e5dbcead0c86984174c41c287c5dc7e21042cf9c46d9253e50e16c284","eefc167e5dbcead0c86984174c41c287c5dc7e21042cf9c46d9253e50e16c284","5133834","5133834","unchanged",""
"01_raw_data\cognitive_impairment_AD\supplementary\GSE48350\GSE48350_RAW\GSM300260.CEL.gz","ee8ba90fa90c121f8b955085432f1b85604cba6f14baa5cd5fc1a7e4db7c8251","ee8ba90fa90c121f8b955085432f1b85604cba6f14baa5cd5fc1a7e4db7c8251","5294273","5294273","unchanged",""
"01_raw_data\cognitive_impairment_AD\supplementary\GSE48350\GSE48350_RAW\GSM300261.CEL.gz","0dc7b4f42df14d6ec47d30ef7b397dadae7d2fab2e160a3ea75c1e2df35e585c","0dc7b4f42df14d6ec47d30ef7b397dadae7d2fab2e160a3ea75c1e2df35e585c","4958903","4958903","unchanged",""
"01_raw_data\cognitive_impairment_AD\supplementary\GSE48350\GSE48350_RAW\GSM300262.CEL.gz","0b45acaa983a2a6f5125eaa51f76012a50dd06cf09f57ca1b2aed1318c5f9889","0b45acaa983a2a6f5125eaa51f76012a50dd06cf09f57ca1b2aed1318c5f9889","5165617","5165617","unchanged",""
"01_raw_data\cognitive_impairment_AD\supplementary\GSE48350\GSE48350_RAW\GSM300263.CEL.gz","51cc226f01f839fc3c2fd97c1b6f487f5297fa975e169ce700199eaa7f4fecd4","51cc226f01f839fc3c2fd97c1b6f487f5297fa975e169ce700199eaa7f4fecd4","5067564","5067564","unchanged",""
"01_raw_data\cognitive_impairment_AD\supplementary\GSE48350\GSE48350_RAW\GSM300264.CEL.gz","e51b8d7343c35bf7987c773ed8a45c12273bc3b1aa6afca6097bd70539af7dcb","e51b8d7343c35bf7987c773ed8a45c12273bc3b1aa6afca6097bd70539af7dcb","5164818","5164818","unchanged",""
"01_raw_data\cognitive_impairment_AD\supplementary\GSE48350\GSE48350_RAW\GSM300265.CEL.gz","c05404ac64bf2492bb46a4e6e7fb8601c8aa41b8ccb6bcfb910bddf179479103","c05404ac64bf2492bb46a4e6e7fb8601c8aa41b8ccb6bcfb910bddf179479103","5127906","5127906","unchanged",""
"01_raw_data\cognitive_impairment_AD\supplementary\GSE48350\GSE48350_RAW\GSM300266.CEL.gz","7d597ef3bbf963b611b5d662b9b9bd7e41e4adb0b30ce26c382d3c454065855b","7d597ef3bbf963b611b5d662b9b9bd7e41e4adb0b30ce26c382d3c454065855b","5297259","5297259","unchanged",""
"01_raw_data\cognitive_impairment_AD\supplementary\GSE48350\GSE48350_RAW\GSM300267.CEL.gz","c3e4027e50111b41e7dc4585fd02a53f762ae76438b4b15643c9a51ffba40781","c3e4027e50111b41e7dc4585fd02a53f762ae76438b4b15643c9a51ffba40781","4881638","4881638","unchanged",""
"01_raw_data\cognitive_impairment_AD\supplementary\GSE48350\GSE48350_RAW\GSM300268.CEL.gz","88234c532f93cf5f32f2ad135a0504e4e02a141c32953ba3a84490d10915cc69","88234c532f93cf5f32f2ad135a0504e4e02a141c32953ba3a84490d10915cc69","5069412","5069412","unchanged",""
"01_raw_data\cognitive_impairment_AD\supplementary\GSE48350\GSE48350_RAW\GSM300269.CEL.gz","9f7ce1e2dead581eaa7924ceeb57b5537eee769e9ba66a48c38e41f484a525d8","9f7ce1e2dead581eaa7924ceeb57b5537eee769e9ba66a48c38e41f484a525d8","5091468","5091468","unchanged",""
"01_raw_data\cognitive_impairment_AD\supplementary\GSE48350\GSE48350_RAW\GSM300270.CEL.gz","7eab1b147d8cfae1b956f36a61e20d305ef891542908bea991ad136ba1325bb3","7eab1b147d8cfae1b956f36a61e20d305ef891542908bea991ad136ba1325bb3","5126489","5126489","unchanged",""
"01_raw_data\cognitive_impairment_AD\supplementary\GSE48350\GSE48350_RAW\GSM300271.CEL.gz","5c51764b796abf274cec1b03691ab229d093310d8987b9acc4696237eaf86a07","5c51764b796abf274cec1b03691ab229d093310d8987b9acc4696237eaf86a07","5117823","5117823","unchanged",""
"01_raw_data\cognitive_impairment_AD\supplementary\GSE48350\GSE48350_RAW\GSM300272.CEL.gz","3d4584f6796ba78a1f7c96fe2b7dabb0dc69a67daee837751dd83492219493e7","3d4584f6796ba78a1f7c96fe2b7dabb0dc69a67daee837751dd83492219493e7","5168755","5168755","unchanged",""
"01_raw_data\cognitive_impairment_AD\supplementary\GSE48350\GSE48350_RAW\GSM300273.CEL.gz","de67aab13abe7d73c7f9f4fc03cfe8d0004119894196913266f3be95909e8daa","de67aab13abe7d73c7f9f4fc03cfe8d0004119894196913266f3be95909e8daa","4955985","4955985","unchanged",""
"01_raw_data\cognitive_impairment_AD\supplementary\GSE48350\GSE48350_RAW\GSM300274.CEL.gz","ac8e12bfc05d5e5ee26eb7120edbbcc3184395c942b290029f20b585c2e33c00","ac8e12bfc05d5e5ee26eb7120edbbcc3184395c942b290029f20b585c2e33c00","5209364","5209364","unchanged",""
"01_raw_data\cognitive_impairment_AD\supplementary\GSE48350\GSE48350_RAW\GSM300275.CEL.gz","9a76fb274663014d5e43399b0de510a77f252f41fcb9156be47d967d0973d579","9a76fb274663014d5e43399b0de510a77f252f41fcb9156be47d967d0973d579","5004375","5004375","unchanged",""
"01_raw_data\cognitive_impairment_AD\supplementary\GSE48350\GSE48350_RAW\GSM300276.CEL.gz","24631735238d22fd96ae2d130a2ddf3af0d6efa63b94d27a5091ae5c3456c61c","24631735238d22fd96ae2d130a2ddf3af0d6efa63b94d27a5091ae5c3456c61c","5370400","5370400","unchanged",""
"01_raw_data\cognitive_impairment_AD\supplementary\GSE48350\GSE48350_RAW\GSM300277.CEL.gz","8dd6f77d163505e2a40d3b656f471413fb349f39fba88670280676b0dafacf45","8dd6f77d163505e2a40d3b656f471413fb349f39fba88670280676b0dafacf45","5046252","5046252","unchanged",""
"01_raw_data\cognitive_impairment_AD\supplementary\GSE48350\GSE48350_RAW\GSM300278.CEL.gz","f48243e8f44f667e9d176780ff7402a2f344d962ac1f56bf792e4add41534d6d","f48243e8f44f667e9d176780ff7402a2f344d962ac1f56bf792e4add41534d6d","5232724","5232724","unchanged",""
"01_raw_data\cognitive_impairment_AD\supplementary\GSE48350\GSE48350_RAW\GSM300279.CEL.gz","cefea62363249692eec50d3825392e15a124e4094f2dea19b3fc15c6c8c403c0","cefea62363249692eec50d3825392e15a124e4094f2dea19b3fc15c6c8c403c0","5163702","5163702","unchanged",""
"01_raw_data\cognitive_impairment_AD\supplementary\GSE48350\GSE48350_RAW\GSM300280.CEL.gz","31fd668a7d03bb6ced1dde600e905f41fedc5c67ebae370eefe10d2d357629e9","31fd668a7d03bb6ced1dde600e905f41fedc5c67ebae370eefe10d2d357629e9","5321167","5321167","unchanged",""
"01_raw_data\cognitive_impairment_AD\supplementary\GSE48350\GSE48350_RAW\GSM300281.CEL.gz","0479339411888919c2314aba24f94ae4d41ba0a7b5f5a7406c4da3ae649744a9","0479339411888919c2314aba24f94ae4d41ba0a7b5f5a7406c4da3ae649744a9","5054730","5054730","unchanged",""
"01_raw_data\cognitive_impairment_AD\supplementary\GSE48350\GSE48350_RAW\GSM300282.CEL.gz","0d9b90cbd31b65f8e640054fb3d8b0e405734a9e2bb3a8addb468460114fe1ad","0d9b90cbd31b65f8e640054fb3d8b0e405734a9e2bb3a8addb468460114fe1ad","5064947","5064947","unchanged",""
"01_raw_data\cognitive_impairment_AD\supplementary\GSE48350\GSE48350_RAW\GSM300283.CEL.gz","b3987a04d440aadd6f5686a6d6c09e09943f910b3d0b69dcc8ae634aae2bc6a5","b3987a04d440aadd6f5686a6d6c09e09943f910b3d0b69dcc8ae634aae2bc6a5","4833424","4833424","unchanged",""
"01_raw_data\cognitive_impairment_AD\supplementary\GSE48350\GSE48350_RAW\GSM300284.CEL.gz","5b7ae961fbee8f322701c7c6427a5a5c8ed5c3a4da4e1a791c7340b3c0871646","5b7ae961fbee8f322701c7c6427a5a5c8ed5c3a4da4e1a791c7340b3c0871646","4966802","4966802","unchanged",""
"01_raw_data\cognitive_impairment_AD\supplementary\GSE48350\GSE48350_RAW\GSM300285.CEL.gz","ae6dd9145cb51b308a6995d70f98783a4ae4ca5a70d4e7964d4dddbc27359785","ae6dd9145cb51b308a6995d70f98783a4ae4ca5a70d4e7964d4dddbc27359785","5295547","5295547","unchanged",""
"01_raw_data\cognitive_impairment_AD\supplementary\GSE48350\GSE48350_RAW\GSM300286.CEL.gz","89bbf43ae71c682d5a4292fd9100f3f835d39e2aebf8b1b84910d2b93693b71c","89bbf43ae71c682d5a4292fd9100f3f835d39e2aebf8b1b84910d2b93693b71c","5033140","5033140","unchanged",""
"01_raw_data\cognitive_impairment_AD\supplementary\GSE48350\GSE48350_RAW\GSM300287.CEL.gz","af4fcdafad10c68f82baab68b09936ac0729dab52fbdcb7a445014fc15972a0f","af4fcdafad10c68f82baab68b09936ac0729dab52fbdcb7a445014fc15972a0f","4928979","4928979","unchanged",""
"01_raw_data\cognitive_impairment_AD\supplementary\GSE48350\GSE48350_RAW\GSM300288.CEL.gz","673fa882ac9ff49c645d42e4e3f37c2e5f0f3f7ab898d75f811eb04cc97549d4","673fa882ac9ff49c645d42e4e3f37c2e5f0f3f7ab898d75f811eb04cc97549d4","4984905","4984905","unchanged",""
"01_raw_data\cognitive_impairment_AD\supplementary\GSE48350\GSE48350_RAW\GSM300289.CEL.gz","33549d884d7a4c17b4c80cc537cd4ae6207887f436e88fc52f47dbd41652a204","33549d884d7a4c17b4c80cc537cd4ae6207887f436e88fc52f47dbd41652a204","5016219","5016219","unchanged",""
"01_raw_data\cognitive_impairment_AD\supplementary\GSE48350\GSE48350_RAW\GSM300290.CEL.gz","d07ab14c8d657ddde18b74c68aefa225aace366d408886e49ded1f1ceee8314a","d07ab14c8d657ddde18b74c68aefa225aace366d408886e49ded1f1ceee8314a","5240317","5240317","unchanged",""
"01_raw_data\cognitive_impairment_AD\supplementary\GSE48350\GSE48350_RAW\GSM300291.CEL.gz","e1d67ccb23b15c60370cbef9ae19264f1d3e006c0114d155e7e8cf82bbdf5879","e1d67ccb23b15c60370cbef9ae19264f1d3e006c0114d155e7e8cf82bbdf5879","5080961","5080961","unchanged",""
"01_raw_data\cognitive_impairment_AD\supplementary\GSE48350\GSE48350_RAW\GSM300292.CEL.gz","c0ec506d55e2aa02e03481baebcb189f9e2cabe047510ba1976f92ee5a3dd312","c0ec506d55e2aa02e03481baebcb189f9e2cabe047510ba1976f92ee5a3dd312","5200508","5200508","unchanged",""
"01_raw_data\cognitive_impairment_AD\supplementary\GSE48350\GSE48350_RAW\GSM300293.CEL.gz","694a1f394da01f9593d8cfd7fe59cc34d5da9a3a72c49acfa231db68dd0df47c","694a1f394da01f9593d8cfd7fe59cc34d5da9a3a72c49acfa231db68dd0df47c","5198329","5198329","unchanged",""
"01_raw_data\cognitive_impairment_AD\supplementary\GSE48350\GSE48350_RAW\GSM300294.CEL.gz","e954f7c83d0b6d21b3444e3b0857e2ac77efe671f2d7fb8167480b00a3b3ff52","e954f7c83d0b6d21b3444e3b0857e2ac77efe671f2d7fb8167480b00a3b3ff52","5359098","5359098","unchanged",""
"01_raw_data\cognitive_impairment_AD\supplementary\GSE48350\GSE48350_RAW\GSM300295.CEL.gz","a6afd723444835b7885107ddc2ac71642cc59c2bfcd4dcfdf782ed009079be47","a6afd723444835b7885107ddc2ac71642cc59c2bfcd4dcfdf782ed009079be47","5095124","5095124","unchanged",""
"01_raw_data\cognitive_impairment_AD\supplementary\GSE48350\GSE48350_RAW\GSM300296.CEL.gz","5d66ce6e8f6920bc2ba69322b625cd7c633578a41ec7ee515666a1e4a16168a8","5d66ce6e8f6920bc2ba69322b625cd7c633578a41ec7ee515666a1e4a16168a8","5127799","5127799","unchanged",""
"01_raw_data\cognitive_impairment_AD\supplementary\GSE48350\GSE48350_RAW\GSM300297.CEL.gz","742f5bf41bf44dd208307c11b496d0c23eff522cc8d660a3b84c799e22cb1b0a","742f5bf41bf44dd208307c11b496d0c23eff522cc8d660a3b84c799e22cb1b0a","5118116","5118116","unchanged",""
"01_raw_data\cognitive_impairment_AD\supplementary\GSE48350\GSE48350_RAW\GSM300298.CEL.gz","9e0b8b303af94c451c94094b0e7feb16dbc23e7b6d2a31f009d01f4c8129a890","9e0b8b303af94c451c94094b0e7feb16dbc23e7b6d2a31f009d01f4c8129a890","5345532","5345532","unchanged",""
"01_raw_data\cognitive_impairment_AD\supplementary\GSE48350\GSE48350_RAW\GSM300299.CEL.gz","02cd6214520aae844adcfcf07ad30ad944359158d12ead782268599eae471d18","02cd6214520aae844adcfcf07ad30ad944359158d12ead782268599eae471d18","5066653","5066653","unchanged",""
"01_raw_data\cognitive_impairment_AD\supplementary\GSE48350\GSE48350_RAW\GSM300300.CEL.gz","3b790966e9977d8a83c7d2556c5e546357da83459bc0dbe9f492469c2ecffc76","3b790966e9977d8a83c7d2556c5e546357da83459bc0dbe9f492469c2ecffc76","5007887","5007887","unchanged",""
"01_raw_data\cognitive_impairment_AD\supplementary\GSE48350\GSE48350_RAW\GSM300301.CEL.gz","06f2c83cf07a5e81bf0961625190f39e6c7740cf8257e17c52b9336972a3a553","06f2c83cf07a5e81bf0961625190f39e6c7740cf8257e17c52b9336972a3a553","5233665","5233665","unchanged",""
"01_raw_data\cognitive_impairment_AD\supplementary\GSE48350\GSE48350_RAW\GSM300302.CEL.gz","5721660b33fe200c006426449a1569db00f96592326877ad39e8222cc89118e8","5721660b33fe200c006426449a1569db00f96592326877ad39e8222cc89118e8","5025402","5025402","unchanged",""
"01_raw_data\cognitive_impairment_AD\supplementary\GSE48350\GSE48350_RAW\GSM300303.CEL.gz","164d10b9d92854f9a3bd7473ba6ccaf520de89d07f6fc489f3ae60b2dd9b3f80","164d10b9d92854f9a3bd7473ba6ccaf520de89d07f6fc489f3ae60b2dd9b3f80","5186098","5186098","unchanged",""
"01_raw_data\cognitive_impairment_AD\supplementary\GSE48350\GSE48350_RAW\GSM300304.CEL.gz","1eac383959eccc29ae21c700981a89094476d582ec638f10ab8b638286e48f8d","1eac383959eccc29ae21c700981a89094476d582ec638f10ab8b638286e48f8d","5043599","5043599","unchanged",""
"01_raw_data\cognitive_impairment_AD\supplementary\GSE48350\GSE48350_RAW\GSM300305.CEL.gz","bcbb3a52f928678954a08701d8c866b48063a7f9b8c23b099e19f70483d086cb","bcbb3a52f928678954a08701d8c866b48063a7f9b8c23b099e19f70483d086cb","5106749","5106749","unchanged",""
"01_raw_data\cognitive_impairment_AD\supplementary\GSE48350\GSE48350_RAW\GSM300306.CEL.gz","61c3190513d3418f5c8a8e33ac9df10080b0b22e1410b4b57081e49731699536","61c3190513d3418f5c8a8e33ac9df10080b0b22e1410b4b57081e49731699536","5250609","5250609","unchanged",""
"01_raw_data\cognitive_impairment_AD\supplementary\GSE48350\GSE48350_RAW\GSM300307.CEL.gz","a0b949f9ef3046b294994117aa3393055c84c35e0c72f7e7e9139c8daad2488f","a0b949f9ef3046b294994117aa3393055c84c35e0c72f7e7e9139c8daad2488f","5196176","5196176","unchanged",""
"01_raw_data\cognitive_impairment_AD\supplementary\GSE48350\GSE48350_RAW\GSM300308.CEL.gz","70e1dc0c524e232b90db6f2ac5ac01f4334ef4b9fb389a62cf12a8533d82fb3a","70e1dc0c524e232b90db6f2ac5ac01f4334ef4b9fb389a62cf12a8533d82fb3a","5266956","5266956","unchanged",""
"01_raw_data\cognitive_impairment_AD\supplementary\GSE48350\GSE48350_RAW\GSM300309.CEL.gz","2a614e18ef66db226dc15f5c58d5ace591fec91d63ff386b3b37ab04d94a502f","2a614e18ef66db226dc15f5c58d5ace591fec91d63ff386b3b37ab04d94a502f","5110984","5110984","unchanged",""
"01_raw_data\cognitive_impairment_AD\supplementary\GSE48350\GSE48350_RAW\GSM300310.CEL.gz","a3e6b1db0a5833a907ba52b3f18438d66da0a9c0162f2aee9f730e199f1647da","a3e6b1db0a5833a907ba52b3f18438d66da0a9c0162f2aee9f730e199f1647da","4960800","4960800","unchanged",""
"01_raw_data\cognitive_impairment_AD\supplementary\GSE48350\GSE48350_RAW\GSM300311.CEL.gz","a92e66b7e562a36ec1932be9ba6ddc6ddbc2ebf0fafed4683083d061dc08b408","a92e66b7e562a36ec1932be9ba6ddc6ddbc2ebf0fafed4683083d061dc08b408","5309893","5309893","unchanged",""
"01_raw_data\cognitive_impairment_AD\supplementary\GSE48350\GSE48350_RAW\GSM300312.CEL.gz","7f735809810285e00d26059f5a21033d6dfec7b823b4c99220687b43b4b31aaf","7f735809810285e00d26059f5a21033d6dfec7b823b4c99220687b43b4b31aaf","4971684","4971684","unchanged",""
"01_raw_data\cognitive_impairment_AD\supplementary\GSE48350\GSE48350_RAW\GSM300313.CEL.gz","528d068f7b2592cd319f6e421b1c2fd56ae7c46d04f745a4d18cb3011d567032","528d068f7b2592cd319f6e421b1c2fd56ae7c46d04f745a4d18cb3011d567032","4997835","4997835","unchanged",""
"01_raw_data\cognitive_impairment_AD\supplementary\GSE48350\GSE48350_RAW\GSM300314.CEL.gz","d219ae33bbab2873fe3b4ef96045a28fbd1e707fd4d608cffafac06152c059dd","d219ae33bbab2873fe3b4ef96045a28fbd1e707fd4d608cffafac06152c059dd","5030809","5030809","unchanged",""
"01_raw_data\cognitive_impairment_AD\supplementary\GSE48350\GSE48350_RAW\GSM300315.CEL.gz","5dbc32059f60da4166509d2de6bdbca0d8c0a1f87dfb10e9f8c9e1c3f0143cb6","5dbc32059f60da4166509d2de6bdbca0d8c0a1f87dfb10e9f8c9e1c3f0143cb6","5119814","5119814","unchanged",""
"01_raw_data\cognitive_impairment_AD\supplementary\GSE48350\GSE48350_RAW\GSM300316.CEL.gz","79868c68ee90e956023a60987720842e31ddf8ddc5b5a454a9e6f931f668dbe2","79868c68ee90e956023a60987720842e31ddf8ddc5b5a454a9e6f931f668dbe2","5054937","5054937","unchanged",""
"01_raw_data\cognitive_impairment_AD\supplementary\GSE48350\GSE48350_RAW\GSM300317.CEL.gz","f63ead5f86c543b728acfaae84328da0218918bd7527d51fd3d9cd8c501df4fe","f63ead5f86c543b728acfaae84328da0218918bd7527d51fd3d9cd8c501df4fe","5213829","5213829","unchanged",""
"01_raw_data\cognitive_impairment_AD\supplementary\GSE48350\GSE48350_RAW\GSM300318.CEL.gz","02d3770bfee0499300e2b3c54ad4ba7bfc0c8cdfaf3b9e5e139f928b829c7a37","02d3770bfee0499300e2b3c54ad4ba7bfc0c8cdfaf3b9e5e139f928b829c7a37","5167253","5167253","unchanged",""
"01_raw_data\cognitive_impairment_AD\supplementary\GSE48350\GSE48350_RAW\GSM300319.CEL.gz","daa0c42f64a877f25920d68fe02132259d84a83809d7fb960610bd42db84cbeb","daa0c42f64a877f25920d68fe02132259d84a83809d7fb960610bd42db84cbeb","5140681","5140681","unchanged",""
"01_raw_data\cognitive_impairment_AD\supplementary\GSE48350\GSE48350_RAW\GSM300320.CEL.gz","499783b3694b5a4765cd6afeaa3e2d849d0435eb746efb70cff9624cee428bc8","499783b3694b5a4765cd6afeaa3e2d849d0435eb746efb70cff9624cee428bc8","5154293","5154293","unchanged",""
"01_raw_data\cognitive_impairment_AD\supplementary\GSE48350\GSE48350_RAW\GSM300321.CEL.gz","0f9f357cdddbd70359af09687fb8c6b5596ac5910f9b1c2312c68f7cbb3d1e41","0f9f357cdddbd70359af09687fb8c6b5596ac5910f9b1c2312c68f7cbb3d1e41","5264755","5264755","unchanged",""
"01_raw_data\cognitive_impairment_AD\supplementary\GSE48350\GSE48350_RAW\GSM300322.CEL.gz","3fea37d1ce3d6b4be6c988cf54e70794c59a2c58e1fada7235661108602d0b14","3fea37d1ce3d6b4be6c988cf54e70794c59a2c58e1fada7235661108602d0b14","5013285","5013285","unchanged",""
"01_raw_data\cognitive_impairment_AD\supplementary\GSE48350\GSE48350_RAW\GSM300323.CEL.gz","8df974e96531779b1217d6a7a0286321d1e6d72fca0b1d68d5861a7a05320a44","8df974e96531779b1217d6a7a0286321d1e6d72fca0b1d68d5861a7a05320a44","5088859","5088859","unchanged",""
"01_raw_data\cognitive_impairment_AD\supplementary\GSE48350\GSE48350_RAW\GSM300324.CEL.gz","b26882f657da8ccffca604e4ba3627fda8f24c6d2c560c383f4ec0e40a5f19e4","b26882f657da8ccffca604e4ba3627fda8f24c6d2c560c383f4ec0e40a5f19e4","5189885","5189885","unchanged",""
"01_raw_data\cognitive_impairment_AD\supplementary\GSE48350\GSE48350_RAW\GSM300325.CEL.gz","6be32657b80bb31cbcb84231e185344259d0ff895e1cb083ec29e82ca54d2fcf","6be32657b80bb31cbcb84231e185344259d0ff895e1cb083ec29e82ca54d2fcf","5186502","5186502","unchanged",""
"01_raw_data\cognitive_impairment_AD\supplementary\GSE48350\GSE48350_RAW\GSM300326.CEL.gz","24d3af5172d745036c80695d4a1ab25650a8e9ad851c86c774bcc17deb0002c4","24d3af5172d745036c80695d4a1ab25650a8e9ad851c86c774bcc17deb0002c4","5036117","5036117","unchanged",""
"01_raw_data\cognitive_impairment_AD\supplementary\GSE48350\GSE48350_RAW\GSM300327.CEL.gz","8825334929ea4ef559686be91104e34c3ef66d29ec04fa2152b8142389ba40c9","8825334929ea4ef559686be91104e34c3ef66d29ec04fa2152b8142389ba40c9","5042319","5042319","unchanged",""
"01_raw_data\cognitive_impairment_AD\supplementary\GSE48350\GSE48350_RAW\GSM300328.CEL.gz","83735085b226b470f531ded3df4c74378e43f8e4cb2cc4efd7e2113762a33b13","83735085b226b470f531ded3df4c74378e43f8e4cb2cc4efd7e2113762a33b13","5221928","5221928","unchanged",""
"01_raw_data\cognitive_impairment_AD\supplementary\GSE48350\GSE48350_RAW\GSM300329.CEL.gz","7c6693145428f7cd11f53ad08821b0484e21d586caac29b3051f20797ecb687d","7c6693145428f7cd11f53ad08821b0484e21d586caac29b3051f20797ecb687d","5327886","5327886","unchanged",""
"01_raw_data\cognitive_impairment_AD\supplementary\GSE48350\GSE48350_RAW\GSM300330.CEL.gz","a8c28828bdbd76f0aeeb8325bd421e2555f63aa908a3764a0314ad3f47855279","a8c28828bdbd76f0aeeb8325bd421e2555f63aa908a3764a0314ad3f47855279","5081414","5081414","unchanged",""
"01_raw_data\cognitive_impairment_AD\supplementary\GSE48350\GSE48350_RAW\GSM300331.CEL.gz","fdc07522b58d49f5a19ed2c8836547324a78cc62ba11371c14569f0a7574ebd8","fdc07522b58d49f5a19ed2c8836547324a78cc62ba11371c14569f0a7574ebd8","5164184","5164184","unchanged",""
"01_raw_data\cognitive_impairment_AD\supplementary\GSE48350\GSE48350_RAW\GSM300332.CEL.gz","130bf26a16845abe0bc7e373c17ebb34dc6a97e9a570b037f14d36eceb2554db","130bf26a16845abe0bc7e373c17ebb34dc6a97e9a570b037f14d36eceb2554db","4946109","4946109","unchanged",""
"01_raw_data\cognitive_impairment_AD\supplementary\GSE48350\GSE48350_RAW\GSM300333.CEL.gz","1c3afd5697eecaae2787831221cbea3663e43a37157936f60c106e37aeb2ae4f","1c3afd5697eecaae2787831221cbea3663e43a37157936f60c106e37aeb2ae4f","5211485","5211485","unchanged",""
"01_raw_data\cognitive_impairment_AD\supplementary\GSE48350\GSE48350_RAW\GSM300335.CEL.gz","3472cba53937baebb539f6ce630e5f53530c17ae45f5e9dc51e033cd43e0193a","3472cba53937baebb539f6ce630e5f53530c17ae45f5e9dc51e033cd43e0193a","5289867","5289867","unchanged",""
"01_raw_data\cognitive_impairment_AD\supplementary\GSE48350\GSE48350_RAW\GSM300338.CEL.gz","574c5620d59a9c1ee3691fe0595dcf95800ffbea66ec1298fcae38f95a669410","574c5620d59a9c1ee3691fe0595dcf95800ffbea66ec1298fcae38f95a669410","5250628","5250628","unchanged",""
"01_raw_data\cognitive_impairment_AD\supplementary\GSE48350\GSE48350_RAW\GSM300339.CEL.gz","bb32829a728c3150854aa5b1faa9557bb83eaee79f535b77f53a9d1611dfd2e7","bb32829a728c3150854aa5b1faa9557bb83eaee79f535b77f53a9d1611dfd2e7","5305739","5305739","unchanged",""
"01_raw_data\cognitive_impairment_AD\supplementary\GSE48350\GSE48350_RAW\GSM300340.CEL.gz","9b9311b3e72f97092d2c21134fb4a494f706f4d98814362d4d015d3b670788b6","9b9311b3e72f97092d2c21134fb4a494f706f4d98814362d4d015d3b670788b6","5135511","5135511","unchanged",""
"01_raw_data\cognitive_impairment_AD\supplementary\GSE48350\GSE48350_RAW\GSM300341.CEL.gz","c369821502a47698bfd2d4d4f89da63847da6053f5aa85937aed3ec505d8d2bd","c369821502a47698bfd2d4d4f89da63847da6053f5aa85937aed3ec505d8d2bd","5096740","5096740","unchanged",""
"01_raw_data\cognitive_impairment_AD\supplementary\GSE48350\GSE48350_RAW\GSM318840.CEL.gz","d0ed279b660152e4b156dcc49d0cca96fdf935fe0dc3a54e2bc426b608b232f6","d0ed279b660152e4b156dcc49d0cca96fdf935fe0dc3a54e2bc426b608b232f6","5010854","5010854","unchanged",""
"01_raw_data\cognitive_impairment_AD\supplementary\GSE48350\GSE48350_RAW\GSM350078.CEL.gz","fe4fe64c50e60ca30ab9a254155fc850525c28bec6ee42f3afd63fb929163af3","fe4fe64c50e60ca30ab9a254155fc850525c28bec6ee42f3afd63fb929163af3","5221695","5221695","unchanged",""
"01_raw_data\cognitive_impairment_AD\supplementary\GSE5281\GSE5281_RAW.tar","d1e0224e9001bf7766d3d3a622818de256d4d05cab44e9c726a2aba1518257e5","d1e0224e9001bf7766d3d3a622818de256d4d05cab44e9c726a2aba1518257e5","1012817920","1012817920","unchanged",""
"01_raw_data\cognitive_impairment_AD\supplementary\GSE5281\GSE5281_RAW\GSM119615.CEL.gz","1b3007ef49957f8155a074d6ea6dea1da41093b07470cf68f69483bd1a31445f","1b3007ef49957f8155a074d6ea6dea1da41093b07470cf68f69483bd1a31445f","8766728","8766728","unchanged",""
"01_raw_data\cognitive_impairment_AD\supplementary\GSE5281\GSE5281_RAW\GSM119616.CEL.gz","9c7166f7ffa2b201f5c0206888974f942668383e28a8143f975dc9153f974ef8","9c7166f7ffa2b201f5c0206888974f942668383e28a8143f975dc9153f974ef8","8382305","8382305","unchanged",""
"01_raw_data\cognitive_impairment_AD\supplementary\GSE5281\GSE5281_RAW\GSM119617.CEL.gz","b24caa50d412894cde21f4660ed87297971d84ae866a87d13614cc60c2e092ae","b24caa50d412894cde21f4660ed87297971d84ae866a87d13614cc60c2e092ae","8135686","8135686","unchanged",""
"01_raw_data\cognitive_impairment_AD\supplementary\GSE5281\GSE5281_RAW\GSM119618.CEL.gz","cebe17e008ccfee663578c4ea15bbb88e2125db7e88669548d54e812c6195a9b","cebe17e008ccfee663578c4ea15bbb88e2125db7e88669548d54e812c6195a9b","8206080","8206080","unchanged",""
"01_raw_data\cognitive_impairment_AD\supplementary\GSE5281\GSE5281_RAW\GSM119619.CEL.gz","ffc8a26527520e936bac235d5e93f62662e349301025796e8f142368f128ee3f","ffc8a26527520e936bac235d5e93f62662e349301025796e8f142368f128ee3f","8405737","8405737","unchanged",""
"01_raw_data\cognitive_impairment_AD\supplementary\GSE5281\GSE5281_RAW\GSM119620.CEL.gz","3529c1bbc2e921042217f12df9a4ca73b0bcd6bcb97b970137bd7396889a91a7","3529c1bbc2e921042217f12df9a4ca73b0bcd6bcb97b970137bd7396889a91a7","8292533","8292533","unchanged",""
"01_raw_data\cognitive_impairment_AD\supplementary\GSE5281\GSE5281_RAW\GSM119621.CEL.gz","18da81eb7e479c81c3a61c6f3e2aa75a7522478c7169b212641a8955f7284dc8","18da81eb7e479c81c3a61c6f3e2aa75a7522478c7169b212641a8955f7284dc8","8038146","8038146","unchanged",""
"01_raw_data\cognitive_impairment_AD\supplementary\GSE5281\GSE5281_RAW\GSM119622.CEL.gz","b9263612ab080773ab93fb69c5ecd42a19e9ab1202cbd27a1841968b26643f72","b9263612ab080773ab93fb69c5ecd42a19e9ab1202cbd27a1841968b26643f72","8147972","8147972","unchanged",""
"01_raw_data\cognitive_impairment_AD\supplementary\GSE5281\GSE5281_RAW\GSM119623.CEL.gz","8c1118b0f45bef32419d5349d5e000fb1dd4ffa8eeb7b578714f36f43d0c470f","8c1118b0f45bef32419d5349d5e000fb1dd4ffa8eeb7b578714f36f43d0c470f","8157723","8157723","unchanged",""
"01_raw_data\cognitive_impairment_AD\supplementary\GSE5281\GSE5281_RAW\GSM119624.CEL.gz","663325669f536676b5d18ab44f8681a81a55e74bff3827e7fbf47f3d2799cd0e","663325669f536676b5d18ab44f8681a81a55e74bff3827e7fbf47f3d2799cd0e","8236649","8236649","unchanged",""
"01_raw_data\cognitive_impairment_AD\supplementary\GSE5281\GSE5281_RAW\GSM119625.CEL.gz","4bfe85e911bdc1b707c71c7678ec0289780c780741892482e823a9a44d7f8778","4bfe85e911bdc1b707c71c7678ec0289780c780741892482e823a9a44d7f8778","8189235","8189235","unchanged",""
"01_raw_data\cognitive_impairment_AD\supplementary\GSE5281\GSE5281_RAW\GSM119626.CEL.gz","7dd75691eef3b07bb7857a4f94245c8dea59f54b48f6cd60d3e613307fb6334a","7dd75691eef3b07bb7857a4f94245c8dea59f54b48f6cd60d3e613307fb6334a","7311662","7311662","unchanged",""
"01_raw_data\cognitive_impairment_AD\supplementary\GSE5281\GSE5281_RAW\GSM119627.CEL.gz","ceba2300d14bf159e418b993016d1a2f971684ae25384787b230005a0c3416c0","ceba2300d14bf159e418b993016d1a2f971684ae25384787b230005a0c3416c0","8441337","8441337","unchanged",""
"01_raw_data\cognitive_impairment_AD\supplementary\GSE5281\GSE5281_RAW\GSM119628.CEL.gz","6b5f4c6d75d2a70abf9d8a37dc2ff050c238e08f201820feb61e227b10be9d01","6b5f4c6d75d2a70abf9d8a37dc2ff050c238e08f201820feb61e227b10be9d01","7957155","7957155","unchanged",""
"01_raw_data\cognitive_impairment_AD\supplementary\GSE5281\GSE5281_RAW\GSM119629.CEL.gz","8f23c48a4f80466731a1611c3deb33987ea6f183b7654af741b21699bd021059","8f23c48a4f80466731a1611c3deb33987ea6f183b7654af741b21699bd021059","7751608","7751608","unchanged",""
"01_raw_data\cognitive_impairment_AD\supplementary\GSE5281\GSE5281_RAW\GSM119630.CEL.gz","995b3a6d09a66871d80b4d2cff832b0af23c630036b8a487ae45f845456dec2c","995b3a6d09a66871d80b4d2cff832b0af23c630036b8a487ae45f845456dec2c","7645427","7645427","unchanged",""
"01_raw_data\cognitive_impairment_AD\supplementary\GSE5281\GSE5281_RAW\GSM119631.CEL.gz","5ff319cd3761d8ea2993c9415bc298c6bc2792f8a03521bead98ee007a46fa1b","5ff319cd3761d8ea2993c9415bc298c6bc2792f8a03521bead98ee007a46fa1b","8020470","8020470","unchanged",""
"01_raw_data\cognitive_impairment_AD\supplementary\GSE5281\GSE5281_RAW\GSM119632.CEL.gz","3c459f059c04a76d8ce0e5246239d1ae3aac3eec1b24f7afc02b652e1cbcad27","3c459f059c04a76d8ce0e5246239d1ae3aac3eec1b24f7afc02b652e1cbcad27","7989867","7989867","unchanged",""
"01_raw_data\cognitive_impairment_AD\supplementary\GSE5281\GSE5281_RAW\GSM119633.CEL.gz","470de0fce37f3664fb0269b5ea85624f0b7ed532ae041d5e3307436df01e591e","470de0fce37f3664fb0269b5ea85624f0b7ed532ae041d5e3307436df01e591e","8122477","8122477","unchanged",""
"01_raw_data\cognitive_impairment_AD\supplementary\GSE5281\GSE5281_RAW\GSM119634.CEL.gz","d954ec3e19f5e9b2f426ff50e4f91a6dbd9831c05007e1e8b3d0906fd2da3279","d954ec3e19f5e9b2f426ff50e4f91a6dbd9831c05007e1e8b3d0906fd2da3279","7747891","7747891","unchanged",""
"01_raw_data\cognitive_impairment_AD\supplementary\GSE5281\GSE5281_RAW\GSM119635.CEL.gz","40f899c065290abffc97908e36f58ffa5bf12bb4b948c4431b3009512302783f","40f899c065290abffc97908e36f58ffa5bf12bb4b948c4431b3009512302783f","8082648","8082648","unchanged",""
"01_raw_data\cognitive_impairment_AD\supplementary\GSE5281\GSE5281_RAW\GSM119636.CEL.gz","2e1d2a81371d2d0735be7b5f3815dbe83b64ec317a9ef9c28ffbb81ecfdac714","2e1d2a81371d2d0735be7b5f3815dbe83b64ec317a9ef9c28ffbb81ecfdac714","8008470","8008470","unchanged",""
"01_raw_data\cognitive_impairment_AD\supplementary\GSE5281\GSE5281_RAW\GSM119637.CEL.gz","c0af8594d2a0a2a1a4f47bd6fe97b9232426db014f05b45f8f28b11cba27ce42","c0af8594d2a0a2a1a4f47bd6fe97b9232426db014f05b45f8f28b11cba27ce42","8238535","8238535","unchanged",""
"01_raw_data\cognitive_impairment_AD\supplementary\GSE5281\GSE5281_RAW\GSM119638.CEL.gz","9f527439ea25ca81cc85e3290ace226042162df111e3a0498ecce8579f4384ce","9f527439ea25ca81cc85e3290ace226042162df111e3a0498ecce8579f4384ce","8091405","8091405","unchanged",""
"01_raw_data\cognitive_impairment_AD\supplementary\GSE5281\GSE5281_RAW\GSM119639.CEL.gz","2a033fa017c7d7002230ec184366cfd334fc96b94e73143575d715af8962077f","2a033fa017c7d7002230ec184366cfd334fc96b94e73143575d715af8962077f","7944800","7944800","unchanged",""
"01_raw_data\cognitive_impairment_AD\supplementary\GSE5281\GSE5281_RAW\GSM119640.CEL.gz","fb7e0fcd54277884698b9ac65c9bde52b40b707e2c546a4ee9f36ea8d323f864","fb7e0fcd54277884698b9ac65c9bde52b40b707e2c546a4ee9f36ea8d323f864","8195413","8195413","unchanged",""
"01_raw_data\cognitive_impairment_AD\supplementary\GSE5281\GSE5281_RAW\GSM119641.CEL.gz","7a45f01b9838e12987bccec40eec071f69209bba40faea381294b0d6cd5e8188","7a45f01b9838e12987bccec40eec071f69209bba40faea381294b0d6cd5e8188","7727861","7727861","unchanged",""
"01_raw_data\cognitive_impairment_AD\supplementary\GSE5281\GSE5281_RAW\GSM119642.CEL.gz","ce1ffb7528fada50cdf56424084015855d8648cf2432a35f3220af20eb5a5f58","ce1ffb7528fada50cdf56424084015855d8648cf2432a35f3220af20eb5a5f58","7508836","7508836","unchanged",""
"01_raw_data\cognitive_impairment_AD\supplementary\GSE5281\GSE5281_RAW\GSM119643.CEL.gz","d89822ac1cb773a2be4b39d9d33cdada8d95caa34b10aa7a17ade70ff77106a5","d89822ac1cb773a2be4b39d9d33cdada8d95caa34b10aa7a17ade70ff77106a5","8420637","8420637","unchanged",""
"01_raw_data\cognitive_impairment_AD\supplementary\GSE5281\GSE5281_RAW\GSM119644.CEL.gz","e2d9aef5f9cd449364f353288bf625ea17e2959797aba6c0f63ae23102719502","e2d9aef5f9cd449364f353288bf625ea17e2959797aba6c0f63ae23102719502","7689310","7689310","unchanged",""
"01_raw_data\cognitive_impairment_AD\supplementary\GSE5281\GSE5281_RAW\GSM119645.CEL.gz","af5fbee80d2be28a2983c77dfdca16efa3cdfa2e4831b0c07f5757f5c49bae2a","af5fbee80d2be28a2983c77dfdca16efa3cdfa2e4831b0c07f5757f5c49bae2a","7643382","7643382","unchanged",""
"01_raw_data\cognitive_impairment_AD\supplementary\GSE5281\GSE5281_RAW\GSM119646.CEL.gz","96f3dbf7ee720c240a0d3be483738ea7c2a21eb07c998d170b4cbeaa5b5eb104","96f3dbf7ee720c240a0d3be483738ea7c2a21eb07c998d170b4cbeaa5b5eb104","7744729","7744729","unchanged",""
"01_raw_data\cognitive_impairment_AD\supplementary\GSE5281\GSE5281_RAW\GSM119647.CEL.gz","136c1593d96d736551e96d4dee5f1f30936bdcbbbb91846662e0956ce4bacf62","136c1593d96d736551e96d4dee5f1f30936bdcbbbb91846662e0956ce4bacf62","7756425","7756425","unchanged",""
"01_raw_data\cognitive_impairment_AD\supplementary\GSE5281\GSE5281_RAW\GSM119648.CEL.gz","110cb26c6389d3828cae35f0e34fb383ca90e4baea62bba031b079c148af3391","110cb26c6389d3828cae35f0e34fb383ca90e4baea62bba031b079c148af3391","7848914","7848914","unchanged",""
"01_raw_data\cognitive_impairment_AD\supplementary\GSE5281\GSE5281_RAW\GSM119649.CEL.gz","06116e458fc72f63b455cab084301d0aee29108beaa790fa9f306b5fd4fce139","06116e458fc72f63b455cab084301d0aee29108beaa790fa9f306b5fd4fce139","8623617","8623617","unchanged",""
"01_raw_data\cognitive_impairment_AD\supplementary\GSE5281\GSE5281_RAW\GSM119650.CEL.gz","9d27b4d032df69b819fb78541ab3c258cc17915a5d0514adfe30189b905e1ad9","9d27b4d032df69b819fb78541ab3c258cc17915a5d0514adfe30189b905e1ad9","7636011","7636011","unchanged",""
"01_raw_data\cognitive_impairment_AD\supplementary\GSE5281\GSE5281_RAW\GSM119651.CEL.gz","b7fbf56a4e72b0e8b5b0d652d4f39d7119b8d2fa7dcbeeef4bdd940963388df5","b7fbf56a4e72b0e8b5b0d652d4f39d7119b8d2fa7dcbeeef4bdd940963388df5","7728765","7728765","unchanged",""
"01_raw_data\cognitive_impairment_AD\supplementary\GSE5281\GSE5281_RAW\GSM119652.CEL.gz","700a4b2ce0b894cd0e1a58fe521e0b2cbf9e90f8bdb6bc553d5dcbb93af39b83","700a4b2ce0b894cd0e1a58fe521e0b2cbf9e90f8bdb6bc553d5dcbb93af39b83","7732680","7732680","unchanged",""
"01_raw_data\cognitive_impairment_AD\supplementary\GSE5281\GSE5281_RAW\GSM119653.CEL.gz","58a2d6571d58b13d4c9667b0e66d430f32d28fdc6f34c6580236fadd1b9c2b8b","58a2d6571d58b13d4c9667b0e66d430f32d28fdc6f34c6580236fadd1b9c2b8b","7918564","7918564","unchanged",""
"01_raw_data\cognitive_impairment_AD\supplementary\GSE5281\GSE5281_RAW\GSM119654.CEL.gz","db9fad08a8709719c1bee5497835ba62e925be0f5892f0e2180a0b4fde02d23a","db9fad08a8709719c1bee5497835ba62e925be0f5892f0e2180a0b4fde02d23a","8340464","8340464","unchanged",""
"01_raw_data\cognitive_impairment_AD\supplementary\GSE5281\GSE5281_RAW\GSM119655.CEL.gz","0bfa3448ffc326b0590c97144f55ea8397b1380b829ad515ccbf5bb8e82f889f","0bfa3448ffc326b0590c97144f55ea8397b1380b829ad515ccbf5bb8e82f889f","8910022","8910022","unchanged",""
"01_raw_data\cognitive_impairment_AD\supplementary\GSE5281\GSE5281_RAW\GSM119656.CEL.gz","91af87b2e5e41877d2196debc6e36507c2529a443238b292661474800e7ab11b","91af87b2e5e41877d2196debc6e36507c2529a443238b292661474800e7ab11b","8100664","8100664","unchanged",""
"01_raw_data\cognitive_impairment_AD\supplementary\GSE5281\GSE5281_RAW\GSM119657.CEL.gz","cb638b3ffc89bd8e264fa2e87673bd8c2371daacbdfa4b8199c4eb524d3a4a09","cb638b3ffc89bd8e264fa2e87673bd8c2371daacbdfa4b8199c4eb524d3a4a09","7920867","7920867","unchanged",""
"01_raw_data\cognitive_impairment_AD\supplementary\GSE5281\GSE5281_RAW\GSM119658.CEL.gz","8e2dd3a8a99b6477a54abc253ae2b9285c7d8cfdf6670fc8a7cf353e737159a7","8e2dd3a8a99b6477a54abc253ae2b9285c7d8cfdf6670fc8a7cf353e737159a7","8257287","8257287","unchanged",""
"01_raw_data\cognitive_impairment_AD\supplementary\GSE5281\GSE5281_RAW\GSM119659.CEL.gz","a9db847796f62f5ecf7a5f8f9581648c7572400c7b8107ab6ca6965ef449232c","a9db847796f62f5ecf7a5f8f9581648c7572400c7b8107ab6ca6965ef449232c","8382764","8382764","unchanged",""
"01_raw_data\cognitive_impairment_AD\supplementary\GSE5281\GSE5281_RAW\GSM119660.CEL.gz","b19e3d463e25aafe8f6370f94899edfb57c21c3bd07ccfeab4d72e47554da768","b19e3d463e25aafe8f6370f94899edfb57c21c3bd07ccfeab4d72e47554da768","8487299","8487299","unchanged",""
"01_raw_data\cognitive_impairment_AD\supplementary\GSE5281\GSE5281_RAW\GSM119661.CEL.gz","7c06909c11ddc5aad1de0bfb742ae930a91cbc6f205fd2dc36e131a7eb430d5e","7c06909c11ddc5aad1de0bfb742ae930a91cbc6f205fd2dc36e131a7eb430d5e","7982348","7982348","unchanged",""
"01_raw_data\cognitive_impairment_AD\supplementary\GSE5281\GSE5281_RAW\GSM119662.CEL.gz","d7f5e0169171300d9d9ea71610242a1192b8dff7bf12dd3c860afac8fd39eca7","d7f5e0169171300d9d9ea71610242a1192b8dff7bf12dd3c860afac8fd39eca7","8243493","8243493","unchanged",""
"01_raw_data\cognitive_impairment_AD\supplementary\GSE5281\GSE5281_RAW\GSM119663.CEL.gz","9b334fc185956781c350b465bcb4c4a010d486213d0cbb934bb53db5e13b7aa6","9b334fc185956781c350b465bcb4c4a010d486213d0cbb934bb53db5e13b7aa6","8355804","8355804","unchanged",""
"01_raw_data\cognitive_impairment_AD\supplementary\GSE5281\GSE5281_RAW\GSM119664.CEL.gz","06b99a8a8d908472809c06b6cec583289d2ef9fa68f41780be825f02e24385ad","06b99a8a8d908472809c06b6cec583289d2ef9fa68f41780be825f02e24385ad","8011188","8011188","unchanged",""
"01_raw_data\cognitive_impairment_AD\supplementary\GSE5281\GSE5281_RAW\GSM119665.CEL.gz","8f1f7e88f5809fda161515d56cde3696a524c49fad6e0213a73be005c731b495","8f1f7e88f5809fda161515d56cde3696a524c49fad6e0213a73be005c731b495","8220745","8220745","unchanged",""
"01_raw_data\cognitive_impairment_AD\supplementary\GSE5281\GSE5281_RAW\GSM119666.CEL.gz","e645959c2a1b8bc1e16e67af82012cd7e9cc67d62bd6c8f8d51c576eee60d16e","e645959c2a1b8bc1e16e67af82012cd7e9cc67d62bd6c8f8d51c576eee60d16e","7531869","7531869","unchanged",""
"01_raw_data\cognitive_impairment_AD\supplementary\GSE5281\GSE5281_RAW\GSM119667.CEL.gz","42b8fe63aa19947c8d378fc94950459f43e0c05d74fc162ab6ae56bb3227c3d0","42b8fe63aa19947c8d378fc94950459f43e0c05d74fc162ab6ae56bb3227c3d0","8190093","8190093","unchanged",""
"01_raw_data\cognitive_impairment_AD\supplementary\GSE5281\GSE5281_RAW\GSM119668.CEL.gz","efd669ce68387d3c2310df3c82978940c0a1db68d3ee1568d2a7325fd225ce88","efd669ce68387d3c2310df3c82978940c0a1db68d3ee1568d2a7325fd225ce88","8256957","8256957","unchanged",""
"01_raw_data\cognitive_impairment_AD\supplementary\GSE5281\GSE5281_RAW\GSM119669.CEL.gz","c4a8b37067de1792193f5ed575fe6668af5d4d6330a667bdfb7d1c0b7fb28ddb","c4a8b37067de1792193f5ed575fe6668af5d4d6330a667bdfb7d1c0b7fb28ddb","7789385","7789385","unchanged",""
"01_raw_data\cognitive_impairment_AD\supplementary\GSE5281\GSE5281_RAW\GSM119670.CEL.gz","5601afbbb4a6dd5baaf43dd00bf1907dbb1e39ce915ec94e6b716099bba6da62","5601afbbb4a6dd5baaf43dd00bf1907dbb1e39ce915ec94e6b716099bba6da62","8223795","8223795","unchanged",""
"01_raw_data\cognitive_impairment_AD\supplementary\GSE5281\GSE5281_RAW\GSM119671.CEL.gz","276bc3310f60be50777cc5641a8a985b02ac6bd5c8fed82cea0e8fb8ad1fcde4","276bc3310f60be50777cc5641a8a985b02ac6bd5c8fed82cea0e8fb8ad1fcde4","8155510","8155510","unchanged",""
"01_raw_data\cognitive_impairment_AD\supplementary\GSE5281\GSE5281_RAW\GSM119672.CEL.gz","3016477042b68d2780be4e1122c4de047522ddfa86ef1c0712bcd259c7827212","3016477042b68d2780be4e1122c4de047522ddfa86ef1c0712bcd259c7827212","8749927","8749927","unchanged",""
"01_raw_data\cognitive_impairment_AD\supplementary\GSE5281\GSE5281_RAW\GSM119673.CEL.gz","d7028a3881c7cc38d1636caff6bd8dcea01119ea308b8b205c3ee2212b6ff400","d7028a3881c7cc38d1636caff6bd8dcea01119ea308b8b205c3ee2212b6ff400","7963206","7963206","unchanged",""
"01_raw_data\cognitive_impairment_AD\supplementary\GSE5281\GSE5281_RAW\GSM119674.CEL.gz","ed8fe5c9c06e7e352487049859a51785390df47101619e2aee3aa04ba82b7e8e","ed8fe5c9c06e7e352487049859a51785390df47101619e2aee3aa04ba82b7e8e","8552328","8552328","unchanged",""
"01_raw_data\cognitive_impairment_AD\supplementary\GSE5281\GSE5281_RAW\GSM119675.CEL.gz","dd53b3b52c5747c9189916fd8fdb6e59fb38506555eebbde482b2e844bb1ee34","dd53b3b52c5747c9189916fd8fdb6e59fb38506555eebbde482b2e844bb1ee34","8032244","8032244","unchanged",""
"01_raw_data\cognitive_impairment_AD\supplementary\GSE5281\GSE5281_RAW\GSM119676.CEL.gz","e3ead0d02b72527780323d1b12ddbcad2a16e500345baadc5e1ee2e9a1da7225","e3ead0d02b72527780323d1b12ddbcad2a16e500345baadc5e1ee2e9a1da7225","7386650","7386650","unchanged",""
"01_raw_data\cognitive_impairment_AD\supplementary\GSE5281\GSE5281_RAW\GSM119677.CEL.gz","b39b319cdf8956cb85bed79acadb1d57de43664ca514d0235b7d4c64b61e89d3","b39b319cdf8956cb85bed79acadb1d57de43664ca514d0235b7d4c64b61e89d3","8331259","8331259","unchanged",""
"01_raw_data\cognitive_impairment_AD\supplementary\GSE5281\GSE5281_RAW\GSM119678.CEL.gz","23313a1ec76c4401ed147b834bfb86639df44958fb46ad13157ad54765296943","23313a1ec76c4401ed147b834bfb86639df44958fb46ad13157ad54765296943","8213929","8213929","unchanged",""
"01_raw_data\cognitive_impairment_AD\supplementary\GSE5281\GSE5281_RAW\GSM119679.CEL.gz","8c7aec1072ccf10085d3cc2af5ad000eb8ca629ac6dd7a4f1aa4b8db7af06365","8c7aec1072ccf10085d3cc2af5ad000eb8ca629ac6dd7a4f1aa4b8db7af06365","8209794","8209794","unchanged",""
"01_raw_data\cognitive_impairment_AD\supplementary\GSE5281\GSE5281_RAW\GSM119680.CEL.gz","a19ecc90a873458de14fbd4b4b9ff035d3d1ad6335e79d5ac4fe5ff193245524","a19ecc90a873458de14fbd4b4b9ff035d3d1ad6335e79d5ac4fe5ff193245524","7978612","7978612","unchanged",""
"01_raw_data\cognitive_impairment_AD\supplementary\GSE5281\GSE5281_RAW\GSM119681.CEL.gz","1b2364de83f914a0739fff2746a52e612857d470295772a62bae94cd6d00476a","1b2364de83f914a0739fff2746a52e612857d470295772a62bae94cd6d00476a","7971865","7971865","unchanged",""
"01_raw_data\cognitive_impairment_AD\supplementary\GSE5281\GSE5281_RAW\GSM119682.CEL.gz","21f7759d349333772c043dce145d684e76c63ed6481c347bef7b8217bd7c899f","21f7759d349333772c043dce145d684e76c63ed6481c347bef7b8217bd7c899f","8454478","8454478","unchanged",""
"01_raw_data\cognitive_impairment_AD\supplementary\GSE5281\GSE5281_RAW\GSM119683.CEL.gz","331f8f8b13950725c6f9af50889995cd2d67da9d0c57c595d221522c26f8fef8","331f8f8b13950725c6f9af50889995cd2d67da9d0c57c595d221522c26f8fef8","8352141","8352141","unchanged",""
"01_raw_data\cognitive_impairment_AD\supplementary\GSE5281\GSE5281_RAW\GSM119684.CEL.gz","2a8ade67cb0018042ac4f6e441aced7f992240fc599336f5e346dc45dd45fbbc","2a8ade67cb0018042ac4f6e441aced7f992240fc599336f5e346dc45dd45fbbc","8287117","8287117","unchanged",""
"01_raw_data\cognitive_impairment_AD\supplementary\GSE5281\GSE5281_RAW\GSM119685.CEL.gz","124e1f7ac54d57e155162e15df8dd7a41b3e112c7c225e15dfbddf9959a7da75","124e1f7ac54d57e155162e15df8dd7a41b3e112c7c225e15dfbddf9959a7da75","8439492","8439492","unchanged",""
"01_raw_data\cognitive_impairment_AD\supplementary\GSE5281\GSE5281_RAW\GSM119686.CEL.gz","d6ae6ffc09d6d3921a43ebf998651d1a362ffa81727bd5b3ee7b7ba5310d3e98","d6ae6ffc09d6d3921a43ebf998651d1a362ffa81727bd5b3ee7b7ba5310d3e98","8373318","8373318","unchanged",""
"01_raw_data\cognitive_impairment_AD\supplementary\GSE5281\GSE5281_RAW\GSM119687.CEL.gz","e28e44511acf6c40a682008d3332ee4edc37518cb956a5d6c9400d9057a92c76","e28e44511acf6c40a682008d3332ee4edc37518cb956a5d6c9400d9057a92c76","8028831","8028831","unchanged",""
"01_raw_data\cognitive_impairment_AD\supplementary\GSE5281\GSE5281_RAW\GSM119688.CEL.gz","987cf91f35920def734ce8c38a3a47fe262958b2a23b363a4839953f51ba6656","987cf91f35920def734ce8c38a3a47fe262958b2a23b363a4839953f51ba6656","7950999","7950999","unchanged",""
"01_raw_data\cognitive_impairment_AD\supplementary\GSE5281\GSE5281_RAW\GSM238763.CEL.gz","00543f081f7de8d7e3e04ce028b1ac0b2aa53be4b30e3876c5674932df0daf2c","00543f081f7de8d7e3e04ce028b1ac0b2aa53be4b30e3876c5674932df0daf2c","4157434","4157434","unchanged",""
"01_raw_data\cognitive_impairment_AD\supplementary\GSE5281\GSE5281_RAW\GSM238763.CHP.gz","2dd893f7b082b8dbf4023f05e6e1101511bf90f54e1356cee06ea7ba78197437","2dd893f7b082b8dbf4023f05e6e1101511bf90f54e1356cee06ea7ba78197437","311281","311281","unchanged",""
"01_raw_data\cognitive_impairment_AD\supplementary\GSE5281\GSE5281_RAW\GSM238790.CEL.gz","b6f69bdc1b127f0caf1604a25b0b28fbd5eb63fc4af6f7df84f3bb67ad175b91","b6f69bdc1b127f0caf1604a25b0b28fbd5eb63fc4af6f7df84f3bb67ad175b91","4434672","4434672","unchanged",""
"01_raw_data\cognitive_impairment_AD\supplementary\GSE5281\GSE5281_RAW\GSM238790.CHP.gz","f275593537a26cf46158bb17ce2f41b31a43744ca87fd455daff380b0c09929d","f275593537a26cf46158bb17ce2f41b31a43744ca87fd455daff380b0c09929d","311324","311324","unchanged",""
"01_raw_data\cognitive_impairment_AD\supplementary\GSE5281\GSE5281_RAW\GSM238791.CEL.gz","f729f73708abc5c8b9b52433a02eb8b596472d5432a97afa265fecbbde2d84d2","f729f73708abc5c8b9b52433a02eb8b596472d5432a97afa265fecbbde2d84d2","4746727","4746727","unchanged",""
"01_raw_data\cognitive_impairment_AD\supplementary\GSE5281\GSE5281_RAW\GSM238791.CHP.gz","bf35458c3796f697c45f7bb1ddba0c14e49a90e1e969f142ed27df4e49006338","bf35458c3796f697c45f7bb1ddba0c14e49a90e1e969f142ed27df4e49006338","304322","304322","unchanged",""
"01_raw_data\cognitive_impairment_AD\supplementary\GSE5281\GSE5281_RAW\GSM238792.CEL.gz","6f32f62b4626f56952b48bde92720fa8bb575cf7ae933e6a3999284733e4dc41","6f32f62b4626f56952b48bde92720fa8bb575cf7ae933e6a3999284733e4dc41","4637406","4637406","unchanged",""
"01_raw_data\cognitive_impairment_AD\supplementary\GSE5281\GSE5281_RAW\GSM238792.CHP.gz","872af6c1e3ba7ebb80b694a88d64339246ae0bb5fe20c354a2234e75f0b9cd45","872af6c1e3ba7ebb80b694a88d64339246ae0bb5fe20c354a2234e75f0b9cd45","306348","306348","unchanged",""
"01_raw_data\cognitive_impairment_AD\supplementary\GSE5281\GSE5281_RAW\GSM238793.CEL.gz","f6d7d965cd65bdfb7c884cc5c1ea8a3c2915219b537ef6596b2fabe135c0496d","f6d7d965cd65bdfb7c884cc5c1ea8a3c2915219b537ef6596b2fabe135c0496d","4470220","4470220","unchanged",""
"01_raw_data\cognitive_impairment_AD\supplementary\GSE5281\GSE5281_RAW\GSM238793.CHP.gz","1313da9ccfd515f85b4dc346ffded628cea275ea698b1e7ec567b3cfad139a7f","1313da9ccfd515f85b4dc346ffded628cea275ea698b1e7ec567b3cfad139a7f","306785","306785","unchanged",""
"01_raw_data\cognitive_impairment_AD\supplementary\GSE5281\GSE5281_RAW\GSM238794.CEL.gz","baec28f8e6e392e96b8d1ca0fc84fc66cdbb30a7ac71b88b654a6ea90b9671f3","baec28f8e6e392e96b8d1ca0fc84fc66cdbb30a7ac71b88b654a6ea90b9671f3","4927983","4927983","unchanged",""
"01_raw_data\cognitive_impairment_AD\supplementary\GSE5281\GSE5281_RAW\GSM238794.CHP.gz","8183354e0315aed9ca7792016ab3d20060b6daba0efa6e82682c626b14a77984","8183354e0315aed9ca7792016ab3d20060b6daba0efa6e82682c626b14a77984","302621","302621","unchanged",""
"01_raw_data\cognitive_impairment_AD\supplementary\GSE5281\GSE5281_RAW\GSM238795.CEL.gz","3e5cdb49d6eade84607a3cadc0af9b2c30a65bdd6110e3843a03ae0dddd893d8","3e5cdb49d6eade84607a3cadc0af9b2c30a65bdd6110e3843a03ae0dddd893d8","4878698","4878698","unchanged",""
"01_raw_data\cognitive_impairment_AD\supplementary\GSE5281\GSE5281_RAW\GSM238795.CHP.gz","13c82d5f19a82a7e3dabf33887f1ca88e7dad82408e23d2dce1a5ab2231ae4a0","13c82d5f19a82a7e3dabf33887f1ca88e7dad82408e23d2dce1a5ab2231ae4a0","304551","304551","unchanged",""
"01_raw_data\cognitive_impairment_AD\supplementary\GSE5281\GSE5281_RAW\GSM238796.CEL.gz","c1a3db7d836771dc7b21d765f2803c6bcdf16c71e0a009b838e1861222cabfcf","c1a3db7d836771dc7b21d765f2803c6bcdf16c71e0a009b838e1861222cabfcf","5032356","5032356","unchanged",""
"01_raw_data\cognitive_impairment_AD\supplementary\GSE5281\GSE5281_RAW\GSM238796.CHP.gz","e0cf04e8ab9367ecfd88ebd691d025ff73121b552dd0f965e1ac483f262a861b","e0cf04e8ab9367ecfd88ebd691d025ff73121b552dd0f965e1ac483f262a861b","302629","302629","unchanged",""
"01_raw_data\cognitive_impairment_AD\supplementary\GSE5281\GSE5281_RAW\GSM238797.CEL.gz","7f90f8a54c125a13ffec72e59cd620cbf3c22cc9bc0b6f960b6c0ec32068e232","7f90f8a54c125a13ffec72e59cd620cbf3c22cc9bc0b6f960b6c0ec32068e232","4625694","4625694","unchanged",""
"01_raw_data\cognitive_impairment_AD\supplementary\GSE5281\GSE5281_RAW\GSM238797.CHP.gz","2034efd9ea11fd07bc418275ffe1acc12445826403691287153eae27cb5e4fac","2034efd9ea11fd07bc418275ffe1acc12445826403691287153eae27cb5e4fac","305065","305065","unchanged",""
"01_raw_data\cognitive_impairment_AD\supplementary\GSE5281\GSE5281_RAW\GSM238798.CEL.gz","225fe3fdc673c3d1ac251da8aae01ac8186152b176294ed142225ebe0c3e4676","225fe3fdc673c3d1ac251da8aae01ac8186152b176294ed142225ebe0c3e4676","4986520","4986520","unchanged",""
"01_raw_data\cognitive_impairment_AD\supplementary\GSE5281\GSE5281_RAW\GSM238798.CHP.gz","689cfab76c99692c59540e0f6ea6d58fd9371ebb8ec051c6b4dec0539da5fe2b","689cfab76c99692c59540e0f6ea6d58fd9371ebb8ec051c6b4dec0539da5fe2b","303681","303681","unchanged",""
"01_raw_data\cognitive_impairment_AD\supplementary\GSE5281\GSE5281_RAW\GSM238799.CEL.gz","99ff589264a950b699c50925818c9f51ff168cfd68cb2ca6cb33525ec380677f","99ff589264a950b699c50925818c9f51ff168cfd68cb2ca6cb33525ec380677f","4867202","4867202","unchanged",""
"01_raw_data\cognitive_impairment_AD\supplementary\GSE5281\GSE5281_RAW\GSM238799.CHP.gz","fa6f2a75069b465d27e3a4692e8e55cda7761a8bba453918f0120e7b58972cfb","fa6f2a75069b465d27e3a4692e8e55cda7761a8bba453918f0120e7b58972cfb","306340","306340","unchanged",""
"01_raw_data\cognitive_impairment_AD\supplementary\GSE5281\GSE5281_RAW\GSM238800.CEL.gz","9ea4da32a3b7e1b26a70e42fa8dc48877b02dc1861bb86f69df8087a0ca95407","9ea4da32a3b7e1b26a70e42fa8dc48877b02dc1861bb86f69df8087a0ca95407","4222194","4222194","unchanged",""
"01_raw_data\cognitive_impairment_AD\supplementary\GSE5281\GSE5281_RAW\GSM238800.CHP.gz","1173136bcb9d0d2ec49b05645d34a1ddb8a709635a0f5943f224698671cf8a6d","1173136bcb9d0d2ec49b05645d34a1ddb8a709635a0f5943f224698671cf8a6d","313118","313118","unchanged",""
"01_raw_data\cognitive_impairment_AD\supplementary\GSE5281\GSE5281_RAW\GSM238801.CEL.gz","65cd8634bc03d88dfd38fb270fdf9e33480b8bd8828d25fd63007ff3c1ad11fa","65cd8634bc03d88dfd38fb270fdf9e33480b8bd8828d25fd63007ff3c1ad11fa","4354650","4354650","unchanged",""
"01_raw_data\cognitive_impairment_AD\supplementary\GSE5281\GSE5281_RAW\GSM238801.CHP.gz","0b0b95944e9f9c0083f4cbdeebaed67dc8518746dfa8ec8a6e0d09d9062c1e56","0b0b95944e9f9c0083f4cbdeebaed67dc8518746dfa8ec8a6e0d09d9062c1e56","311802","311802","unchanged",""
"01_raw_data\cognitive_impairment_AD\supplementary\GSE5281\GSE5281_RAW\GSM238802.CEL.gz","acfe8210ef5e3c395adbdb85321cdc1574b7a12a601b475526e37c7803df14dc","acfe8210ef5e3c395adbdb85321cdc1574b7a12a601b475526e37c7803df14dc","4332208","4332208","unchanged",""
"01_raw_data\cognitive_impairment_AD\supplementary\GSE5281\GSE5281_RAW\GSM238802.CHP.gz","925c123a66d987063753b1bda78aa7ea8ad57a7f664b91e654db078ba4898e56","925c123a66d987063753b1bda78aa7ea8ad57a7f664b91e654db078ba4898e56","312414","312414","unchanged",""
"01_raw_data\cognitive_impairment_AD\supplementary\GSE5281\GSE5281_RAW\GSM238803.CEL.gz","c94eb30e016b835bb50c53a07fbcedb9084733184f0e79ca694b461bcf3869b6","c94eb30e016b835bb50c53a07fbcedb9084733184f0e79ca694b461bcf3869b6","4292624","4292624","unchanged",""
"01_raw_data\cognitive_impairment_AD\supplementary\GSE5281\GSE5281_RAW\GSM238803.CHP.gz","6e6a059c8debc3902791f6c9235f6c3043e18f1a0435fe67925ac946a7962ca2","6e6a059c8debc3902791f6c9235f6c3043e18f1a0435fe67925ac946a7962ca2","312155","312155","unchanged",""
"01_raw_data\cognitive_impairment_AD\supplementary\GSE5281\GSE5281_RAW\GSM238804.CEL.gz","87de38aea53e92829d12f7c94515bfdeb70771c32dc427fe56a343fc24ce07cb","87de38aea53e92829d12f7c94515bfdeb70771c32dc427fe56a343fc24ce07cb","4516042","4516042","unchanged",""
"01_raw_data\cognitive_impairment_AD\supplementary\GSE5281\GSE5281_RAW\GSM238804.CHP.gz","66f8c02b809a080d3a59913d4bdf740727a0d65a92f91fceb947d3c3f22089fa","66f8c02b809a080d3a59913d4bdf740727a0d65a92f91fceb947d3c3f22089fa","309808","309808","unchanged",""
"01_raw_data\cognitive_impairment_AD\supplementary\GSE5281\GSE5281_RAW\GSM238805.CEL.gz","7cb7d41aeff88c9fa0a0a4fff0e559be659cf8a044153f81310f6c76524f1118","7cb7d41aeff88c9fa0a0a4fff0e559be659cf8a044153f81310f6c76524f1118","4378924","4378924","unchanged",""
"01_raw_data\cognitive_impairment_AD\supplementary\GSE5281\GSE5281_RAW\GSM238805.CHP.gz","ce9ff2f03d479c975f68c29e8d8358d19e0a4ee0d8deadcf8bdcd189b4071e8a","ce9ff2f03d479c975f68c29e8d8358d19e0a4ee0d8deadcf8bdcd189b4071e8a","310587","310587","unchanged",""
"01_raw_data\cognitive_impairment_AD\supplementary\GSE5281\GSE5281_RAW\GSM238806.CEL.gz","eb8e48b9fa4c91962612ee0afcbc4ea1df2e29ca436f6a18256b9061f9ec1aa6","eb8e48b9fa4c91962612ee0afcbc4ea1df2e29ca436f6a18256b9061f9ec1aa6","4351921","4351921","unchanged",""
"01_raw_data\cognitive_impairment_AD\supplementary\GSE5281\GSE5281_RAW\GSM238806.CHP.gz","1b26f532e68e8ace680fd9c8c5f6403cce8310119eb39aaef8f4027a50a2b5b4","1b26f532e68e8ace680fd9c8c5f6403cce8310119eb39aaef8f4027a50a2b5b4","310727","310727","unchanged",""
"01_raw_data\cognitive_impairment_AD\supplementary\GSE5281\GSE5281_RAW\GSM238807.CEL.gz","a2a57c45cee29aaa80b73cc5ad8099e6f5b7d7bdb8cf980f7bc705797e5660ac","a2a57c45cee29aaa80b73cc5ad8099e6f5b7d7bdb8cf980f7bc705797e5660ac","4325660","4325660","unchanged",""
"01_raw_data\cognitive_impairment_AD\supplementary\GSE5281\GSE5281_RAW\GSM238807.CHP.gz","ccbebf53ec20f48e6e4c751d636e7dae850d5e8f647537f49af5f16c31cb6d3d","ccbebf53ec20f48e6e4c751d636e7dae850d5e8f647537f49af5f16c31cb6d3d","310799","310799","unchanged",""
"01_raw_data\cognitive_impairment_AD\supplementary\GSE5281\GSE5281_RAW\GSM238808.CEL.gz","c3b1e0561b49cb6c2f76eddbedc801d7473f2486fead2203cf2c8372f16de228","c3b1e0561b49cb6c2f76eddbedc801d7473f2486fead2203cf2c8372f16de228","4159461","4159461","unchanged",""
"01_raw_data\cognitive_impairment_AD\supplementary\GSE5281\GSE5281_RAW\GSM238808.CHP.gz","c849fd0d6d647691af8908a8d186ecf2ba9beb98e856f9c162fde6809688ac48","c849fd0d6d647691af8908a8d186ecf2ba9beb98e856f9c162fde6809688ac48","315240","315240","unchanged",""
"01_raw_data\cognitive_impairment_AD\supplementary\GSE5281\GSE5281_RAW\GSM238809.CEL.gz","b2a19464754cdfa290d3a370f619022c55c3668f4861ef4c9eca6ae38af3f316","b2a19464754cdfa290d3a370f619022c55c3668f4861ef4c9eca6ae38af3f316","4308588","4308588","unchanged",""
"01_raw_data\cognitive_impairment_AD\supplementary\GSE5281\GSE5281_RAW\GSM238809.CHP.gz","96a71bc7918ccdc0fa5a0f92c783385b6254fd17864a6450f7a1dce53e55deee","96a71bc7918ccdc0fa5a0f92c783385b6254fd17864a6450f7a1dce53e55deee","313120","313120","unchanged",""
"01_raw_data\cognitive_impairment_AD\supplementary\GSE5281\GSE5281_RAW\GSM238810.CEL.gz","f0937e8bb846e0ce5f82f953393d51498b8804e05672c1baa25e1b1596e9cb3e","f0937e8bb846e0ce5f82f953393d51498b8804e05672c1baa25e1b1596e9cb3e","4372389","4372389","unchanged",""
"01_raw_data\cognitive_impairment_AD\supplementary\GSE5281\GSE5281_RAW\GSM238810.CHP.gz","4266ff0de93d3a700cdde4bd9a745c9175e86575f4ef3bcb0acceaba563f5265","4266ff0de93d3a700cdde4bd9a745c9175e86575f4ef3bcb0acceaba563f5265","312466","312466","unchanged",""
"01_raw_data\cognitive_impairment_AD\supplementary\GSE5281\GSE5281_RAW\GSM238811.CEL.gz","6ab07f4d6428c3f72bafe11f275ee75b09e127d210deffbed260a605f0cf1dd9","6ab07f4d6428c3f72bafe11f275ee75b09e127d210deffbed260a605f0cf1dd9","4461007","4461007","unchanged",""
"01_raw_data\cognitive_impairment_AD\supplementary\GSE5281\GSE5281_RAW\GSM238811.CHP.gz","b055626adfba3a28cd38c48263e21d86c176a5445575b780da0fe527b27c1fd0","b055626adfba3a28cd38c48263e21d86c176a5445575b780da0fe527b27c1fd0","311367","311367","unchanged",""
"01_raw_data\cognitive_impairment_AD\supplementary\GSE5281\GSE5281_RAW\GSM238812.CEL.gz","2dfacebf56eab1962c91f5db9cb277a23a4b7496ddbe39acc409cbbdc17f4ad8","2dfacebf56eab1962c91f5db9cb277a23a4b7496ddbe39acc409cbbdc17f4ad8","4356122","4356122","unchanged",""
"01_raw_data\cognitive_impairment_AD\supplementary\GSE5281\GSE5281_RAW\GSM238812.CHP.gz","49164616299dbbb6097c598c4556174b06d624cef309439062db532783f84f88","49164616299dbbb6097c598c4556174b06d624cef309439062db532783f84f88","312920","312920","unchanged",""
"01_raw_data\cognitive_impairment_AD\supplementary\GSE5281\GSE5281_RAW\GSM238813.CEL.gz","84a032efc11dd65b384df59b078d3b708875cec8222868682baf6e300c7ea3b4","84a032efc11dd65b384df59b078d3b708875cec8222868682baf6e300c7ea3b4","4219002","4219002","unchanged",""
"01_raw_data\cognitive_impairment_AD\supplementary\GSE5281\GSE5281_RAW\GSM238813.CHP.gz","9e9558e172e02299a898034f907e44325764a8ff7255cd0904401641442b8c68","9e9558e172e02299a898034f907e44325764a8ff7255cd0904401641442b8c68","312999","312999","unchanged",""
"01_raw_data\cognitive_impairment_AD\supplementary\GSE5281\GSE5281_RAW\GSM238815.CEL.gz","ebb6e5086251c358444b6dc02f4e6ba8e2ecc58612d5ed3ab0c0905199bd7c08","ebb6e5086251c358444b6dc02f4e6ba8e2ecc58612d5ed3ab0c0905199bd7c08","4439088","4439088","unchanged",""
"01_raw_data\cognitive_impairment_AD\supplementary\GSE5281\GSE5281_RAW\GSM238815.CHP.gz","9229fe4cea9d5180dc101e9c5140ea0d45a15efcd6e31f7c7704fe8b27663701","9229fe4cea9d5180dc101e9c5140ea0d45a15efcd6e31f7c7704fe8b27663701","311591","311591","unchanged",""
"01_raw_data\cognitive_impairment_AD\supplementary\GSE5281\GSE5281_RAW\GSM238816.CEL.gz","5fd1ca8e4084ac39ea89128afd183c9368a5bc1d32ebd30f0354b7734247a8d7","5fd1ca8e4084ac39ea89128afd183c9368a5bc1d32ebd30f0354b7734247a8d7","4501473","4501473","unchanged",""
"01_raw_data\cognitive_impairment_AD\supplementary\GSE5281\GSE5281_RAW\GSM238816.CHP.gz","1c84859848803bab9d7d5bf24ab8e656dfdca16ef85f864212427bf363241bd1","1c84859848803bab9d7d5bf24ab8e656dfdca16ef85f864212427bf363241bd1","309220","309220","unchanged",""
"01_raw_data\cognitive_impairment_AD\supplementary\GSE5281\GSE5281_RAW\GSM238817.CEL.gz","f459b6dddeaf7c9a411f8fb8a02fc50106d062e033029430d8beaafbe08aad85","f459b6dddeaf7c9a411f8fb8a02fc50106d062e033029430d8beaafbe08aad85","4383847","4383847","unchanged",""
"01_raw_data\cognitive_impairment_AD\supplementary\GSE5281\GSE5281_RAW\GSM238817.CHP.gz","ab8108287af1a156450d61e6010acd443a490ed036a8c7ac43a893fb527615e7","ab8108287af1a156450d61e6010acd443a490ed036a8c7ac43a893fb527615e7","311005","311005","unchanged",""
"01_raw_data\cognitive_impairment_AD\supplementary\GSE5281\GSE5281_RAW\GSM238818.CEL.gz","726bb5f0c86b3ee0317c87213bbee179e3d656a32e1b7407de6dfd6672c7c930","726bb5f0c86b3ee0317c87213bbee179e3d656a32e1b7407de6dfd6672c7c930","4688856","4688856","unchanged",""
"01_raw_data\cognitive_impairment_AD\supplementary\GSE5281\GSE5281_RAW\GSM238818.CHP.gz","bced6a4cf2719844c39b795dc4f55bb31a5e36b3703c6a7e9572c74aa68f3677","bced6a4cf2719844c39b795dc4f55bb31a5e36b3703c6a7e9572c74aa68f3677","309096","309096","unchanged",""
"01_raw_data\cognitive_impairment_AD\supplementary\GSE5281\GSE5281_RAW\GSM238819.CEL.gz","c92e40b01acf0b994462274e92ecbba63399b143ee02e7b227a6cfa6eefb2ffd","c92e40b01acf0b994462274e92ecbba63399b143ee02e7b227a6cfa6eefb2ffd","4340920","4340920","unchanged",""
"01_raw_data\cognitive_impairment_AD\supplementary\GSE5281\GSE5281_RAW\GSM238819.CHP.gz","bf1c638e5d3ee13fca403ec65d9da5d305785a3294a0914cdee99b20d49bb104","bf1c638e5d3ee13fca403ec65d9da5d305785a3294a0914cdee99b20d49bb104","311683","311683","unchanged",""
"01_raw_data\cognitive_impairment_AD\supplementary\GSE5281\GSE5281_RAW\GSM238820.CEL.gz","1c77193553f3a3c34eafb77296ac2ea5fe769efde13a212ba58e39059326a2cc","1c77193553f3a3c34eafb77296ac2ea5fe769efde13a212ba58e39059326a2cc","4421049","4421049","unchanged",""
"01_raw_data\cognitive_impairment_AD\supplementary\GSE5281\GSE5281_RAW\GSM238820.CHP.gz","b3fc6fa9cb758adee257d6a6c4add2050db985ef40188de7a3ded44dcf2df4f5","b3fc6fa9cb758adee257d6a6c4add2050db985ef40188de7a3ded44dcf2df4f5","310803","310803","unchanged",""
"01_raw_data\cognitive_impairment_AD\supplementary\GSE5281\GSE5281_RAW\GSM238821.CEL.gz","10a9778a04adddbce50738dae1f1aa22e4e85c33e741c73954dfe31c66ad684e","10a9778a04adddbce50738dae1f1aa22e4e85c33e741c73954dfe31c66ad684e","4661822","4661822","unchanged",""
"01_raw_data\cognitive_impairment_AD\supplementary\GSE5281\GSE5281_RAW\GSM238821.CHP.gz","b5e446ca518fd524b32b67c1dd01cc5fb2923ee762d93fdcf7688b91a1c6e251","b5e446ca518fd524b32b67c1dd01cc5fb2923ee762d93fdcf7688b91a1c6e251","308827","308827","unchanged",""
"01_raw_data\cognitive_impairment_AD\supplementary\GSE5281\GSE5281_RAW\GSM238822.CEL.gz","074e4fee5f327208ace086adf2fd0c15d9fad62a77b58d41117268aafa55cc88","074e4fee5f327208ace086adf2fd0c15d9fad62a77b58d41117268aafa55cc88","4168234","4168234","unchanged",""
"01_raw_data\cognitive_impairment_AD\supplementary\GSE5281\GSE5281_RAW\GSM238822.CHP.gz","9666eb83a7581025d0f066e31ca9b66449cabd6da762ac97261445faf5af9161","9666eb83a7581025d0f066e31ca9b66449cabd6da762ac97261445faf5af9161","313397","313397","unchanged",""
"01_raw_data\cognitive_impairment_AD\supplementary\GSE5281\GSE5281_RAW\GSM238823.CEL.gz","c9c2c7b4b9eaea3a53f18a9fd38e1a6b2a8b52f8c81d50ff89797e1fb6d2650f","c9c2c7b4b9eaea3a53f18a9fd38e1a6b2a8b52f8c81d50ff89797e1fb6d2650f","4353738","4353738","unchanged",""
"01_raw_data\cognitive_impairment_AD\supplementary\GSE5281\GSE5281_RAW\GSM238823.CHP.gz","7d9d9b5d24eee37037a0f77b92257e00ddae2450e6f61a60dd887c350d80bcac","7d9d9b5d24eee37037a0f77b92257e00ddae2450e6f61a60dd887c350d80bcac","309025","309025","unchanged",""
"01_raw_data\cognitive_impairment_AD\supplementary\GSE5281\GSE5281_RAW\GSM238824.CEL.gz","c1d95848d118b111a0433ca4885e868fb598821051d3bf11b4e4f2a9291ee359","c1d95848d118b111a0433ca4885e868fb598821051d3bf11b4e4f2a9291ee359","4210339","4210339","unchanged",""
"01_raw_data\cognitive_impairment_AD\supplementary\GSE5281\GSE5281_RAW\GSM238824.CHP.gz","260e821c963ab4c4978f07375ad6a890a3992af551e862efdaf6f8177c71bda0","260e821c963ab4c4978f07375ad6a890a3992af551e862efdaf6f8177c71bda0","310885","310885","unchanged",""
"01_raw_data\cognitive_impairment_AD\supplementary\GSE5281\GSE5281_RAW\GSM238825.CEL.gz","b1c93dadd7427658952f9683e561402619f68b86f95d3620b0cc76741b725583","b1c93dadd7427658952f9683e561402619f68b86f95d3620b0cc76741b725583","4340725","4340725","unchanged",""
"01_raw_data\cognitive_impairment_AD\supplementary\GSE5281\GSE5281_RAW\GSM238825.CHP.gz","0524dc4e43cdc7506d04dea277f1b17c523a071123a05904a62bc4aebcb537b5","0524dc4e43cdc7506d04dea277f1b17c523a071123a05904a62bc4aebcb537b5","311063","311063","unchanged",""
"01_raw_data\cognitive_impairment_AD\supplementary\GSE5281\GSE5281_RAW\GSM238826.CEL.gz","7e40c8a1d28da2e70db75bf53ce84683183b7e33c035695304c7516a60a3e361","7e40c8a1d28da2e70db75bf53ce84683183b7e33c035695304c7516a60a3e361","4256008","4256008","unchanged",""
"01_raw_data\cognitive_impairment_AD\supplementary\GSE5281\GSE5281_RAW\GSM238826.CHP.gz","f9129f131c954d194831037cd67a4acd0e2e96d2383b6ef76e0a92dd1cc5893d","f9129f131c954d194831037cd67a4acd0e2e96d2383b6ef76e0a92dd1cc5893d","313497","313497","unchanged",""
"01_raw_data\cognitive_impairment_AD\supplementary\GSE5281\GSE5281_RAW\GSM238827.CEL.gz","4ad10e975193d53b5710c6f65e57433c6224bbfb07d479895a243febdd7fe9ac","4ad10e975193d53b5710c6f65e57433c6224bbfb07d479895a243febdd7fe9ac","4137420","4137420","unchanged",""
"01_raw_data\cognitive_impairment_AD\supplementary\GSE5281\GSE5281_RAW\GSM238827.CHP.gz","7b09989b956367875bf190456d421e8c26f27e1622972961e0096c1142dfce7f","7b09989b956367875bf190456d421e8c26f27e1622972961e0096c1142dfce7f","312207","312207","unchanged",""
"01_raw_data\cognitive_impairment_AD\supplementary\GSE5281\GSE5281_RAW\GSM238834.CEL.gz","e0d3d9b3e92c2a2ec663d1ecda97a0a8878ecd7f24907c6f729a578a997f123e","e0d3d9b3e92c2a2ec663d1ecda97a0a8878ecd7f24907c6f729a578a997f123e","4245495","4245495","unchanged",""
"01_raw_data\cognitive_impairment_AD\supplementary\GSE5281\GSE5281_RAW\GSM238834.CHP.gz","232aa4c58f777639ad79656b3f18d783e394cd30fb4bcf264bdeb19dd11b1566","232aa4c58f777639ad79656b3f18d783e394cd30fb4bcf264bdeb19dd11b1566","313047","313047","unchanged",""
"01_raw_data\cognitive_impairment_AD\supplementary\GSE5281\GSE5281_RAW\GSM238835.CEL.gz","13503d018d27ea86e1bdc1019884d33efe7217fe549084f6a449312c023bcf0a","13503d018d27ea86e1bdc1019884d33efe7217fe549084f6a449312c023bcf0a","4714872","4714872","unchanged",""
"01_raw_data\cognitive_impairment_AD\supplementary\GSE5281\GSE5281_RAW\GSM238835.CHP.gz","009cdc08aef8ddb27b5d283c8d2f7ae25e74d1b0625a1fe6e9560f0e8055ce1f","009cdc08aef8ddb27b5d283c8d2f7ae25e74d1b0625a1fe6e9560f0e8055ce1f","308038","308038","unchanged",""
"01_raw_data\cognitive_impairment_AD\supplementary\GSE5281\GSE5281_RAW\GSM238837.CEL.gz","6490a506c841f4e4bb4f4a7eb9732bc97a1fd223c47544c6c4927e61f7185974","6490a506c841f4e4bb4f4a7eb9732bc97a1fd223c47544c6c4927e61f7185974","4254446","4254446","unchanged",""
"01_raw_data\cognitive_impairment_AD\supplementary\GSE5281\GSE5281_RAW\GSM238837.CHP.gz","20eec7edfb9513a7987153a59a7c10521fb5b44b96cb62d017ffdd281f405990","20eec7edfb9513a7987153a59a7c10521fb5b44b96cb62d017ffdd281f405990","310230","310230","unchanged",""
"01_raw_data\cognitive_impairment_AD\supplementary\GSE5281\GSE5281_RAW\GSM238838.CEL.gz","99c2ca74996572d678232f1aedc33761baf56655ebdfd6557a8c89380477fe7c","99c2ca74996572d678232f1aedc33761baf56655ebdfd6557a8c89380477fe7c","4165403","4165403","unchanged",""
"01_raw_data\cognitive_impairment_AD\supplementary\GSE5281\GSE5281_RAW\GSM238838.CHP.gz","ee67c932d703472cefae6fdf5f810b58946628549f295d36af0cc503987f2e8a","ee67c932d703472cefae6fdf5f810b58946628549f295d36af0cc503987f2e8a","311859","311859","unchanged",""
"01_raw_data\cognitive_impairment_AD\supplementary\GSE5281\GSE5281_RAW\GSM238839.CEL.gz","98409e774a71bfcac1bc87c9aa0ffc20c374736b63e9b3dea362f02278f90e10","98409e774a71bfcac1bc87c9aa0ffc20c374736b63e9b3dea362f02278f90e10","4327736","4327736","unchanged",""
"01_raw_data\cognitive_impairment_AD\supplementary\GSE5281\GSE5281_RAW\GSM238839.CHP.gz","a0ab1f0660346e248e92d2330c7634bda6c7586425c6b7d9970eae5db309d53a","a0ab1f0660346e248e92d2330c7634bda6c7586425c6b7d9970eae5db309d53a","311230","311230","unchanged",""
"01_raw_data\cognitive_impairment_AD\supplementary\GSE5281\GSE5281_RAW\GSM238840.CEL.gz","b03021655e4716b4f6acbb3fbb23e8ee8dd1940607828c25af2e5ea9ca8b5983","b03021655e4716b4f6acbb3fbb23e8ee8dd1940607828c25af2e5ea9ca8b5983","4186033","4186033","unchanged",""
"01_raw_data\cognitive_impairment_AD\supplementary\GSE5281\GSE5281_RAW\GSM238840.CHP.gz","6dd7d8f3b92cbc7c16937bcc3d9fb7e3e61393597aa182930933ad650dd959a5","6dd7d8f3b92cbc7c16937bcc3d9fb7e3e61393597aa182930933ad650dd959a5","314723","314723","unchanged",""
"01_raw_data\cognitive_impairment_AD\supplementary\GSE5281\GSE5281_RAW\GSM238841.CEL.gz","7385f8885dd409da90654444a29c97a85aade03f4cebc893730a18ccdd19dc22","7385f8885dd409da90654444a29c97a85aade03f4cebc893730a18ccdd19dc22","4337713","4337713","unchanged",""
"01_raw_data\cognitive_impairment_AD\supplementary\GSE5281\GSE5281_RAW\GSM238841.CHP.gz","2ee113634db43b67a0653e416bd4196f6bc3d51c7ef41c2cf0d8577411797d89","2ee113634db43b67a0653e416bd4196f6bc3d51c7ef41c2cf0d8577411797d89","313109","313109","unchanged",""
"01_raw_data\cognitive_impairment_AD\supplementary\GSE5281\GSE5281_RAW\GSM238842.CEL.gz","81afd54728ff2c35fa7dd114139c330cef524f901eb31da9fc2282c0ef88b535","81afd54728ff2c35fa7dd114139c330cef524f901eb31da9fc2282c0ef88b535","4281244","4281244","unchanged",""
"01_raw_data\cognitive_impairment_AD\supplementary\GSE5281\GSE5281_RAW\GSM238842.CHP.gz","56621180715566d3bc8d923eadb6fe92b4eb2f1ab7e5a17b7ce86e3f795546c8","56621180715566d3bc8d923eadb6fe92b4eb2f1ab7e5a17b7ce86e3f795546c8","313162","313162","unchanged",""
"01_raw_data\cognitive_impairment_AD\supplementary\GSE5281\GSE5281_RAW\GSM238843.CEL.gz","84a9be4bac0fcbb922573a7a7c1c0730caa7ac040e41b977e5f69a3f1f3ee3d3","84a9be4bac0fcbb922573a7a7c1c0730caa7ac040e41b977e5f69a3f1f3ee3d3","4508644","4508644","unchanged",""
"01_raw_data\cognitive_impairment_AD\supplementary\GSE5281\GSE5281_RAW\GSM238843.CHP.gz","ed6e078249cb74d66afdf5a0958c5f2199985919db475d423aa5beccc61c616a","ed6e078249cb74d66afdf5a0958c5f2199985919db475d423aa5beccc61c616a","310725","310725","unchanged",""
"01_raw_data\cognitive_impairment_AD\supplementary\GSE5281\GSE5281_RAW\GSM238844.CEL.gz","f35ad65330f67ca80e1bfbf9b643df8c7cd582a3e3155c05e1fd08cd7c4747c8","f35ad65330f67ca80e1bfbf9b643df8c7cd582a3e3155c05e1fd08cd7c4747c8","4580330","4580330","unchanged",""
"01_raw_data\cognitive_impairment_AD\supplementary\GSE5281\GSE5281_RAW\GSM238844.CHP.gz","1ba453de265179bb5aaead1673bc0806f462042589790c416ee0775e970d6aa9","1ba453de265179bb5aaead1673bc0806f462042589790c416ee0775e970d6aa9","308906","308906","unchanged",""
"01_raw_data\cognitive_impairment_AD\supplementary\GSE5281\GSE5281_RAW\GSM238845.CEL.gz","915e8c9f14f0e47000d70683ea7b91da0d70e5086f2f8041c0e14d5d8757ae21","915e8c9f14f0e47000d70683ea7b91da0d70e5086f2f8041c0e14d5d8757ae21","4447889","4447889","unchanged",""
"01_raw_data\cognitive_impairment_AD\supplementary\GSE5281\GSE5281_RAW\GSM238845.CHP.gz","1d30c309b85e86826d33c8bc1150370afc8d26fe2231be81af1bb46e971ffa83","1d30c309b85e86826d33c8bc1150370afc8d26fe2231be81af1bb46e971ffa83","311686","311686","unchanged",""
"01_raw_data\cognitive_impairment_AD\supplementary\GSE5281\GSE5281_RAW\GSM238846.CEL.gz","034c14e6b27ec306f914abcce63a4589f3c1e8e1128b77cc31ffa0cd11e31026","034c14e6b27ec306f914abcce63a4589f3c1e8e1128b77cc31ffa0cd11e31026","4737720","4737720","unchanged",""
"01_raw_data\cognitive_impairment_AD\supplementary\GSE5281\GSE5281_RAW\GSM238846.CHP.gz","b71b7434c8a79e38730575025581123bb7dfcaa9376d79457e97b47ac2cb1084","b71b7434c8a79e38730575025581123bb7dfcaa9376d79457e97b47ac2cb1084","308675","308675","unchanged",""
"01_raw_data\cognitive_impairment_AD\supplementary\GSE5281\GSE5281_RAW\GSM238847.CEL.gz","b1ce48de2e378144b6210c0041f7e900571bd2e8a9906f204d9613bf36d8b7ca","b1ce48de2e378144b6210c0041f7e900571bd2e8a9906f204d9613bf36d8b7ca","4615856","4615856","unchanged",""
"01_raw_data\cognitive_impairment_AD\supplementary\GSE5281\GSE5281_RAW\GSM238847.CHP.gz","b057e7c62abb369fe1db20d03d1e61d1aed45494ad0d6b794380f528177cd788","b057e7c62abb369fe1db20d03d1e61d1aed45494ad0d6b794380f528177cd788","308479","308479","unchanged",""
"01_raw_data\cognitive_impairment_AD\supplementary\GSE5281\GSE5281_RAW\GSM238848.CEL.gz","7e3eac08b389257f1f31e3a225dd9da8587fcb5100f06574a2dd05b17d827458","7e3eac08b389257f1f31e3a225dd9da8587fcb5100f06574a2dd05b17d827458","4191142","4191142","unchanged",""
"01_raw_data\cognitive_impairment_AD\supplementary\GSE5281\GSE5281_RAW\GSM238848.CHP.gz","d906d3d3a836e54755ea79fee9a407ff6eee39b38c2657b0a09798b3429ae2ff","d906d3d3a836e54755ea79fee9a407ff6eee39b38c2657b0a09798b3429ae2ff","314603","314603","unchanged",""
"01_raw_data\cognitive_impairment_AD\supplementary\GSE5281\GSE5281_RAW\GSM238851.CEL.gz","b8e606154c36cbcc80fc81b7d665327d0c53f28c91490827476087abeba310a3","b8e606154c36cbcc80fc81b7d665327d0c53f28c91490827476087abeba310a3","4704768","4704768","unchanged",""
"01_raw_data\cognitive_impairment_AD\supplementary\GSE5281\GSE5281_RAW\GSM238851.CHP.gz","7da288663de2140cf436280d9bc897445af7e92f8f1c5a60e5d63810f5ed68c6","7da288663de2140cf436280d9bc897445af7e92f8f1c5a60e5d63810f5ed68c6","307911","307911","unchanged",""
"01_raw_data\cognitive_impairment_AD\supplementary\GSE5281\GSE5281_RAW\GSM238854.CEL.gz","773394de2c1ac33473e2be9caccc9df44b87ca089072a5ae850162c7fb4ed099","773394de2c1ac33473e2be9caccc9df44b87ca089072a5ae850162c7fb4ed099","4734168","4734168","unchanged",""
"01_raw_data\cognitive_impairment_AD\supplementary\GSE5281\GSE5281_RAW\GSM238854.CHP.gz","e66b2c181125187938bb8e93715d326e7f6f78facbdf58c2c2f28cbb61b3b765","e66b2c181125187938bb8e93715d326e7f6f78facbdf58c2c2f28cbb61b3b765","306713","306713","unchanged",""
"01_raw_data\cognitive_impairment_AD\supplementary\GSE5281\GSE5281_RAW\GSM238855.CEL.gz","dfa9ea1aa52b5c6c58549a49d8910db718d98c77d64e7e3c0aecd146f133adf5","dfa9ea1aa52b5c6c58549a49d8910db718d98c77d64e7e3c0aecd146f133adf5","4297871","4297871","unchanged",""
"01_raw_data\cognitive_impairment_AD\supplementary\GSE5281\GSE5281_RAW\GSM238855.CHP.gz","421d850ae3692162e1bd132442cc349a8197d8c4ec11de947ae239a95749a2d9","421d850ae3692162e1bd132442cc349a8197d8c4ec11de947ae239a95749a2d9","310043","310043","unchanged",""
"01_raw_data\cognitive_impairment_AD\supplementary\GSE5281\GSE5281_RAW\GSM238856.CEL.gz","e37417fe796f7fe0f6e5b48954fca55858826c45fb177b135254daa0fd6ca980","e37417fe796f7fe0f6e5b48954fca55858826c45fb177b135254daa0fd6ca980","4344010","4344010","unchanged",""
"01_raw_data\cognitive_impairment_AD\supplementary\GSE5281\GSE5281_RAW\GSM238856.CHP.gz","5b60fc09488abf03b4799a420f62bc79c2525f11f903f23096b159a5def0b91e","5b60fc09488abf03b4799a420f62bc79c2525f11f903f23096b159a5def0b91e","312649","312649","unchanged",""
"01_raw_data\cognitive_impairment_AD\supplementary\GSE5281\GSE5281_RAW\GSM238857.CEL.gz","4fe918cfd1c62620d051c1ebe5c9b5cd38e36b4e805013cf61580863f33c76bc","4fe918cfd1c62620d051c1ebe5c9b5cd38e36b4e805013cf61580863f33c76bc","4818944","4818944","unchanged",""
"01_raw_data\cognitive_impairment_AD\supplementary\GSE5281\GSE5281_RAW\GSM238857.CHP.gz","8b44a4490e0cada36df2d962d75964c8b5eba42cdb13b9bf051c8cf3efa24d40","8b44a4490e0cada36df2d962d75964c8b5eba42cdb13b9bf051c8cf3efa24d40","307305","307305","unchanged",""
"01_raw_data\cognitive_impairment_AD\supplementary\GSE5281\GSE5281_RAW\GSM238858.CEL.gz","0314069372185fd544997580de8e022f48fd90ac4f8797bb0d81117907206bde","0314069372185fd544997580de8e022f48fd90ac4f8797bb0d81117907206bde","4132559","4132559","unchanged",""
"01_raw_data\cognitive_impairment_AD\supplementary\GSE5281\GSE5281_RAW\GSM238858.CHP.gz","59d49b53dcb9669639d0f592f39cb596ba389c5f20bb9e45c7e1a639a3e8da13","59d49b53dcb9669639d0f592f39cb596ba389c5f20bb9e45c7e1a639a3e8da13","313061","313061","unchanged",""
"01_raw_data\cognitive_impairment_AD\supplementary\GSE5281\GSE5281_RAW\GSM238860.CEL.gz","b8d89dfdbe9f8010690f361dd9cea2f3b0174288d10d87781ed54b102da74987","b8d89dfdbe9f8010690f361dd9cea2f3b0174288d10d87781ed54b102da74987","4267441","4267441","unchanged",""
"01_raw_data\cognitive_impairment_AD\supplementary\GSE5281\GSE5281_RAW\GSM238860.CHP.gz","db23af1f24f1d21df11c6643c09dc620a83a35a07df81be39572c7c35ea6f0bd","db23af1f24f1d21df11c6643c09dc620a83a35a07df81be39572c7c35ea6f0bd","311668","311668","unchanged",""
"01_raw_data\cognitive_impairment_AD\supplementary\GSE5281\GSE5281_RAW\GSM238861.CEL.gz","40f2170da56a91a2f2f3c9cf2a61dc535f0d007b73ece185e0d2c9e6faf7ce69","40f2170da56a91a2f2f3c9cf2a61dc535f0d007b73ece185e0d2c9e6faf7ce69","4341838","4341838","unchanged",""
"01_raw_data\cognitive_impairment_AD\supplementary\GSE5281\GSE5281_RAW\GSM238861.CHP.gz","f7b3ae71db75d4ff1455ba9e90278daadbf5c5080ab75e03b5f9881b6c8b9343","f7b3ae71db75d4ff1455ba9e90278daadbf5c5080ab75e03b5f9881b6c8b9343","311594","311594","unchanged",""
"01_raw_data\cognitive_impairment_AD\supplementary\GSE5281\GSE5281_RAW\GSM238862.CEL.gz","a1a8ee4cb27ae83df2ca675303384fd3dcb6feacebf00778aaa0251c611efb2c","a1a8ee4cb27ae83df2ca675303384fd3dcb6feacebf00778aaa0251c611efb2c","4420035","4420035","unchanged",""
"01_raw_data\cognitive_impairment_AD\supplementary\GSE5281\GSE5281_RAW\GSM238862.CHP.gz","174b12197f149266c2a1f8dcce33b9a77227bef77a57e17748de00497bf2dd82","174b12197f149266c2a1f8dcce33b9a77227bef77a57e17748de00497bf2dd82","309417","309417","unchanged",""
"01_raw_data\cognitive_impairment_AD\supplementary\GSE5281\GSE5281_RAW\GSM238863.CEL.gz","ffddd72015d8fbe8fa7c03bca23d620088ce1cae9d3c911374d26ab72f7e7a73","ffddd72015d8fbe8fa7c03bca23d620088ce1cae9d3c911374d26ab72f7e7a73","4490054","4490054","unchanged",""
"01_raw_data\cognitive_impairment_AD\supplementary\GSE5281\GSE5281_RAW\GSM238863.CHP.gz","169ed67bd3ce9b71041005668406086f0c2d144d9124e32443df90e03ad5c0bd","169ed67bd3ce9b71041005668406086f0c2d144d9124e32443df90e03ad5c0bd","311208","311208","unchanged",""
"01_raw_data\cognitive_impairment_AD\supplementary\GSE5281\GSE5281_RAW\GSM238864.CEL.gz","d9f4970f8dd005818baa7d2b44e90440166cf77ee7c3ce5472d448b3067769ce","d9f4970f8dd005818baa7d2b44e90440166cf77ee7c3ce5472d448b3067769ce","4929155","4929155","unchanged",""
"01_raw_data\cognitive_impairment_AD\supplementary\GSE5281\GSE5281_RAW\GSM238864.CHP.gz","41f01d9ce5e2c5f3d474f5a9b09c1da90a29ba045e7c54b47c6cd9a3bcd13081","41f01d9ce5e2c5f3d474f5a9b09c1da90a29ba045e7c54b47c6cd9a3bcd13081","306951","306951","unchanged",""
"01_raw_data\cognitive_impairment_AD\supplementary\GSE5281\GSE5281_RAW\GSM238865.CEL.gz","9a212fab4f7af962f065d0248d5ce83946ecca38775cc7d6db9f7b291f781881","9a212fab4f7af962f065d0248d5ce83946ecca38775cc7d6db9f7b291f781881","4176143","4176143","unchanged",""
"01_raw_data\cognitive_impairment_AD\supplementary\GSE5281\GSE5281_RAW\GSM238865.CHP.gz","7bf0943c9098b6f91004a4577919c916f938bccf5779765a968b9d488200feb1","7bf0943c9098b6f91004a4577919c916f938bccf5779765a968b9d488200feb1","317074","317074","unchanged",""
"01_raw_data\cognitive_impairment_AD\supplementary\GSE5281\GSE5281_RAW\GSM238867.CEL.gz","b7aafc2c7bfcf5b2f54028fd9424f1f17f61a74e4d82cade661c50b5243fec62","b7aafc2c7bfcf5b2f54028fd9424f1f17f61a74e4d82cade661c50b5243fec62","4473143","4473143","unchanged",""
"01_raw_data\cognitive_impairment_AD\supplementary\GSE5281\GSE5281_RAW\GSM238867.CHP.gz","cd1acfc51b15aedadb491420b21244393ea84fc65405f6a9255d68a47a33f06c","cd1acfc51b15aedadb491420b21244393ea84fc65405f6a9255d68a47a33f06c","310147","310147","unchanged",""
"01_raw_data\cognitive_impairment_AD\supplementary\GSE5281\GSE5281_RAW\GSM238868.CEL.gz","8dd2b0be1e17d0b27fa45e0fcd25b275a9c3b571c331ca80875169d9db7df567","8dd2b0be1e17d0b27fa45e0fcd25b275a9c3b571c331ca80875169d9db7df567","4685286","4685286","unchanged",""
"01_raw_data\cognitive_impairment_AD\supplementary\GSE5281\GSE5281_RAW\GSM238868.CHP.gz","4438e2b620d2e5e13bf527e5490cbab8d4d8e43b9cbe12f42c12092c0c819711","4438e2b620d2e5e13bf527e5490cbab8d4d8e43b9cbe12f42c12092c0c819711","308245","308245","unchanged",""
"01_raw_data\cognitive_impairment_AD\supplementary\GSE5281\GSE5281_RAW\GSM238870.CEL.gz","3fc5707f8eb56ed64d0de080b5d383ddc928b8fcc33b66e98530a3f4ab73acdb","3fc5707f8eb56ed64d0de080b5d383ddc928b8fcc33b66e98530a3f4ab73acdb","4630214","4630214","unchanged",""
"01_raw_data\cognitive_impairment_AD\supplementary\GSE5281\GSE5281_RAW\GSM238870.CHP.gz","33443d7e9a59e0aa6508b0b13ebe1c27308160b00ad85f1cd5cbd50a0ec99093","33443d7e9a59e0aa6508b0b13ebe1c27308160b00ad85f1cd5cbd50a0ec99093","310879","310879","unchanged",""
"01_raw_data\cognitive_impairment_AD\supplementary\GSE5281\GSE5281_RAW\GSM238871.CEL.gz","7df41ef78fd1a62be5933936edd10cea21e8c8600e6f4c4ec38d07d08dbd8e2d","7df41ef78fd1a62be5933936edd10cea21e8c8600e6f4c4ec38d07d08dbd8e2d","4624740","4624740","unchanged",""
"01_raw_data\cognitive_impairment_AD\supplementary\GSE5281\GSE5281_RAW\GSM238871.CHP.gz","c795042d84b7cd1878b881755e6ceea5bd31997eff347b3841533b2ad0ec056f","c795042d84b7cd1878b881755e6ceea5bd31997eff347b3841533b2ad0ec056f","309482","309482","unchanged",""
"01_raw_data\cognitive_impairment_AD\supplementary\GSE5281\GSE5281_RAW\GSM238872.CEL.gz","62be0934c0511ea86c2b7455a75841a21a65482426d9195e106e7abed83bfc1b","62be0934c0511ea86c2b7455a75841a21a65482426d9195e106e7abed83bfc1b","4551625","4551625","unchanged",""
"01_raw_data\cognitive_impairment_AD\supplementary\GSE5281\GSE5281_RAW\GSM238872.CHP.gz","96549ec6d2661949781d5bbd529bb4778bc8b9fa0460ea4787cccba318ae0095","96549ec6d2661949781d5bbd529bb4778bc8b9fa0460ea4787cccba318ae0095","309223","309223","unchanged",""
"01_raw_data\cognitive_impairment_AD\supplementary\GSE5281\GSE5281_RAW\GSM238873.CEL.gz","d7a1e5a6decdab53ccb4788179139b2c2e180862342e3ee16c707bc7060ec2b3","d7a1e5a6decdab53ccb4788179139b2c2e180862342e3ee16c707bc7060ec2b3","4712319","4712319","unchanged",""
"01_raw_data\cognitive_impairment_AD\supplementary\GSE5281\GSE5281_RAW\GSM238873.CHP.gz","7e134e3ecc9cd0c84e2643ec90f5bafe09d51046bdcc53a686dd2b2c73e55660","7e134e3ecc9cd0c84e2643ec90f5bafe09d51046bdcc53a686dd2b2c73e55660","307753","307753","unchanged",""
"01_raw_data\cognitive_impairment_AD\supplementary\GSE5281\GSE5281_RAW\GSM238874.CEL.gz","bc158a4ebba793d008a82bf9d10c7334a3070da7aa2e176ce32b02847530b4b8","bc158a4ebba793d008a82bf9d10c7334a3070da7aa2e176ce32b02847530b4b8","4371617","4371617","unchanged",""
"01_raw_data\cognitive_impairment_AD\supplementary\GSE5281\GSE5281_RAW\GSM238874.CHP.gz","426ffbc4b96e46aa5f714755ef80eda8ad5f46e0083d004d1adb1749bb0a6935","426ffbc4b96e46aa5f714755ef80eda8ad5f46e0083d004d1adb1749bb0a6935","311732","311732","unchanged",""
"01_raw_data\cognitive_impairment_AD\supplementary\GSE5281\GSE5281_RAW\GSM238875.CEL.gz","e963c85b69c17c79bcccae844f41590933d511efa0399fd2af29f0071ab0555b","e963c85b69c17c79bcccae844f41590933d511efa0399fd2af29f0071ab0555b","4619397","4619397","unchanged",""
"01_raw_data\cognitive_impairment_AD\supplementary\GSE5281\GSE5281_RAW\GSM238875.CHP.gz","b97309d255f08238ae4581d3e5f956253fc655a606a729c6c1df3ad0a157f222","b97309d255f08238ae4581d3e5f956253fc655a606a729c6c1df3ad0a157f222","310437","310437","unchanged",""
"01_raw_data\cognitive_impairment_AD\supplementary\GSE5281\GSE5281_RAW\GSM238877.CEL.gz","42c4df28c4c35a3bf4ebdf0c52c4a7618b70527389c363003cf1b4501478276c","42c4df28c4c35a3bf4ebdf0c52c4a7618b70527389c363003cf1b4501478276c","4629732","4629732","unchanged",""
"01_raw_data\cognitive_impairment_AD\supplementary\GSE5281\GSE5281_RAW\GSM238877.CHP.gz","0a45ab9ecd0508c94b84cb8ddf66843e04d30a3a44d7d2f82a9a71509f295368","0a45ab9ecd0508c94b84cb8ddf66843e04d30a3a44d7d2f82a9a71509f295368","309692","309692","unchanged",""
"01_raw_data\cognitive_impairment_AD\supplementary\GSE5281\GSE5281_RAW\GSM238941.CEL.gz","faa27eba6ffd483866f6bcc9cb066f9928cced419447f41f2feb825e18b73a66","faa27eba6ffd483866f6bcc9cb066f9928cced419447f41f2feb825e18b73a66","4165904","4165904","unchanged",""
"01_raw_data\cognitive_impairment_AD\supplementary\GSE5281\GSE5281_RAW\GSM238941.CHP.gz","65eb4326ccf83c5798d57e9b732928a943a3549228eb65454535412515e64b16","65eb4326ccf83c5798d57e9b732928a943a3549228eb65454535412515e64b16","311333","311333","unchanged",""
"01_raw_data\cognitive_impairment_AD\supplementary\GSE5281\GSE5281_RAW\GSM238942.CEL.gz","977e89ee71dfdf69947d7d5f8b81ef8da75d8efaad7b9dcdeb1656ad08da40ee","977e89ee71dfdf69947d7d5f8b81ef8da75d8efaad7b9dcdeb1656ad08da40ee","4758734","4758734","unchanged",""
"01_raw_data\cognitive_impairment_AD\supplementary\GSE5281\GSE5281_RAW\GSM238942.CHP.gz","f943ac09078afde6b8e39ab749675753efeb01ebb29570e323f7882e938ed1a7","f943ac09078afde6b8e39ab749675753efeb01ebb29570e323f7882e938ed1a7","308552","308552","unchanged",""
"01_raw_data\cognitive_impairment_AD\supplementary\GSE5281\GSE5281_RAW\GSM238943.CEL.gz","7d4319e3a7ece18f85da466e1c9f70de52f8881483f52566444de9f9c5c005d5","7d4319e3a7ece18f85da466e1c9f70de52f8881483f52566444de9f9c5c005d5","4190949","4190949","unchanged",""
"01_raw_data\cognitive_impairment_AD\supplementary\GSE5281\GSE5281_RAW\GSM238943.CHP.gz","4b97974986e707effc93edb7132113960419c0079a7b0553a4370bd3505efb0c","4b97974986e707effc93edb7132113960419c0079a7b0553a4370bd3505efb0c","308031","308031","unchanged",""
"01_raw_data\cognitive_impairment_AD\supplementary\GSE5281\GSE5281_RAW\GSM238944.CEL.gz","836967f1336c3a72eacaa795fe76e759cee0041b955ea1d8e35eb8a880e8bdc8","836967f1336c3a72eacaa795fe76e759cee0041b955ea1d8e35eb8a880e8bdc8","4148807","4148807","unchanged",""
"01_raw_data\cognitive_impairment_AD\supplementary\GSE5281\GSE5281_RAW\GSM238944.CHP.gz","658f474288db66eba014de2fa0514c292cdff21de514a3ad2fe3900c27679840","658f474288db66eba014de2fa0514c292cdff21de514a3ad2fe3900c27679840","311401","311401","unchanged",""
"01_raw_data\cognitive_impairment_AD\supplementary\GSE5281\GSE5281_RAW\GSM238945.CEL.gz","29e7edaa2eb6dfaa9029de0b8667963b0f06737c84dcd3360e38f18bd9a37ca0","29e7edaa2eb6dfaa9029de0b8667963b0f06737c84dcd3360e38f18bd9a37ca0","4348967","4348967","unchanged",""
"01_raw_data\cognitive_impairment_AD\supplementary\GSE5281\GSE5281_RAW\GSM238945.CHP.gz","d918e384d175531b0ca337f129fbb7d3f07d95ef5612d96838442de20a1d4f8f","d918e384d175531b0ca337f129fbb7d3f07d95ef5612d96838442de20a1d4f8f","310793","310793","unchanged",""
"01_raw_data\cognitive_impairment_AD\supplementary\GSE5281\GSE5281_RAW\GSM238946.CEL.gz","9176110e3264c50039a8b23c1eb7aa14622e8577f9bde765635d5bfc08a9522f","9176110e3264c50039a8b23c1eb7aa14622e8577f9bde765635d5bfc08a9522f","4167977","4167977","unchanged",""
"01_raw_data\cognitive_impairment_AD\supplementary\GSE5281\GSE5281_RAW\GSM238946.CHP.gz","eb1b22d917ee932f5fbca223aa4871635089b71ae76c9aca0142a57d78214a41","eb1b22d917ee932f5fbca223aa4871635089b71ae76c9aca0142a57d78214a41","314051","314051","unchanged",""
"01_raw_data\cognitive_impairment_AD\supplementary\GSE5281\GSE5281_RAW\GSM238947.CEL.gz","b289ee437d8d50c764f9c76872f94a88909b25d297b0d75e1c633abd199a3945","b289ee437d8d50c764f9c76872f94a88909b25d297b0d75e1c633abd199a3945","4190200","4190200","unchanged",""
"01_raw_data\cognitive_impairment_AD\supplementary\GSE5281\GSE5281_RAW\GSM238947.CHP.gz","f376453f29e07448063b51f8010797b4d204f5ba92720512646cb79595c12dd3","f376453f29e07448063b51f8010797b4d204f5ba92720512646cb79595c12dd3","313865","313865","unchanged",""
"01_raw_data\cognitive_impairment_AD\supplementary\GSE5281\GSE5281_RAW\GSM238948.CEL.gz","2fb20021e007721f9c2b27cbbacac3d370bae744f63d3cb2013bf6359e9fc924","2fb20021e007721f9c2b27cbbacac3d370bae744f63d3cb2013bf6359e9fc924","4209041","4209041","unchanged",""
"01_raw_data\cognitive_impairment_AD\supplementary\GSE5281\GSE5281_RAW\GSM238948.CHP.gz","20c0707deabe873bb9df8af0ccff3e11e2757e0a753121ba21221b2afd6d3ec4","20c0707deabe873bb9df8af0ccff3e11e2757e0a753121ba21221b2afd6d3ec4","311729","311729","unchanged",""
"01_raw_data\cognitive_impairment_AD\supplementary\GSE5281\GSE5281_RAW\GSM238949.CEL.gz","2dfd7bf36eea5d6dc5a9f8265e2a2e638f4761e833626a31aa11fd3bb09c1528","2dfd7bf36eea5d6dc5a9f8265e2a2e638f4761e833626a31aa11fd3bb09c1528","4120315","4120315","unchanged",""
"01_raw_data\cognitive_impairment_AD\supplementary\GSE5281\GSE5281_RAW\GSM238949.CHP.gz","3303af5d7d18f17e54c08986dd8f91c36af4a6dbf59e022da9a0a451d6eeb6cc","3303af5d7d18f17e54c08986dd8f91c36af4a6dbf59e022da9a0a451d6eeb6cc","314553","314553","unchanged",""
"01_raw_data\cognitive_impairment_AD\supplementary\GSE5281\GSE5281_RAW\GSM238951.CEL.gz","5e890ed94202d08420b9a455a1c5dbea79eaf159808349bdde69c975bf80c4a1","5e890ed94202d08420b9a455a1c5dbea79eaf159808349bdde69c975bf80c4a1","4658318","4658318","unchanged",""
"01_raw_data\cognitive_impairment_AD\supplementary\GSE5281\GSE5281_RAW\GSM238951.CHP.gz","16a0f17b33c1679b00c8f3d41b55f668708099047d7954b37d166b0830aa9c4d","16a0f17b33c1679b00c8f3d41b55f668708099047d7954b37d166b0830aa9c4d","309007","309007","unchanged",""
"01_raw_data\cognitive_impairment_AD\supplementary\GSE5281\GSE5281_RAW\GSM238952.CEL.gz","6951e7a736585e976f53d4bd1c69148a7f467b89a7214337865cc4b8212d7388","6951e7a736585e976f53d4bd1c69148a7f467b89a7214337865cc4b8212d7388","4431318","4431318","unchanged",""
"01_raw_data\cognitive_impairment_AD\supplementary\GSE5281\GSE5281_RAW\GSM238952.CHP.gz","71eca056237212273e9a0901bbe0ddf856e007994e50f212cabbb2412b292b03","71eca056237212273e9a0901bbe0ddf856e007994e50f212cabbb2412b292b03","311956","311956","unchanged",""
"01_raw_data\cognitive_impairment_AD\supplementary\GSE5281\GSE5281_RAW\GSM238953.CEL.gz","68445009a74f40b6807ecb339ec4c51f65bc528dd5fee900cc55ff03153bbb7b","68445009a74f40b6807ecb339ec4c51f65bc528dd5fee900cc55ff03153bbb7b","4744265","4744265","unchanged",""
"01_raw_data\cognitive_impairment_AD\supplementary\GSE5281\GSE5281_RAW\GSM238953.CHP.gz","f6f104fc04f0fe55ac074d19904763bf792847480528152a89d0769c8ed17a35","f6f104fc04f0fe55ac074d19904763bf792847480528152a89d0769c8ed17a35","308230","308230","unchanged",""
"01_raw_data\cognitive_impairment_AD\supplementary\GSE5281\GSE5281_RAW\GSM238955.CEL.gz","aadea5c805d9c3b49d0131bf5d9551125b2d9708b4299980a26587c11a277c75","aadea5c805d9c3b49d0131bf5d9551125b2d9708b4299980a26587c11a277c75","4206896","4206896","unchanged",""
"01_raw_data\cognitive_impairment_AD\supplementary\GSE5281\GSE5281_RAW\GSM238955.CHP.gz","78df1d9bbb858a4e48de1b7009483aa07a927709543dcfb9a0ac83386c5ad8cc","78df1d9bbb858a4e48de1b7009483aa07a927709543dcfb9a0ac83386c5ad8cc","313638","313638","unchanged",""
"01_raw_data\cognitive_impairment_AD\supplementary\GSE5281\GSE5281_RAW\GSM238963.CEL.gz","a3f244c4fe4cdd05685bc1d5414cd1b66e732c1f3ca8f042d8efdd86a3eedc3d","a3f244c4fe4cdd05685bc1d5414cd1b66e732c1f3ca8f042d8efdd86a3eedc3d","4283415","4283415","unchanged",""
"01_raw_data\cognitive_impairment_AD\supplementary\GSE5281\GSE5281_RAW\GSM238963.CHP.gz","475a5edf495d3e9e1968ab891454cf9bab7d69eff0744a8c17dc98b98e06a370","475a5edf495d3e9e1968ab891454cf9bab7d69eff0744a8c17dc98b98e06a370","311186","311186","unchanged",""
"01_raw_data\cognitive_impairment_AD\supplementary\GSE5281\GSE5281_sample_characteristics.xls","63f684ea03eaba5d66dd78f055e03a39b587eb653049d3985848925e55159b71","63f684ea03eaba5d66dd78f055e03a39b587eb653049d3985848925e55159b71","85504","85504","unchanged",""
"01_raw_data\depression_MDD\GSE102556\expression_matrix_part1.rds","0c64b6c1cd5ebe59a28e3ac8f11f3ec93f9d49a91431db060a8d2d4d7f4bce1c","0c64b6c1cd5ebe59a28e3ac8f11f3ec93f9d49a91431db060a8d2d4d7f4bce1c","687","687","unchanged",""
"01_raw_data\depression_MDD\GSE102556\expression_matrix_part2.rds","096bd1af195fa7366f19ffe6d7b3a81ddc9160e304b2e1565f622516a21e602f","096bd1af195fa7366f19ffe6d7b3a81ddc9160e304b2e1565f622516a21e602f","273","273","unchanged",""
"01_raw_data\depression_MDD\GSE102556\pheno_data_part1.rds","7916d2b796f1f816bd176732593a5aceb09ca336d0a0aeef6e0a45a2a83d1abe","7916d2b796f1f816bd176732593a5aceb09ca336d0a0aeef6e0a45a2a83d1abe","13026","13026","unchanged",""
"01_raw_data\depression_MDD\GSE102556\pheno_data_part2.rds","b687f240927d1bff124677b8242bf80d977c6ba78b41d3e44a08209e7170a32e","b687f240927d1bff124677b8242bf80d977c6ba78b41d3e44a08209e7170a32e","4490","4490","unchanged",""
"01_raw_data\depression_MDD\GSE98793\expression_matrix.rds","1a5feb10abdbab5b6c20539b927136f43b49847c01ad138275c6ee2e7ec516ad","1a5feb10abdbab5b6c20539b927136f43b49847c01ad138275c6ee2e7ec516ad","76375428","76375428","unchanged",""
"01_raw_data\depression_MDD\GSE98793\pheno_data.rds","5f3fd8bfd0d5b477f4d262b4855481ef4ed45239b8a397a59a43c84f52fca811","5f3fd8bfd0d5b477f4d262b4855481ef4ed45239b8a397a59a43c84f52fca811","10243","10243","unchanged",""
"01_raw_data\depression_MDD\supplementary\GSE102556\GSE102556_HumanMDD_fpkmtab.txt","d7abe8b0a9931cfe4eeeed2d7c22003bcc60335581a2f822297b31e7ed8b542b","d7abe8b0a9931cfe4eeeed2d7c22003bcc60335581a2f822297b31e7ed8b542b","78658181","78658181","unchanged",""
"01_raw_data\depression_MDD\supplementary\GSE102556\GSE102556_HumanMDD_fpkmtab.txt.gz","bf0759b9a452644d593d7ee13ed2d0823c74a8a3c33827d66f39b9fd66970b7c","bf0759b9a452644d593d7ee13ed2d0823c74a8a3c33827d66f39b9fd66970b7c","78645645","78645645","unchanged",""
"01_raw_data\depression_MDD\supplementary\GSE102556\GSE102556_MouseCUS_fpkmtab.txt","6e2dc38810617362e2d7ac9b03b1a4b551ac8b67fad2063b99ce21203e1afa57","6e2dc38810617362e2d7ac9b03b1a4b551ac8b67fad2063b99ce21203e1afa57","9701563","9701563","unchanged",""
"01_raw_data\depression_MDD\supplementary\GSE102556\GSE102556_MouseCUS_fpkmtab.txt.gz","c9427c95a857f9cbf32b4457324d06df07956f82f48e53a742928988356e736e","c9427c95a857f9cbf32b4457324d06df07956f82f48e53a742928988356e736e","9700095","9700095","unchanged",""
"01_raw_data\depression_MDD\supplementary\GSE98793\GSE98793_RAW.tar","9892af92929a973fcf949d794809ad19c11c5f7e03df1b01999dbe6fda4c088d","9892af92929a973fcf949d794809ad19c11c5f7e03df1b01999dbe6fda4c088d","898590720","898590720","unchanged",""
"01_raw_data\depression_MDD\supplementary\GSE98793\GSE98793_RAW\GSM2612096_GP1531_01C_77_SS124064_HG-U133_Plus_2_HCHP-91605_.CEL.gz","8dbeed6c7b54ae8ac48a72e9b73252997991cf275f3e1ef54c23bcfe38b2fc9f","8dbeed6c7b54ae8ac48a72e9b73252997991cf275f3e1ef54c23bcfe38b2fc9f","4359039","4359039","unchanged",""
"01_raw_data\depression_MDD\supplementary\GSE98793\GSE98793_RAW\GSM2612097_GP1531_02C_80_SS124082_HG-U133_Plus_2_HCHP-91608_.CEL.gz","c9e7aa0ea4bf9fe8733ce83f09297f5514d74e24cc974f7b4fe2f9ac6c0025a6","c9e7aa0ea4bf9fe8733ce83f09297f5514d74e24cc974f7b4fe2f9ac6c0025a6","4472206","4472206","unchanged",""
"01_raw_data\depression_MDD\supplementary\GSE98793\GSE98793_RAW\GSM2612098_GP1531_03C_92_SS124084_HG-U133_Plus_2_HCHP-91620_.CEL.gz","2fdd261734ce00aadc9a6a937677069f0af775e4f722a01378d1b59f33141094","2fdd261734ce00aadc9a6a937677069f0af775e4f722a01378d1b59f33141094","4670556","4670556","unchanged",""
"01_raw_data\depression_MDD\supplementary\GSE98793\GSE98793_RAW\GSM2612099_GP1531_04C_12_SS124086_HG-U133_Plus_2_HCHP-87372_.CEL.gz","e86c3c6fc3e0350883c29df002396c4c227214d77a4ac61fee0b8673b2427107","e86c3c6fc3e0350883c29df002396c4c227214d77a4ac61fee0b8673b2427107","4758000","4758000","unchanged",""
"01_raw_data\depression_MDD\supplementary\GSE98793\GSE98793_RAW\GSM2612100_GP1531_05C_42_SS124088_HG-U133_Plus_2_HCHP-88538_.CEL.gz","e2db5e9dac8a57a298232c0a5ce8a36cddc401321353917d8804569e9807daf1","e2db5e9dac8a57a298232c0a5ce8a36cddc401321353917d8804569e9807daf1","4328589","4328589","unchanged",""
"01_raw_data\depression_MDD\supplementary\GSE98793\GSE98793_RAW\GSM2612101_GP1531_06C_44_SS124090_HG-U133_Plus_2_HCHP-88540_.CEL.gz","bf27149df4da38373f4aab6a1b92c3ac6292f07f17577363f2f613f110c91a6a","bf27149df4da38373f4aab6a1b92c3ac6292f07f17577363f2f613f110c91a6a","4386083","4386083","unchanged",""
"01_raw_data\depression_MDD\supplementary\GSE98793\GSE98793_RAW\GSM2612102_GP1531_07C_43_SS124092_HG-U133_Plus_2_HCHP-88539_.CEL.gz","b4765c92996606aeaae60dd4c2966b61d4bfb51ca6ff55082a83b2118577ffc9","b4765c92996606aeaae60dd4c2966b61d4bfb51ca6ff55082a83b2118577ffc9","4292326","4292326","unchanged",""
"01_raw_data\depression_MDD\supplementary\GSE98793\GSE98793_RAW\GSM2612103_GP1531_08C_67_SS124094_HG-U133_Plus_2_HCHP-90339_.CEL.gz","eadc3838504c0575c14f9f40e85833c19ad88dfda611ceb10cce0d7f21b5d995","eadc3838504c0575c14f9f40e85833c19ad88dfda611ceb10cce0d7f21b5d995","4472099","4472099","unchanged",""
"01_raw_data\depression_MDD\supplementary\GSE98793\GSE98793_RAW\GSM2612104_GP1531_09C_03_SS124096_HG-U133_Plus_2_HCHP-87363_.CEL.gz","21fd3e9456c76073366ef0727121493377d8d92296ee83c7b10a2d4f2bd8a33e","21fd3e9456c76073366ef0727121493377d8d92296ee83c7b10a2d4f2bd8a33e","4606340","4606340","unchanged",""
"01_raw_data\depression_MDD\supplementary\GSE98793\GSE98793_RAW\GSM2612105_GP1531_10C_32_SS124098_HG-U133_Plus_2_HCHP-88528_.CEL.gz","49fbecfe430adcca38cc741f4a000a68322e6a40d1674c2bc7e1dc7d87e4c8a0","49fbecfe430adcca38cc741f4a000a68322e6a40d1674c2bc7e1dc7d87e4c8a0","4471583","4471583","unchanged",""
"01_raw_data\depression_MDD\supplementary\GSE98793\GSE98793_RAW\GSM2612106_GP1531_11C_79_SS124100_HG-U133_Plus_2_HCHP-91607_.CEL.gz","c948c002c078d364a2386ebbdccf3ae6654a6976fc026ca75c1ae74a97c64523","c948c002c078d364a2386ebbdccf3ae6654a6976fc026ca75c1ae74a97c64523","4409780","4409780","unchanged",""
"01_raw_data\depression_MDD\supplementary\GSE98793\GSE98793_RAW\GSM2612107_GP1531_12C_69_SS124066_HG-U133_Plus_2_HCHP-90341_.CEL.gz","f86f84b894173ba31971595d8855878bedc71f5e829ff0a6eb5d00929014a54a","f86f84b894173ba31971595d8855878bedc71f5e829ff0a6eb5d00929014a54a","4516295","4516295","unchanged",""
"01_raw_data\depression_MDD\supplementary\GSE98793\GSE98793_RAW\GSM2612108_GP1531_13C_19_SS124102_HG-U133_Plus_2_HCHP-87379_.CEL.gz","f480507f790894c0c94fafcbab7654af6aef8cd257ecdb394b17b990b0017480","f480507f790894c0c94fafcbab7654af6aef8cd257ecdb394b17b990b0017480","4514169","4514169","unchanged",""
"01_raw_data\depression_MDD\supplementary\GSE98793\GSE98793_RAW\GSM2612109_GP1531_14C_08_SS124104_HG-U133_Plus_2_HCHP-87368_.CEL.gz","7b79fabda7b64eaa71cd0674f9251ff5d7e43e96f18261d1b308c8a8f538b3ec","7b79fabda7b64eaa71cd0674f9251ff5d7e43e96f18261d1b308c8a8f538b3ec","4688861","4688861","unchanged",""
"01_raw_data\depression_MDD\supplementary\GSE98793\GSE98793_RAW\GSM2612110_GP1531_15C_61_SS124106_HG-U133_Plus_2_HCHP-90333_.CEL.gz","88aea9e62cf84ecea63ef1e6858cb7db2c6ee7ab0360f0fc208bc2e01964fe01","88aea9e62cf84ecea63ef1e6858cb7db2c6ee7ab0360f0fc208bc2e01964fe01","4522723","4522723","unchanged",""
"01_raw_data\depression_MDD\supplementary\GSE98793\GSE98793_RAW\GSM2612111_GP1531_16C_60_SS124108_HG-U133_Plus_2_HCHP-90332_.CEL.gz","97ad4a86e36dfc5b1254075b146c68ae3db43ca7af08fdf55278ec76840984ab","97ad4a86e36dfc5b1254075b146c68ae3db43ca7af08fdf55278ec76840984ab","4164501","4164501","unchanged",""
"01_raw_data\depression_MDD\supplementary\GSE98793\GSE98793_RAW\GSM2612112_GP1531_17C_76_SS124110_HG-U133_Plus_2_HCHP-91604_.CEL.gz","321636c2f7b5c356d542b96132b6bece5affbab429326985727371dfd34aca3e","321636c2f7b5c356d542b96132b6bece5affbab429326985727371dfd34aca3e","4601522","4601522","unchanged",""
"01_raw_data\depression_MDD\supplementary\GSE98793\GSE98793_RAW\GSM2612113_GP1531_18C_22_SS124112_HG-U133_Plus_2_HCHP-87382_.CEL.gz","6878a1d9b9a6d78ac89b6d0a73b4cda538d80e39d39d31801145c211bf6ece84","6878a1d9b9a6d78ac89b6d0a73b4cda538d80e39d39d31801145c211bf6ece84","4567975","4567975","unchanged",""
"01_raw_data\depression_MDD\supplementary\GSE98793\GSE98793_RAW\GSM2612114_GP1531_19C_51_SS124114_HG-U133_Plus_2_HCHP-90323_.CEL.gz","8624d4b6e33e8499f7cc56fcbfb466188099d9c1170c2e20e99ce9030edca951","8624d4b6e33e8499f7cc56fcbfb466188099d9c1170c2e20e99ce9030edca951","4262949","4262949","unchanged",""
"01_raw_data\depression_MDD\supplementary\GSE98793\GSE98793_RAW\GSM2612115_GP1531_20C_35_SS124116_HG-U133_Plus_2_HCHP-88531_.CEL.gz","6cf4ba1f002535bd09498d6053056885c24171686f5ba9649fa284aea1d72ce9","6cf4ba1f002535bd09498d6053056885c24171686f5ba9649fa284aea1d72ce9","4337989","4337989","unchanged",""
"01_raw_data\depression_MDD\supplementary\GSE98793\GSE98793_RAW\GSM2612116_GP1531_21C_07_SS124118_HG-U133_Plus_2_HCHP-87367_.CEL.gz","298bf16704b0d5fad582173d25f3f3ae7ee175973dee4ac4820e8a8a8f4e561c","298bf16704b0d5fad582173d25f3f3ae7ee175973dee4ac4820e8a8a8f4e561c","4610897","4610897","unchanged",""
"01_raw_data\depression_MDD\supplementary\GSE98793\GSE98793_RAW\GSM2612117_GP1531_22C_20_SS124120_HG-U133_Plus_2_HCHP-87380_.CEL.gz","6e3efe6d9eb5cd97c65b0210fee3d0c6e6cec91a8da9767343eb1995289c603b","6e3efe6d9eb5cd97c65b0210fee3d0c6e6cec91a8da9767343eb1995289c603b","4283523","4283523","unchanged",""
"01_raw_data\depression_MDD\supplementary\GSE98793\GSE98793_RAW\GSM2612118_GP1531_23C_94_SS124068_HG-U133_Plus_2_HCHP-91622_.CEL.gz","de4a81e4faa05de48303dc786cd0c5f6aa024fbb66c0c3539e8f2e0c94029d79","de4a81e4faa05de48303dc786cd0c5f6aa024fbb66c0c3539e8f2e0c94029d79","4564244","4564244","unchanged",""
"01_raw_data\depression_MDD\supplementary\GSE98793\GSE98793_RAW\GSM2612119_GP1531_24C_13_SS124122_HG-U133_Plus_2_HCHP-87373_.CEL.gz","5a4c17b6d6bfff9f5b833d27d285124835bafacb34839897c53c625e6725a7ad","5a4c17b6d6bfff9f5b833d27d285124835bafacb34839897c53c625e6725a7ad","4280458","4280458","unchanged",""
"01_raw_data\depression_MDD\supplementary\GSE98793\GSE98793_RAW\GSM2612120_GP1531_25C_89_SS124124_HG-U133_Plus_2_HCHP-91617_.CEL.gz","161ee9a3faf8d10a50f45539214c8c8d78159ab064872679d34c09ae307268a6","161ee9a3faf8d10a50f45539214c8c8d78159ab064872679d34c09ae307268a6","4509258","4509258","unchanged",""
"01_raw_data\depression_MDD\supplementary\GSE98793\GSE98793_RAW\GSM2612121_GP1531_26C_74_SS124126_HG-U133_Plus_2_HCHP-91602_.CEL.gz","93a90d10da5d886b727d585e99da224d6e594c0fef0a5a9175af1b9fe1e44ccb","93a90d10da5d886b727d585e99da224d6e594c0fef0a5a9175af1b9fe1e44ccb","4388931","4388931","unchanged",""
"01_raw_data\depression_MDD\supplementary\GSE98793\GSE98793_RAW\GSM2612122_GP1531_27C_41_SS124070_HG-U133_Plus_2_HCHP-88537_.CEL.gz","54fc1f60c29362dda2615d93c47a47ba7f5096befdddc7004bb4f1c6003f52d3","54fc1f60c29362dda2615d93c47a47ba7f5096befdddc7004bb4f1c6003f52d3","4254173","4254173","unchanged",""
"01_raw_data\depression_MDD\supplementary\GSE98793\GSE98793_RAW\GSM2612123_GP1531_28C_62_SS124072_HG-U133_Plus_2_HCHP-90334_.CEL.gz","2f78d0c66e3c8f1d1541368a0fb4e5490297eb97844e0bf3a8e4ebd9a7be233c","2f78d0c66e3c8f1d1541368a0fb4e5490297eb97844e0bf3a8e4ebd9a7be233c","4337971","4337971","unchanged",""
"01_raw_data\depression_MDD\supplementary\GSE98793\GSE98793_RAW\GSM2612124_GP1531_29C_36_SS124074_HG-U133_Plus_2_HCHP-88532_.CEL.gz","e1eba54aceb7612bcd69f50f2300e8aa7645d6d7d6863d954717e8d80f144972","e1eba54aceb7612bcd69f50f2300e8aa7645d6d7d6863d954717e8d80f144972","4485142","4485142","unchanged",""
"01_raw_data\depression_MDD\supplementary\GSE98793\GSE98793_RAW\GSM2612125_GP1531_30C_50_SS124076_HG-U133_Plus_2_HCHP-90322_.CEL.gz","4f787f95ca8ceafd9c529bc6dd2c398cd5a4870aaca03b3089f26cfa2cbc9cc5","4f787f95ca8ceafd9c529bc6dd2c398cd5a4870aaca03b3089f26cfa2cbc9cc5","4152447","4152447","unchanged",""
"01_raw_data\depression_MDD\supplementary\GSE98793\GSE98793_RAW\GSM2612126_GP1531_31C_55_SS124078_HG-U133_Plus_2_HCHP-90327_.CEL.gz","65c60baf07d38baa95bc959396ba7e963efc1581c6edb57664a55f1a553d2b24","65c60baf07d38baa95bc959396ba7e963efc1581c6edb57664a55f1a553d2b24","4270868","4270868","unchanged",""
"01_raw_data\depression_MDD\supplementary\GSE98793\GSE98793_RAW\GSM2612127_GP1531_32C_38_SS124080_HG-U133_Plus_2_HCHP-88534_.CEL.gz","7b58660d68c9a8f9c4d23236405d01ca5ed74c1198a6073cdd4a61de60d62a36","7b58660d68c9a8f9c4d23236405d01ca5ed74c1198a6073cdd4a61de60d62a36","4284615","4284615","unchanged",""
"01_raw_data\depression_MDD\supplementary\GSE98793\GSE98793_RAW\GSM2612128_GP1531_33D_63_SS124192_HG-U133_Plus_2_HCHP-90335_.CEL.gz","685de4739cc5ca321ce88a5276113d00695761508dd6b8ebc7d94f49c70d96c1","685de4739cc5ca321ce88a5276113d00695761508dd6b8ebc7d94f49c70d96c1","4430016","4430016","unchanged",""
"01_raw_data\depression_MDD\supplementary\GSE98793\GSE98793_RAW\GSM2612129_GP1531_34D_57_SS124210_HG-U133_Plus_2_HCHP-90329_.CEL.gz","c841f04240de24e93bb7a212676364bc33fa704dbcd17866e2f394e86dd0c1f3","c841f04240de24e93bb7a212676364bc33fa704dbcd17866e2f394e86dd0c1f3","4306458","4306458","unchanged",""
"01_raw_data\depression_MDD\supplementary\GSE98793\GSE98793_RAW\GSM2612130_GP1531_35D_17_SS124212_HG-U133_Plus_2_HCHP-87377_.CEL.gz","29c383557bc874ac43a49f8968e8f52c39e075bcdbb68c52173077cab82f26c1","29c383557bc874ac43a49f8968e8f52c39e075bcdbb68c52173077cab82f26c1","4476585","4476585","unchanged",""
"01_raw_data\depression_MDD\supplementary\GSE98793\GSE98793_RAW\GSM2612131_GP1531_36D_21_SS124214_HG-U133_Plus_2_HCHP-87381_.CEL.gz","6d4cb4c9396ba07ddcc185edbf7124f4a45ce8b833558433ceb32c82c7c29d7a","6d4cb4c9396ba07ddcc185edbf7124f4a45ce8b833558433ceb32c82c7c29d7a","4589112","4589112","unchanged",""
"01_raw_data\depression_MDD\supplementary\GSE98793\GSE98793_RAW\GSM2612132_GP1531_37D_33_SS124216_HG-U133_Plus_2_HCHP-88529_.CEL.gz","71bacedf59bc00425b924ffbb29a752f1f94972f70dd173efdb09aab30b69e1f","71bacedf59bc00425b924ffbb29a752f1f94972f70dd173efdb09aab30b69e1f","4529254","4529254","unchanged",""
"01_raw_data\depression_MDD\supplementary\GSE98793\GSE98793_RAW\GSM2612133_GP1531_38D_95_SS124218_HG-U133_Plus_2_HCHP-91623_.CEL.gz","f12677b4b2f7d7a947db165332f04d5768d8cce93e10d1d542dfda0feb4420bd","f12677b4b2f7d7a947db165332f04d5768d8cce93e10d1d542dfda0feb4420bd","4629140","4629140","unchanged",""
"01_raw_data\depression_MDD\supplementary\GSE98793\GSE98793_RAW\GSM2612134_GP1531_39D_28_SS124220_HG-U133_Plus_2_HCHP-88524_.CEL.gz","d443bd63fe8e7904fdf6ca2f832f2fc528719113479c3913105a9f32408fed59","d443bd63fe8e7904fdf6ca2f832f2fc528719113479c3913105a9f32408fed59","4370176","4370176","unchanged",""
"01_raw_data\depression_MDD\supplementary\GSE98793\GSE98793_RAW\GSM2612135_GP1531_40D_90_SS124222_HG-U133_Plus_2_HCHP-91618_.CEL.gz","e0f737f0b4854d16cff6e2ab3243975e03299eaab0a8da27cbe072912c6fa743","e0f737f0b4854d16cff6e2ab3243975e03299eaab0a8da27cbe072912c6fa743","4497643","4497643","unchanged",""
"01_raw_data\depression_MDD\supplementary\GSE98793\GSE98793_RAW\GSM2612136_GP1531_41D_85_SS124224_HG-U133_Plus_2_HCHP-91613_.CEL.gz","30a7600232340e97ea369a7269890a6331b5d523de0a4796097aef0812551e5c","30a7600232340e97ea369a7269890a6331b5d523de0a4796097aef0812551e5c","4452758","4452758","unchanged",""
"01_raw_data\depression_MDD\supplementary\GSE98793\GSE98793_RAW\GSM2612137_GP1531_42D_96_SS124226_HG-U133_Plus_2_HCHP-91624_.CEL.gz","a810d0bf9c521fdd28f7a4db39b54c9d4606c82c2c7964e86c985291e63188b7","a810d0bf9c521fdd28f7a4db39b54c9d4606c82c2c7964e86c985291e63188b7","4533204","4533204","unchanged",""
"01_raw_data\depression_MDD\supplementary\GSE98793\GSE98793_RAW\GSM2612138_GP1531_43D_52_SS124228_HG-U133_Plus_2_HCHP-90324_.CEL.gz","4206cc7e71520c69645c04ba3dc84f921edf4e02788e7cc33f1b6ca52898fea2","4206cc7e71520c69645c04ba3dc84f921edf4e02788e7cc33f1b6ca52898fea2","4300918","4300918","unchanged",""
"01_raw_data\depression_MDD\supplementary\GSE98793\GSE98793_RAW\GSM2612139_GP1531_44D_25_SS124194_HG-U133_Plus_2_HCHP-88521_.CEL.gz","0b0c4bb5d442c8f617d8fe1f8677a20603359e87e10300e2e80a4c1c8cb749f9","0b0c4bb5d442c8f617d8fe1f8677a20603359e87e10300e2e80a4c1c8cb749f9","4491428","4491428","unchanged",""
"01_raw_data\depression_MDD\supplementary\GSE98793\GSE98793_RAW\GSM2612140_GP1531_45D_31_SS124230_HG-U133_Plus_2_HCHP-88527_.CEL.gz","a70577239fd774dc11997aa4b9fbf5a5d34763bb0890925761594d9bdb5b1087","a70577239fd774dc11997aa4b9fbf5a5d34763bb0890925761594d9bdb5b1087","4485607","4485607","unchanged",""
"01_raw_data\depression_MDD\supplementary\GSE98793\GSE98793_RAW\GSM2612141_GP1531_46D_72_SS124232_HG-U133_Plus_2_HCHP-90344_.CEL.gz","9834c6e04b6b346be1c0ee204faa516b59f482522ea0de28dc2a3e716bac35b7","9834c6e04b6b346be1c0ee204faa516b59f482522ea0de28dc2a3e716bac35b7","4424111","4424111","unchanged",""
"01_raw_data\depression_MDD\supplementary\GSE98793\GSE98793_RAW\GSM2612142_GP1531_47D_64_SS124234_HG-U133_Plus_2_HCHP-90336_.CEL.gz","2aa3400d4c1e95051c92fe6a6ebfa4abe5435e99b9012fec0eb709b153c863db","2aa3400d4c1e95051c92fe6a6ebfa4abe5435e99b9012fec0eb709b153c863db","4451198","4451198","unchanged",""
"01_raw_data\depression_MDD\supplementary\GSE98793\GSE98793_RAW\GSM2612143_GP1531_48D_09_SS124236_HG-U133_Plus_2_HCHP-87369_.CEL.gz","56450bb4cab1a1efcdfd4398c0582cae44fbdde20af495fbe0b474107dd5bbee","56450bb4cab1a1efcdfd4398c0582cae44fbdde20af495fbe0b474107dd5bbee","4618973","4618973","unchanged",""
"01_raw_data\depression_MDD\supplementary\GSE98793\GSE98793_RAW\GSM2612144_GP1531_49D_30_SS124238_HG-U133_Plus_2_HCHP-88526_.CEL.gz","df81949fe7e47985138ebd7cde661dab510c028f8661a74294ad5467719d8841","df81949fe7e47985138ebd7cde661dab510c028f8661a74294ad5467719d8841","4492165","4492165","unchanged",""
"01_raw_data\depression_MDD\supplementary\GSE98793\GSE98793_RAW\GSM2612145_GP1531_50D_54_SS124240_HG-U133_Plus_2_HCHP-90326_.CEL.gz","0a2d062f21a7a76a9e22b8a017921b196a02901fab38bf24f329c70704cbc3ff","0a2d062f21a7a76a9e22b8a017921b196a02901fab38bf24f329c70704cbc3ff","4487447","4487447","unchanged",""
"01_raw_data\depression_MDD\supplementary\GSE98793\GSE98793_RAW\GSM2612146_GP1531_51D_88_SS124242_HG-U133_Plus_2_HCHP-91616_.CEL.gz","9588126290b7f0281587882cc1ffe3ecf4064cf6e5721d69b760a5d7bd0ef99b","9588126290b7f0281587882cc1ffe3ecf4064cf6e5721d69b760a5d7bd0ef99b","4572660","4572660","unchanged",""
"01_raw_data\depression_MDD\supplementary\GSE98793\GSE98793_RAW\GSM2612147_GP1531_52D_24_SS124244_HG-U133_Plus_2_HCHP-87384_.CEL.gz","9c0f0ade61844de03c12b34bcf409683edc3086599ba5fa7189f032207840d67","9c0f0ade61844de03c12b34bcf409683edc3086599ba5fa7189f032207840d67","4552765","4552765","unchanged",""
"01_raw_data\depression_MDD\supplementary\GSE98793\GSE98793_RAW\GSM2612148_GP1531_53D_27_SS124246_HG-U133_Plus_2_HCHP-88523_.CEL.gz","a06383b5ded4d7239e955ed6ad8489ea63873a25ca487b80fbf6636a07d834d0","a06383b5ded4d7239e955ed6ad8489ea63873a25ca487b80fbf6636a07d834d0","4616210","4616210","unchanged",""
"01_raw_data\depression_MDD\supplementary\GSE98793\GSE98793_RAW\GSM2612149_GP1531_54D_16_SS124248_HG-U133_Plus_2_HCHP-87376_.CEL.gz","ba4623b5721e090b818fd54ca7bf689b700b654ef3d9f5f19a2ff7210001d2c0","ba4623b5721e090b818fd54ca7bf689b700b654ef3d9f5f19a2ff7210001d2c0","4465330","4465330","unchanged",""
"01_raw_data\depression_MDD\supplementary\GSE98793\GSE98793_RAW\GSM2612150_GP1531_55D_01_SS124196_HG-U133_Plus_2_HCHP-87361_.CEL.gz","1c84460154c8cd14347676eb985627b32252a9aabf9897ac6671d2375591ebfe","1c84460154c8cd14347676eb985627b32252a9aabf9897ac6671d2375591ebfe","4422001","4422001","unchanged",""
"01_raw_data\depression_MDD\supplementary\GSE98793\GSE98793_RAW\GSM2612151_GP1531_56D_82_SS124250_HG-U133_Plus_2_HCHP-91610_.CEL.gz","1b38ece41af97dd94f27361b1826c94d562e8701491847f4cf98b1f6e068783b","1b38ece41af97dd94f27361b1826c94d562e8701491847f4cf98b1f6e068783b","4459008","4459008","unchanged",""
"01_raw_data\depression_MDD\supplementary\GSE98793\GSE98793_RAW\GSM2612152_GP1531_57D_78_SS124252_HG-U133_Plus_2_HCHP-91606_.CEL.gz","043a64eb6dfeb56ff1166979a5b9cd82ea7590488390a285b4a9df54912f9124","043a64eb6dfeb56ff1166979a5b9cd82ea7590488390a285b4a9df54912f9124","4505540","4505540","unchanged",""
"01_raw_data\depression_MDD\supplementary\GSE98793\GSE98793_RAW\GSM2612153_GP1531_58D_56_SS124254_HG-U133_Plus_2_HCHP-90328_.CEL.gz","c14aca0117728d6047ad882d11968741decbb865531fb8d64e8611fc7df46bc6","c14aca0117728d6047ad882d11968741decbb865531fb8d64e8611fc7df46bc6","4388120","4388120","unchanged",""
"01_raw_data\depression_MDD\supplementary\GSE98793\GSE98793_RAW\GSM2612154_GP1531_59D_02_SS124198_HG-U133_Plus_2_HCHP-87362_.CEL.gz","596da8fe5b60b371d10edbe3589178ff5bab328f9b4592626d9f8f5fdd06c2f7","596da8fe5b60b371d10edbe3589178ff5bab328f9b4592626d9f8f5fdd06c2f7","4520634","4520634","unchanged",""
"01_raw_data\depression_MDD\supplementary\GSE98793\GSE98793_RAW\GSM2612155_GP1531_60D_81_SS124200_HG-U133_Plus_2_HCHP-91609_.CEL.gz","e9a2b06388861d04059c6ee2fd41e4c85ede53f03162956a413f7bef7fd0e931","e9a2b06388861d04059c6ee2fd41e4c85ede53f03162956a413f7bef7fd0e931","4437654","4437654","unchanged",""
"01_raw_data\depression_MDD\supplementary\GSE98793\GSE98793_RAW\GSM2612156_GP1531_61D_15_SS124202_HG-U133_Plus_2_HCHP-87375_.CEL.gz","edfe911c724ab44f4e1f28aff03aebc86460003427b579abe20fbd6eca188d6c","edfe911c724ab44f4e1f28aff03aebc86460003427b579abe20fbd6eca188d6c","4496926","4496926","unchanged",""
"01_raw_data\depression_MDD\supplementary\GSE98793\GSE98793_RAW\GSM2612157_GP1531_62D_45_SS124204_HG-U133_Plus_2_HCHP-88541_.CEL.gz","a82a71990bc81187e31998a389191d4962a262a39bf6e4a768219b3a5acab90d","a82a71990bc81187e31998a389191d4962a262a39bf6e4a768219b3a5acab90d","4322786","4322786","unchanged",""
"01_raw_data\depression_MDD\supplementary\GSE98793\GSE98793_RAW\GSM2612158_GP1531_63D_65_SS124206_HG-U133_Plus_2_HCHP-90337_.CEL.gz","b6bae3586244dfd95f886bd8775c69a7f6ee8fd1f2885cb74806bc3234e8172a","b6bae3586244dfd95f886bd8775c69a7f6ee8fd1f2885cb74806bc3234e8172a","4399514","4399514","unchanged",""
"01_raw_data\depression_MDD\supplementary\GSE98793\GSE98793_RAW\GSM2612159_GP1531_64D_47_SS124208_HG-U133_Plus_2_HCHP-88543_.CEL.gz","fece4b150728c7c5bc3a67095da41c5b5613f84f64fca56a5d42298f64261501","fece4b150728c7c5bc3a67095da41c5b5613f84f64fca56a5d42298f64261501","4371179","4371179","unchanged",""
"01_raw_data\depression_MDD\supplementary\GSE98793\GSE98793_RAW\GSM2612160_GP1531_65A_49_SS124128_HG-U133_Plus_2_HCHP-90321_.CEL.gz","e90477087f8528f9730e7c647e97ed7a2e93ce7967253aa3a7b6fa5affd38a95","e90477087f8528f9730e7c647e97ed7a2e93ce7967253aa3a7b6fa5affd38a95","4112556","4112556","unchanged",""
"01_raw_data\depression_MDD\supplementary\GSE98793\GSE98793_RAW\GSM2612161_GP1531_66A_18_SS124146_HG-U133_Plus_2_HCHP-87378_.CEL.gz","5c0fab242a80c0308032d04b0053ed856cd91200422849962e70213c1e22609f","5c0fab242a80c0308032d04b0053ed856cd91200422849962e70213c1e22609f","4546800","4546800","unchanged",""
"01_raw_data\depression_MDD\supplementary\GSE98793\GSE98793_RAW\GSM2612162_GP1531_67A_91_SS124148_HG-U133_Plus_2_HCHP-91619_.CEL.gz","e788193571e6c7213c2a550d13fa1ab9f7a7d741cc7753cd3043958f3f704d6a","e788193571e6c7213c2a550d13fa1ab9f7a7d741cc7753cd3043958f3f704d6a","4312227","4312227","unchanged",""
"01_raw_data\depression_MDD\supplementary\GSE98793\GSE98793_RAW\GSM2612163_GP1531_68A_83_SS124150_HG-U133_Plus_2_HCHP-91611_.CEL.gz","dbd271184b6a83aeaaeb767fa4763ea2d27b3794a80796e8ec6328ae6bc00143","dbd271184b6a83aeaaeb767fa4763ea2d27b3794a80796e8ec6328ae6bc00143","4545115","4545115","unchanged",""
"01_raw_data\depression_MDD\supplementary\GSE98793\GSE98793_RAW\GSM2612164_GP1531_69A_23_SS124152_HG-U133_Plus_2_HCHP-87383_.CEL.gz","7a610f92cc882333e3e8c8a88aeb57ee68cf89d71e9252f37ce6f42dbff28e59","7a610f92cc882333e3e8c8a88aeb57ee68cf89d71e9252f37ce6f42dbff28e59","4687196","4687196","unchanged",""
"01_raw_data\depression_MDD\supplementary\GSE98793\GSE98793_RAW\GSM2612165_GP1531_70A_37_SS124154_HG-U133_Plus_2_HCHP-88533_.CEL.gz","1b4ae222a033d1224a6d89491f38c130b6ae048b73fbc89347d693c583e55fee","1b4ae222a033d1224a6d89491f38c130b6ae048b73fbc89347d693c583e55fee","4275928","4275928","unchanged",""
"01_raw_data\depression_MDD\supplementary\GSE98793\GSE98793_RAW\GSM2612166_GP1531_71A_26_SS124156_HG-U133_Plus_2_HCHP-88522_.CEL.gz","93b0088f2d43da8a310bc6d27e6f3a7b470263d1b43787b6151f1cb17fcd1978","93b0088f2d43da8a310bc6d27e6f3a7b470263d1b43787b6151f1cb17fcd1978","4355524","4355524","unchanged",""
"01_raw_data\depression_MDD\supplementary\GSE98793\GSE98793_RAW\GSM2612167_GP1531_72A_87_SS124158_HG-U133_Plus_2_HCHP-91615_.CEL.gz","9be152b0fa6d414c8df2bf6a678b516a09a76c131f04b1f7bba27c0f66ed234f","9be152b0fa6d414c8df2bf6a678b516a09a76c131f04b1f7bba27c0f66ed234f","4584532","4584532","unchanged",""
"01_raw_data\depression_MDD\supplementary\GSE98793\GSE98793_RAW\GSM2612168_GP1531_73A_93_SS124160_HG-U133_Plus_2_HCHP-91621_.CEL.gz","d4354c25c08ed50a9f7b17093c2d988da39e179890b988410403afee68a66e73","d4354c25c08ed50a9f7b17093c2d988da39e179890b988410403afee68a66e73","4609200","4609200","unchanged",""
"01_raw_data\depression_MDD\supplementary\GSE98793\GSE98793_RAW\GSM2612169_GP1531_74A_73_SS124162_HG-U133_Plus_2_HCHP-91601_.CEL.gz","4c3904c8e67bb96e8086c0e30c7ad7f3bf2e0fdb53f11ce949a2a4a1a8cfb129","4c3904c8e67bb96e8086c0e30c7ad7f3bf2e0fdb53f11ce949a2a4a1a8cfb129","4328387","4328387","unchanged",""
"01_raw_data\depression_MDD\supplementary\GSE98793\GSE98793_RAW\GSM2612170_GP1531_75A_48_SS124164_HG-U133_Plus_2_HCHP-88544_.CEL.gz","c6844f02e3ea1eeb4a1062e821f7cce0dd1512917e2dbae41c155ecc30a5dc8f","c6844f02e3ea1eeb4a1062e821f7cce0dd1512917e2dbae41c155ecc30a5dc8f","4414537","4414537","unchanged",""
"01_raw_data\depression_MDD\supplementary\GSE98793\GSE98793_RAW\GSM2612171_GP1531_76A_86_SS124130_HG-U133_Plus_2_HCHP-91614_.CEL.gz","f975b3d1ba5057b3a243723ba732b75cf12e2019c8870ea4c1649199057ba3ce","f975b3d1ba5057b3a243723ba732b75cf12e2019c8870ea4c1649199057ba3ce","4585729","4585729","unchanged",""
"01_raw_data\depression_MDD\supplementary\GSE98793\GSE98793_RAW\GSM2612172_GP1531_77A_68_SS124166_HG-U133_Plus_2_HCHP-90340_.CEL.gz","ca6467e579f6241382a88b08bff302f5370be40556e8156423b8acc676b382c6","ca6467e579f6241382a88b08bff302f5370be40556e8156423b8acc676b382c6","4440462","4440462","unchanged",""
"01_raw_data\depression_MDD\supplementary\GSE98793\GSE98793_RAW\GSM2612173_GP1531_78A_06_SS124168_HG-U133_Plus_2_HCHP-87366_.CEL.gz","c162419783d43fa52d1a1f1b2c159168fc6e075d2d26eb0d090096aced524080","c162419783d43fa52d1a1f1b2c159168fc6e075d2d26eb0d090096aced524080","4639115","4639115","unchanged",""
"01_raw_data\depression_MDD\supplementary\GSE98793\GSE98793_RAW\GSM2612174_GP1531_79A_10_SS124170_HG-U133_Plus_2_HCHP-87370_.CEL.gz","693739da4cc3b661004f44d565c2aa08f27322af2d6afc5cf75a69b57689fdb8","693739da4cc3b661004f44d565c2aa08f27322af2d6afc5cf75a69b57689fdb8","4712378","4712378","unchanged",""
"01_raw_data\depression_MDD\supplementary\GSE98793\GSE98793_RAW\GSM2612175_GP1531_80A_04_SS124172_HG-U133_Plus_2_HCHP-87364_.CEL.gz","f9dc7a2bd397397b234bb391315977fd02c3073b768abe5519ea450834c7b41d","f9dc7a2bd397397b234bb391315977fd02c3073b768abe5519ea450834c7b41d","4670162","4670162","unchanged",""
"01_raw_data\depression_MDD\supplementary\GSE98793\GSE98793_RAW\GSM2612176_GP1531_81A_71_SS124174_HG-U133_Plus_2_HCHP-90343_.CEL.gz","a267f3b3ede15a905d654832f6abf200e9efaafc9e9d59bf8c6e3d80135b8852","a267f3b3ede15a905d654832f6abf200e9efaafc9e9d59bf8c6e3d80135b8852","4418621","4418621","unchanged",""
"01_raw_data\depression_MDD\supplementary\GSE98793\GSE98793_RAW\GSM2612177_GP1531_82A_75_SS124176_HG-U133_Plus_2_HCHP-91603_.CEL.gz","2ca9ebbc7cf773abf370d4ed3de16c5f21d100b8cd6b0a6439d709474865870d","2ca9ebbc7cf773abf370d4ed3de16c5f21d100b8cd6b0a6439d709474865870d","4220467","4220467","unchanged",""
"01_raw_data\depression_MDD\supplementary\GSE98793\GSE98793_RAW\GSM2612178_GP1531_83A_29_SS124178_HG-U133_Plus_2_HCHP-88525_.CEL.gz","987f754da4f4b61887b6f3930cf1805d1f3c100f16351119b38a97cdf10a3517","987f754da4f4b61887b6f3930cf1805d1f3c100f16351119b38a97cdf10a3517","4485441","4485441","unchanged",""
"01_raw_data\depression_MDD\supplementary\GSE98793\GSE98793_RAW\GSM2612179_GP1531_84A_14_SS124180_HG-U133_Plus_2_HCHP-87374_.CEL.gz","2584a8a5a082143798a00d92dd7e9ab339300581ab9ff7cffdfeb992e3fc4984","2584a8a5a082143798a00d92dd7e9ab339300581ab9ff7cffdfeb992e3fc4984","4543148","4543148","unchanged",""
"01_raw_data\depression_MDD\supplementary\GSE98793\GSE98793_RAW\GSM2612180_GP1531_85A_34_SS124182_HG-U133_Plus_2_HCHP-88530_.CEL.gz","8cc82938cdb8766f464ab521456fc67704cfc4d89b7d73d6282b36670477b85b","8cc82938cdb8766f464ab521456fc67704cfc4d89b7d73d6282b36670477b85b","4494981","4494981","unchanged",""
"01_raw_data\depression_MDD\supplementary\GSE98793\GSE98793_RAW\GSM2612181_GP1531_86A_46_SS124184_HG-U133_Plus_2_HCHP-88542_.CEL.gz","1d68c1e41efb2f231c1a8c8329c17d35129250acf2e9c4c15b86912312e95d21","1d68c1e41efb2f231c1a8c8329c17d35129250acf2e9c4c15b86912312e95d21","4416068","4416068","unchanged",""
"01_raw_data\depression_MDD\supplementary\GSE98793\GSE98793_RAW\GSM2612182_GP1531_87A_40_SS124132_HG-U133_Plus_2_HCHP-88536_.CEL.gz","410a51c5a3e54bd8acfb0a96c4f8e6161dbb263860c2dd3db193da0ea4d749b6","410a51c5a3e54bd8acfb0a96c4f8e6161dbb263860c2dd3db193da0ea4d749b6","4490070","4490070","unchanged",""
"01_raw_data\depression_MDD\supplementary\GSE98793\GSE98793_RAW\GSM2612183_GP1531_88A_39_SS124186_HG-U133_Plus_2_HCHP-88535_.CEL.gz","f57e5aa6227a17fd570a529e27c8f90533dde234eb35ab8f2a8f6254145c9575","f57e5aa6227a17fd570a529e27c8f90533dde234eb35ab8f2a8f6254145c9575","4334542","4334542","unchanged",""
"01_raw_data\depression_MDD\supplementary\GSE98793\GSE98793_RAW\GSM2612184_GP1531_89A_05_SS124188_HG-U133_Plus_2_HCHP-87365_.CEL.gz","74468c761d88a2fc97bccce7b2f443a07dd81c149fc506f6a9800c39da636742","74468c761d88a2fc97bccce7b2f443a07dd81c149fc506f6a9800c39da636742","4664845","4664845","unchanged",""
"01_raw_data\depression_MDD\supplementary\GSE98793\GSE98793_RAW\GSM2612185_GP1531_90A_53_SS124190_HG-U133_Plus_2_HCHP-90325_.CEL.gz","287a4d7dcd4a65b583990f6156cec954a12214084b55739f2d04c6c176b7e6ff","287a4d7dcd4a65b583990f6156cec954a12214084b55739f2d04c6c176b7e6ff","4528920","4528920","unchanged",""
"01_raw_data\depression_MDD\supplementary\GSE98793\GSE98793_RAW\GSM2612186_GP1531_91A_66_SS124134_HG-U133_Plus_2_HCHP-90338_.CEL.gz","00dac794b318fde794cae21c6aa6e5407addff0d7fb4cddfb2b9e48e94bc0131","00dac794b318fde794cae21c6aa6e5407addff0d7fb4cddfb2b9e48e94bc0131","4210620","4210620","unchanged",""
"01_raw_data\depression_MDD\supplementary\GSE98793\GSE98793_RAW\GSM2612187_GP1531_92A_70_SS124136_HG-U133_Plus_2_HCHP-90342_.CEL.gz","add5229e8095745199d88f7382d8bb532de0a555aa5e4186f5884d91a31d7233","add5229e8095745199d88f7382d8bb532de0a555aa5e4186f5884d91a31d7233","4429737","4429737","unchanged",""
"01_raw_data\depression_MDD\supplementary\GSE98793\GSE98793_RAW\GSM2612188_GP1531_93A_84_SS124138_HG-U133_Plus_2_HCHP-91612_.CEL.gz","bcf463b52a97550e604a2bdf98548d619602ac4b5d703ffcae63c94fe6bfa6b8","bcf463b52a97550e604a2bdf98548d619602ac4b5d703ffcae63c94fe6bfa6b8","4528455","4528455","unchanged",""
"01_raw_data\depression_MDD\supplementary\GSE98793\GSE98793_RAW\GSM2612189_GP1531_94A_58_SS124140_HG-U133_Plus_2_HCHP-90330_.CEL.gz","e3bc98fbc61350aa0d7536f1f6ff3d23c25b9ce6e7978a3d918db6b859536721","e3bc98fbc61350aa0d7536f1f6ff3d23c25b9ce6e7978a3d918db6b859536721","4318674","4318674","unchanged",""
"01_raw_data\depression_MDD\supplementary\GSE98793\GSE98793_RAW\GSM2612190_GP1531_95A_11_SS124142_HG-U133_Plus_2_HCHP-87371_.CEL.gz","d0ea72795e1bcf6c9208ad0ba828d856fec22401219df9ae61c8105ca621ceed","d0ea72795e1bcf6c9208ad0ba828d856fec22401219df9ae61c8105ca621ceed","4632483","4632483","unchanged",""
"01_raw_data\depression_MDD\supplementary\GSE98793\GSE98793_RAW\GSM2612191_GP1531_96A_59_SS124144_HG-U133_Plus_2_HCHP-90331_.CEL.gz","cab5b34cb22ff28fe827ee955b6583b6a03116da9bc56cde3ba610d5d5cda6b3","cab5b34cb22ff28fe827ee955b6583b6a03116da9bc56cde3ba610d5d5cda6b3","4426092","4426092","unchanged",""
"01_raw_data\depression_MDD\supplementary\GSE98793\GSE98793_RAW\GSM2612192_GP2842_01_SS490497_HG-U133_Plus_2_HCHP-228423_.CEL.gz","f1df5fcfc3fe03ef29eaa6d5c1c212397e2d623b956ccc1a86befc7945105f46","f1df5fcfc3fe03ef29eaa6d5c1c212397e2d623b956ccc1a86befc7945105f46","4679039","4679039","unchanged",""
"01_raw_data\depression_MDD\supplementary\GSE98793\GSE98793_RAW\GSM2612193_GP2842_02_SS490531_HG-U133_Plus_2_HCHP-228424_.CEL.gz","b9d766c25cf74360825121de285c61d7135cb8d1b9975b8a0bedb1aa2fd25d20","b9d766c25cf74360825121de285c61d7135cb8d1b9975b8a0bedb1aa2fd25d20","4448615","4448615","unchanged",""
"01_raw_data\depression_MDD\supplementary\GSE98793\GSE98793_RAW\GSM2612194_GP2842_03_SS490483_HG-U133_Plus_2_HCHP-228425_.CEL.gz","b6321cf7817916f49486c9d534f507e8c6bcd069f8fe557a9bded1b4a522f76f","b6321cf7817916f49486c9d534f507e8c6bcd069f8fe557a9bded1b4a522f76f","4844103","4844103","unchanged",""
"01_raw_data\depression_MDD\supplementary\GSE98793\GSE98793_RAW\GSM2612195_GP2842_04_SS490493_HG-U133_Plus_2_HCHP-228426_.CEL.gz","7d4beac476342373a40a58f75c8a1367b6c60abbb432614057a65547383a3813","7d4beac476342373a40a58f75c8a1367b6c60abbb432614057a65547383a3813","4833469","4833469","unchanged",""
"01_raw_data\depression_MDD\supplementary\GSE98793\GSE98793_RAW\GSM2612196_GP2842_05_SS490506_HG-U133_Plus_2_HCHP-228427_.CEL.gz","8b497e2d40d9f9ab410f38d211b192406d7fa424e00f456893f22b355a646d52","8b497e2d40d9f9ab410f38d211b192406d7fa424e00f456893f22b355a646d52","4670072","4670072","unchanged",""
"01_raw_data\depression_MDD\supplementary\GSE98793\GSE98793_RAW\GSM2612197_GP2842_06_SS490501_HG-U133_Plus_2_HCHP-228428_.CEL.gz","6b18a0b81aa9592306f9fc610f12b2e6b674cd9dbfde711f54b6a77b8303969b","6b18a0b81aa9592306f9fc610f12b2e6b674cd9dbfde711f54b6a77b8303969b","4636142","4636142","unchanged",""
"01_raw_data\depression_MDD\supplementary\GSE98793\GSE98793_RAW\GSM2612198_GP2842_07_SS490519_HG-U133_Plus_2_HCHP-228429_.CEL.gz","e49905fece359c95a29a030431d8e8b7ea5b974d7dd86425266b58e52b08339d","e49905fece359c95a29a030431d8e8b7ea5b974d7dd86425266b58e52b08339d","4654916","4654916","unchanged",""
"01_raw_data\depression_MDD\supplementary\GSE98793\GSE98793_RAW\GSM2612199_GP2842_08_SS490521_HG-U133_Plus_2_HCHP-228430_.CEL.gz","f3f0bccb5fc8188e2b5e63638b3cd5d2ffa24da204d31fe3dd778be78e7a4983","f3f0bccb5fc8188e2b5e63638b3cd5d2ffa24da204d31fe3dd778be78e7a4983","4644385","4644385","unchanged",""
"01_raw_data\depression_MDD\supplementary\GSE98793\GSE98793_RAW\GSM2612200_GP2842_09_SS490510_HG-U133_Plus_2_HCHP-228431_.CEL.gz","17347c3f4706c26f25b64e147a30fbdd53cdcb01062db0e129d86f0c5dad61ec","17347c3f4706c26f25b64e147a30fbdd53cdcb01062db0e129d86f0c5dad61ec","4720870","4720870","unchanged",""
"01_raw_data\depression_MDD\supplementary\GSE98793\GSE98793_RAW\GSM2612201_GP2842_10_SS490490_HG-U133_Plus_2_HCHP-228432_.CEL.gz","6482ec6b11f49f97bcac7b127e60e88e5fdbfbfd187a67efde3505dc3cc045a5","6482ec6b11f49f97bcac7b127e60e88e5fdbfbfd187a67efde3505dc3cc045a5","4585719","4585719","unchanged",""
"01_raw_data\depression_MDD\supplementary\GSE98793\GSE98793_RAW\GSM2612202_GP2842_11_SS490475_HG-U133_Plus_2_HCHP-228433_.CEL.gz","083e3f0b61f0eb43ede22868efa7e6d23c2fd6278d947a2a789b0277819b94ac","083e3f0b61f0eb43ede22868efa7e6d23c2fd6278d947a2a789b0277819b94ac","4598899","4598899","unchanged",""
"01_raw_data\depression_MDD\supplementary\GSE98793\GSE98793_RAW\GSM2612203_GP2842_12_SS490487_HG-U133_Plus_2_HCHP-228434_.CEL.gz","3f27f51422c02dd622f13db781a289818e9304fd8e48a334c88f03112408cb3c","3f27f51422c02dd622f13db781a289818e9304fd8e48a334c88f03112408cb3c","4648325","4648325","unchanged",""
"01_raw_data\depression_MDD\supplementary\GSE98793\GSE98793_RAW\GSM2612204_GP2842_13_SS490564_HG-U133_Plus_2_HCHP-228435_.CEL.gz","b385c4f248322d68c43c4aa3ae86fc0b79bf8096d453ac5d96a322d63e1d9347","b385c4f248322d68c43c4aa3ae86fc0b79bf8096d453ac5d96a322d63e1d9347","4751157","4751157","unchanged",""
"01_raw_data\depression_MDD\supplementary\GSE98793\GSE98793_RAW\GSM2612205_GP2842_14_SS490474_HG-U133_Plus_2_HCHP-228436_.CEL.gz","f24a85e3fe5e84991cfff6779e25729e4b1135e289ef6a63129cbb9f7c854d6e","f24a85e3fe5e84991cfff6779e25729e4b1135e289ef6a63129cbb9f7c854d6e","4907839","4907839","unchanged",""
"01_raw_data\depression_MDD\supplementary\GSE98793\GSE98793_RAW\GSM2612206_GP2842_15_SS490488_HG-U133_Plus_2_HCHP-228437_.CEL.gz","be7078192fb93094fa955ac48abd919ce5c6d715528ec06c8ccd0a07cb92c1d0","be7078192fb93094fa955ac48abd919ce5c6d715528ec06c8ccd0a07cb92c1d0","5115437","5115437","unchanged",""
"01_raw_data\depression_MDD\supplementary\GSE98793\GSE98793_RAW\GSM2612207_GP2842_16_SS490507_HG-U133_Plus_2_HCHP-228438_.CEL.gz","16d95dfae2a6f630cf164ab0a5dc8ee086ad01d9302a8f71730951acdedfe536","16d95dfae2a6f630cf164ab0a5dc8ee086ad01d9302a8f71730951acdedfe536","4706346","4706346","unchanged",""
"01_raw_data\depression_MDD\supplementary\GSE98793\GSE98793_RAW\GSM2612208_GP2842_17_SS490542_HG-U133_Plus_2_HCHP-228439_.CEL.gz","5cb3df02495ec8e9e5f7c1acf7fe02dcecd71c944ccc28153eba28c8b9645e49","5cb3df02495ec8e9e5f7c1acf7fe02dcecd71c944ccc28153eba28c8b9645e49","4713813","4713813","unchanged",""
"01_raw_data\depression_MDD\supplementary\GSE98793\GSE98793_RAW\GSM2612209_GP2842_18_SS490508_HG-U133_Plus_2_HCHP-228440_.CEL.gz","ea8596c8815f85c7444df4112d2a2290ab2e88f250d53f1f472472ea0255401e","ea8596c8815f85c7444df4112d2a2290ab2e88f250d53f1f472472ea0255401e","4809112","4809112","unchanged",""
"01_raw_data\depression_MDD\supplementary\GSE98793\GSE98793_RAW\GSM2612210_GP2842_19_SS490503_HG-U133_Plus_2_HCHP-228441_.CEL.gz","7c9305500cd51a67d99a4bdb9fe5b99db7b75228ca31e8237b7b3fa052e084ad","7c9305500cd51a67d99a4bdb9fe5b99db7b75228ca31e8237b7b3fa052e084ad","4577523","4577523","unchanged",""
"01_raw_data\depression_MDD\supplementary\GSE98793\GSE98793_RAW\GSM2612211_GP2842_20_SS490491_HG-U133_Plus_2_HCHP-228442_.CEL.gz","a9d7bafac3cf14eb30bf6c3b594f1ef8e1fcaa8bb52c9d67e47316869dbb4b0f","a9d7bafac3cf14eb30bf6c3b594f1ef8e1fcaa8bb52c9d67e47316869dbb4b0f","4532495","4532495","unchanged",""
"01_raw_data\depression_MDD\supplementary\GSE98793\GSE98793_RAW\GSM2612212_GP2842_21_SS490504_HG-U133_Plus_2_HCHP-229225_.CEL.gz","90a08dd2c8e7397ce09d6bc6e886ce3fb541b59275a184ce7b3ae038ce707d3f","90a08dd2c8e7397ce09d6bc6e886ce3fb541b59275a184ce7b3ae038ce707d3f","4734126","4734126","unchanged",""
"01_raw_data\depression_MDD\supplementary\GSE98793\GSE98793_RAW\GSM2612213_GP2842_22_SS490520_HG-U133_Plus_2_HCHP-228444_.CEL.gz","b5713d78adb00f6109bef84d5275e4d5ae4bdd08503d3a5f422448509671bc53","b5713d78adb00f6109bef84d5275e4d5ae4bdd08503d3a5f422448509671bc53","4843291","4843291","unchanged",""
"01_raw_data\depression_MDD\supplementary\GSE98793\GSE98793_RAW\GSM2612214_GP2842_23_SS490492_HG-U133_Plus_2_HCHP-228445_.CEL.gz","ff344b9aca6d6b84ae33535cca96a669596913e55a2577b6ebc43db10b564ef8","ff344b9aca6d6b84ae33535cca96a669596913e55a2577b6ebc43db10b564ef8","4604731","4604731","unchanged",""
"01_raw_data\depression_MDD\supplementary\GSE98793\GSE98793_RAW\GSM2612215_GP2842_24_SS490476_HG-U133_Plus_2_HCHP-228446_.CEL.gz","aef53f5fd198c200635adcb12c868cf85bac35a545009546a1a016655f5aae24","aef53f5fd198c200635adcb12c868cf85bac35a545009546a1a016655f5aae24","4939823","4939823","unchanged",""
"01_raw_data\depression_MDD\supplementary\GSE98793\GSE98793_RAW\GSM2612216_GP2842_25_SS490557_HG-U133_Plus_2_HCHP-228447_.CEL.gz","5e3ea6cd4aae9fcf6a030c050a1bf0b1f9ca5bfe79d8b0e683452e3a951b03a2","5e3ea6cd4aae9fcf6a030c050a1bf0b1f9ca5bfe79d8b0e683452e3a951b03a2","4932567","4932567","unchanged",""
"01_raw_data\depression_MDD\supplementary\GSE98793\GSE98793_RAW\GSM2612217_GP2842_26_SS490530_HG-U133_Plus_2_HCHP-228448_.CEL.gz","f6b497099b708a1bec29c87c0c0f4188b17ab5c793ad4473134d8c202d23a139","f6b497099b708a1bec29c87c0c0f4188b17ab5c793ad4473134d8c202d23a139","4816732","4816732","unchanged",""
"01_raw_data\depression_MDD\supplementary\GSE98793\GSE98793_RAW\GSM2612218_GP2842_27_SS490561_HG-U133_Plus_2_HCHP-228449_.CEL.gz","4fdcabbad425905fe3bfc7d2e6ce8f16cbdb740ab5343f0c47d5da606ff8af62","4fdcabbad425905fe3bfc7d2e6ce8f16cbdb740ab5343f0c47d5da606ff8af62","4635674","4635674","unchanged",""
"01_raw_data\depression_MDD\supplementary\GSE98793\GSE98793_RAW\GSM2612219_GP2842_28_SS490554_HG-U133_Plus_2_HCHP-228450_.CEL.gz","46500874e7dc4159dd27496a6729113e41483cfa7a18fd8b582ef461f0e4d2dc","46500874e7dc4159dd27496a6729113e41483cfa7a18fd8b582ef461f0e4d2dc","4704180","4704180","unchanged",""
"01_raw_data\depression_MDD\supplementary\GSE98793\GSE98793_RAW\GSM2612220_GP2842_29_SS490500_HG-U133_Plus_2_HCHP-228451_.CEL.gz","a242e82b7689ddf33a13c619ebc2652bbac4adaf45f799c104e75c98297f6fb6","a242e82b7689ddf33a13c619ebc2652bbac4adaf45f799c104e75c98297f6fb6","4616810","4616810","unchanged",""
"01_raw_data\depression_MDD\supplementary\GSE98793\GSE98793_RAW\GSM2612221_GP2842_30_SS490532_HG-U133_Plus_2_HCHP-228452_.CEL.gz","7466d9eca3f9de236d41469265c2f44c355068c2ff083a006ae9dcd558d6cf54","7466d9eca3f9de236d41469265c2f44c355068c2ff083a006ae9dcd558d6cf54","4816775","4816775","unchanged",""
"01_raw_data\depression_MDD\supplementary\GSE98793\GSE98793_RAW\GSM2612222_GP2842_31_SS490518_HG-U133_Plus_2_HCHP-228453_.CEL.gz","a0840c678724ba6004b7acc526029b4ca054b545b7318b72a4051b0289e5c100","a0840c678724ba6004b7acc526029b4ca054b545b7318b72a4051b0289e5c100","4681843","4681843","unchanged",""
"01_raw_data\depression_MDD\supplementary\GSE98793\GSE98793_RAW\GSM2612223_GP2842_32_SS490541_HG-U133_Plus_2_HCHP-228454_.CEL.gz","737a8f07a9c4f66a22a4f125a90fbcf18c0cb5de8a398a5a2d5c11db50911e3b","737a8f07a9c4f66a22a4f125a90fbcf18c0cb5de8a398a5a2d5c11db50911e3b","4832948","4832948","unchanged",""
"01_raw_data\depression_MDD\supplementary\GSE98793\GSE98793_RAW\GSM2612224_GP2842_33_SS490505_HG-U133_Plus_2_HCHP-228455_.CEL.gz","8ea8a4aa8d53b01cca4a0ac42018a16e8292fca7369723b47c13f8095892c79a","8ea8a4aa8d53b01cca4a0ac42018a16e8292fca7369723b47c13f8095892c79a","4764052","4764052","unchanged",""
"01_raw_data\depression_MDD\supplementary\GSE98793\GSE98793_RAW\GSM2612225_GP2842_34_SS490524_HG-U133_Plus_2_HCHP-228456_.CEL.gz","9dbcb9adc0702c886daad1de98be5a847fac99307786ce38f76c6fd8acf8a3df","9dbcb9adc0702c886daad1de98be5a847fac99307786ce38f76c6fd8acf8a3df","4629875","4629875","unchanged",""
"01_raw_data\depression_MDD\supplementary\GSE98793\GSE98793_RAW\GSM2612226_GP2842_35_SS490498_HG-U133_Plus_2_HCHP-228457_.CEL.gz","6c2120440643d5861ea18507545d68903d79c20d0ed80aaa21e6662674121717","6c2120440643d5861ea18507545d68903d79c20d0ed80aaa21e6662674121717","4633138","4633138","unchanged",""
"01_raw_data\depression_MDD\supplementary\GSE98793\GSE98793_RAW\GSM2612227_GP2842_36_SS490553_HG-U133_Plus_2_HCHP-228458_.CEL.gz","f3a1b6e610de2d61fa981b1061c4ca6be9fb65effbf88bba5e8dc52857ad13c0","f3a1b6e610de2d61fa981b1061c4ca6be9fb65effbf88bba5e8dc52857ad13c0","4747574","4747574","unchanged",""
"01_raw_data\depression_MDD\supplementary\GSE98793\GSE98793_RAW\GSM2612228_GP2842_37_SS490563_HG-U133_Plus_2_HCHP-228459_.CEL.gz","1d4da87657be696d292da761152e607cb520bec881c1f7ab1ec7498e100d4e90","1d4da87657be696d292da761152e607cb520bec881c1f7ab1ec7498e100d4e90","4664794","4664794","unchanged",""
"01_raw_data\depression_MDD\supplementary\GSE98793\GSE98793_RAW\GSM2612229_GP2842_38_SS490514_HG-U133_Plus_2_HCHP-228460_.CEL.gz","270e52700c945445dd57a95f11891d94787e965071dc68b3d490c80c204baaba","270e52700c945445dd57a95f11891d94787e965071dc68b3d490c80c204baaba","4687259","4687259","unchanged",""
"01_raw_data\depression_MDD\supplementary\GSE98793\GSE98793_RAW\GSM2612230_GP2842_39_SS490499_HG-U133_Plus_2_HCHP-228461_.CEL.gz","b7a4ccd8c882692e402fade3f6bf281658709c5f3239bc9dcbd80c94a26741a1","b7a4ccd8c882692e402fade3f6bf281658709c5f3239bc9dcbd80c94a26741a1","4556778","4556778","unchanged",""
"01_raw_data\depression_MDD\supplementary\GSE98793\GSE98793_RAW\GSM2612231_GP2842_40_SS490558_HG-U133_Plus_2_HCHP-228462_.CEL.gz","7bfb4ab8643acc35cca73d99a1b1c5317f8d827fafa9e4a42c9582c32ae59f69","7bfb4ab8643acc35cca73d99a1b1c5317f8d827fafa9e4a42c9582c32ae59f69","4660262","4660262","unchanged",""
"01_raw_data\depression_MDD\supplementary\GSE98793\GSE98793_RAW\GSM2612232_GP2842_41_SS490477_HG-U133_Plus_2_HCHP-228463_.CEL.gz","b1d95ee914147bfd30e8116a32f02b44789d1b80909e63d8e8b7b8d44e9ad595","b1d95ee914147bfd30e8116a32f02b44789d1b80909e63d8e8b7b8d44e9ad595","4958102","4958102","unchanged",""
"01_raw_data\depression_MDD\supplementary\GSE98793\GSE98793_RAW\GSM2612233_GP2842_42_SS490512_HG-U133_Plus_2_HCHP-228464_.CEL.gz","1bb55bbf53d8fdf3e4b04fd96665fb1563d5694da91e405b69fb6b9ff00967e7","1bb55bbf53d8fdf3e4b04fd96665fb1563d5694da91e405b69fb6b9ff00967e7","4631186","4631186","unchanged",""
"01_raw_data\depression_MDD\supplementary\GSE98793\GSE98793_RAW\GSM2612234_GP2842_43_SS490509_HG-U133_Plus_2_HCHP-228465_.CEL.gz","39054a0a657ae01c731b028e56315dd4b2199d8afd0a09958b1791446bdd9795","39054a0a657ae01c731b028e56315dd4b2199d8afd0a09958b1791446bdd9795","4589864","4589864","unchanged",""
"01_raw_data\depression_MDD\supplementary\GSE98793\GSE98793_RAW\GSM2612235_GP2842_44_SS490473_HG-U133_Plus_2_HCHP-228466_.CEL.gz","87737e58c74ba4a96c6937bc2164f17815012e72988bcd30906e9356022be247","87737e58c74ba4a96c6937bc2164f17815012e72988bcd30906e9356022be247","4639067","4639067","unchanged",""
"01_raw_data\depression_MDD\supplementary\GSE98793\GSE98793_RAW\GSM2612236_GP2842_45_SS490534_HG-U133_Plus_2_HCHP-228467_.CEL.gz","c17de27ed1c205653ba1c8694463c39d20e288ef146d5edc9f891f42f633c2ab","c17de27ed1c205653ba1c8694463c39d20e288ef146d5edc9f891f42f633c2ab","4853719","4853719","unchanged",""
"01_raw_data\depression_MDD\supplementary\GSE98793\GSE98793_RAW\GSM2612237_GP2842_46_SS490543_HG-U133_Plus_2_HCHP-229226_.CEL.gz","d3cc9afe86511240970f722be6780a61e0ee72db2ea62503a983cc1ee9d81a0b","d3cc9afe86511240970f722be6780a61e0ee72db2ea62503a983cc1ee9d81a0b","4676232","4676232","unchanged",""
"01_raw_data\depression_MDD\supplementary\GSE98793\GSE98793_RAW\GSM2612238_GP2842_47_SS490549_HG-U133_Plus_2_HCHP-228469_.CEL.gz","773a8ccaa897643d80d1c45865212801000c4be02c7519af346d85af24171b0b","773a8ccaa897643d80d1c45865212801000c4be02c7519af346d85af24171b0b","4775805","4775805","unchanged",""
"01_raw_data\depression_MDD\supplementary\GSE98793\GSE98793_RAW\GSM2612239_GP2842_48_SS490472_HG-U133_Plus_2_HCHP-228470_.CEL.gz","68a9bfee71282f72864f61851c8ca1ec841543e27295802e623635d6a37445da","68a9bfee71282f72864f61851c8ca1ec841543e27295802e623635d6a37445da","4746363","4746363","unchanged",""
"01_raw_data\depression_MDD\supplementary\GSE98793\GSE98793_RAW\GSM2612240_GP2842_49_SS490550_HG-U133_Plus_2_HCHP-228045_.CEL.gz","a2b40d1feb341dd1eb6dd4bcc5d634c76b20be4b4eade263f364799fadd3006c","a2b40d1feb341dd1eb6dd4bcc5d634c76b20be4b4eade263f364799fadd3006c","5134291","5134291","unchanged",""
"01_raw_data\depression_MDD\supplementary\GSE98793\GSE98793_RAW\GSM2612241_GP2842_50_SS490495_HG-U133_Plus_2_HCHP-228046_.CEL.gz","9b277002f3c68708d5e6d2857d286806cc5760c9cbec3ef169990469a6a09cb2","9b277002f3c68708d5e6d2857d286806cc5760c9cbec3ef169990469a6a09cb2","5129591","5129591","unchanged",""
"01_raw_data\depression_MDD\supplementary\GSE98793\GSE98793_RAW\GSM2612242_GP2842_51_SS490528_HG-U133_Plus_2_HCHP-228047_.CEL.gz","bb6e011c64d88de7a87377ede9f21f580a490eac7d1cf43b25c3da00cce29dac","bb6e011c64d88de7a87377ede9f21f580a490eac7d1cf43b25c3da00cce29dac","5224165","5224165","unchanged",""
"01_raw_data\depression_MDD\supplementary\GSE98793\GSE98793_RAW\GSM2612243_GP2842_52_SS490559_HG-U133_Plus_2_HCHP-228048_.CEL.gz","7177a1a218b14bb3ffd65d2b1922a859d97a2765392f77831e85a40219132395","7177a1a218b14bb3ffd65d2b1922a859d97a2765392f77831e85a40219132395","5331307","5331307","unchanged",""
"01_raw_data\depression_MDD\supplementary\GSE98793\GSE98793_RAW\GSM2612244_GP2842_53_SS490479_HG-U133_Plus_2_HCHP-228049_.CEL.gz","effa7a8cebdbf80673d5386a26b21b4332ef0a703c8f93fc1581d13f7b76ddc9","effa7a8cebdbf80673d5386a26b21b4332ef0a703c8f93fc1581d13f7b76ddc9","5034006","5034006","unchanged",""
"01_raw_data\depression_MDD\supplementary\GSE98793\GSE98793_RAW\GSM2612245_GP2842_54_SS490480_HG-U133_Plus_2_HCHP-228050_.CEL.gz","4371bfe2e551f23a538d296079e7ac2641a4105c3328fa51df41cb8961f1df80","4371bfe2e551f23a538d296079e7ac2641a4105c3328fa51df41cb8961f1df80","5060210","5060210","unchanged",""
"01_raw_data\depression_MDD\supplementary\GSE98793\GSE98793_RAW\GSM2612246_GP2842_55_SS490515_HG-U133_Plus_2_HCHP-228051_.CEL.gz","c0a69d090e972423aad9e5ca7b7633cf088e7cde1adca749524f169fd0739e6a","c0a69d090e972423aad9e5ca7b7633cf088e7cde1adca749524f169fd0739e6a","5232014","5232014","unchanged",""
"01_raw_data\depression_MDD\supplementary\GSE98793\GSE98793_RAW\GSM2612247_GP2842_56_SS490545_HG-U133_Plus_2_HCHP-228052_.CEL.gz","14c07c3d8485b34e7cc8b88d327bd5dc8bd1292e1948cb7dec053c4a39bdfa99","14c07c3d8485b34e7cc8b88d327bd5dc8bd1292e1948cb7dec053c4a39bdfa99","5013399","5013399","unchanged",""
"01_raw_data\depression_MDD\supplementary\GSE98793\GSE98793_RAW\GSM2612248_GP2842_57_SS490529_HG-U133_Plus_2_HCHP-228053_.CEL.gz","5465eb6bb9a579b05ea0e9f2d3551fbb33e00457f91867fb13f27613e978eb17","5465eb6bb9a579b05ea0e9f2d3551fbb33e00457f91867fb13f27613e978eb17","4753410","4753410","unchanged",""
"01_raw_data\depression_MDD\supplementary\GSE98793\GSE98793_RAW\GSM2612249_GP2842_58_SS490566_HG-U133_Plus_2_HCHP-228054_.CEL.gz","b24c0a9b16637fc885fd1325ba48492d9ec28f1379b996edcd7b79377a6f0b25","b24c0a9b16637fc885fd1325ba48492d9ec28f1379b996edcd7b79377a6f0b25","5094799","5094799","unchanged",""
"01_raw_data\depression_MDD\supplementary\GSE98793\GSE98793_RAW\GSM2612250_GP2842_59_SS490562_HG-U133_Plus_2_HCHP-228055_.CEL.gz","cd0d8341d159653c3aab189dbf736e23bea4e6759574f2a9c9dd17e87f4f65b6","cd0d8341d159653c3aab189dbf736e23bea4e6759574f2a9c9dd17e87f4f65b6","5051319","5051319","unchanged",""
"01_raw_data\depression_MDD\supplementary\GSE98793\GSE98793_RAW\GSM2612251_GP2842_60_SS490546_HG-U133_Plus_2_HCHP-228056_.CEL.gz","02fef84a1946dfb530f1f912cc92a4c7498af69892102b3d1583b4eddac7031b","02fef84a1946dfb530f1f912cc92a4c7498af69892102b3d1583b4eddac7031b","5035814","5035814","unchanged",""
"01_raw_data\depression_MDD\supplementary\GSE98793\GSE98793_RAW\GSM2612252_GP2842_61_SS490536_HG-U133_Plus_2_HCHP-228057_.CEL.gz","9be608b0e35f59073af4972473a3d4ad3b0cc7877bf62974c2bb7bc9a3638fac","9be608b0e35f59073af4972473a3d4ad3b0cc7877bf62974c2bb7bc9a3638fac","5111404","5111404","unchanged",""
"01_raw_data\depression_MDD\supplementary\GSE98793\GSE98793_RAW\GSM2612253_GP2842_62_SS490540_HG-U133_Plus_2_HCHP-228058_.CEL.gz","9a2c9ba4b323da37fa4ccc5f11ebfa9394bf6da1f800479c71aa63881026f1e1","9a2c9ba4b323da37fa4ccc5f11ebfa9394bf6da1f800479c71aa63881026f1e1","5063626","5063626","unchanged",""
"01_raw_data\depression_MDD\supplementary\GSE98793\GSE98793_RAW\GSM2612254_GP2842_63_SS490494_HG-U133_Plus_2_HCHP-228059_.CEL.gz","aa0b199e210f34966b5b7f9a81513498c9f34b1c65b5f69f58edbd75ddc37a20","aa0b199e210f34966b5b7f9a81513498c9f34b1c65b5f69f58edbd75ddc37a20","5064247","5064247","unchanged",""
"01_raw_data\depression_MDD\supplementary\GSE98793\GSE98793_RAW\GSM2612255_GP2842_64_SS490478_HG-U133_Plus_2_HCHP-228060_.CEL.gz","d70e8254c6505ff571c199130c30912d8d4233770fd8a85fb8ef5e796f451907","d70e8254c6505ff571c199130c30912d8d4233770fd8a85fb8ef5e796f451907","4944348","4944348","unchanged",""
"01_raw_data\depression_MDD\supplementary\GSE98793\GSE98793_RAW\GSM2612256_GP2842_65_SS490489_HG-U133_Plus_2_HCHP-228061_.CEL.gz","85d7dada9a7efb17c59a0f830ade99c2acb587aaa97ae14c318637d47a366788","85d7dada9a7efb17c59a0f830ade99c2acb587aaa97ae14c318637d47a366788","5266756","5266756","unchanged",""
"01_raw_data\depression_MDD\supplementary\GSE98793\GSE98793_RAW\GSM2612257_GP2842_66_SS490484_HG-U133_Plus_2_HCHP-228062_.CEL.gz","e7de6573804856279ac62d57dde6bbd923c8f3c6264a67d353f1aad6706dd984","e7de6573804856279ac62d57dde6bbd923c8f3c6264a67d353f1aad6706dd984","5228335","5228335","unchanged",""
"01_raw_data\depression_MDD\supplementary\GSE98793\GSE98793_RAW\GSM2612258_GP2842_67_SS490567_HG-U133_Plus_2_HCHP-229227_.CEL.gz","43716fffe8e88261c0c277e8377615b17c9255ab63c79ab13b2b1e1505e00708","43716fffe8e88261c0c277e8377615b17c9255ab63c79ab13b2b1e1505e00708","4962145","4962145","unchanged",""
"01_raw_data\depression_MDD\supplementary\GSE98793\GSE98793_RAW\GSM2612259_GP2842_68_SS490522_HG-U133_Plus_2_HCHP-228064_.CEL.gz","e95726c317cf2fda5de7b233b1d87c531af0c829345d1eb437e289aa5ba3f3df","e95726c317cf2fda5de7b233b1d87c531af0c829345d1eb437e289aa5ba3f3df","4773215","4773215","unchanged",""
"01_raw_data\depression_MDD\supplementary\GSE98793\GSE98793_RAW\GSM2612260_GP2842_69_SS490513_HG-U133_Plus_2_HCHP-228065_.CEL.gz","f4c89b9a61e624325303b6d4332734262835227c7f867937150d5ccd8e07431a","f4c89b9a61e624325303b6d4332734262835227c7f867937150d5ccd8e07431a","4863954","4863954","unchanged",""
"01_raw_data\depression_MDD\supplementary\GSE98793\GSE98793_RAW\GSM2612261_GP2842_70_SS490552_HG-U133_Plus_2_HCHP-228066_.CEL.gz","bdd40a394e637613cfc40560b96e718d1b43eb0735ed0f993b9fcdf0e7538d0d","bdd40a394e637613cfc40560b96e718d1b43eb0735ed0f993b9fcdf0e7538d0d","5120976","5120976","unchanged",""
"01_raw_data\depression_MDD\supplementary\GSE98793\GSE98793_RAW\GSM2612262_GP2842_71_SS490535_HG-U133_Plus_2_HCHP-228067_.CEL.gz","1d574ddf30ba938627183c2704d8b1deab9da8c8e9a13290f5c261cfea38943f","1d574ddf30ba938627183c2704d8b1deab9da8c8e9a13290f5c261cfea38943f","4984068","4984068","unchanged",""
"01_raw_data\depression_MDD\supplementary\GSE98793\GSE98793_RAW\GSM2612263_GP2842_72_SS490527_HG-U133_Plus_2_HCHP-228068_.CEL.gz","b629d7d37256ec102388faa946dabadb94c2a9a939898e0efb6f93f4cc927bb5","b629d7d37256ec102388faa946dabadb94c2a9a939898e0efb6f93f4cc927bb5","4874482","4874482","unchanged",""
"01_raw_data\depression_MDD\supplementary\GSE98793\GSE98793_RAW\GSM2612264_GP2842_73_SS490525_HG-U133_Plus_2_HCHP-228069_.CEL.gz","d07f9de7e95de2ce57a7052f8c8f4c862247286552d9d84c421c81663b4b0dde","d07f9de7e95de2ce57a7052f8c8f4c862247286552d9d84c421c81663b4b0dde","4627959","4627959","unchanged",""
"01_raw_data\depression_MDD\supplementary\GSE98793\GSE98793_RAW\GSM2612265_GP2842_74_SS490538_HG-U133_Plus_2_HCHP-228070_.CEL.gz","ddd0bf9140554a72c8e05468d18cff1a90042100638b546fba24b4fa7b82032b","ddd0bf9140554a72c8e05468d18cff1a90042100638b546fba24b4fa7b82032b","5084602","5084602","unchanged",""
"01_raw_data\depression_MDD\supplementary\GSE98793\GSE98793_RAW\GSM2612266_GP2842_75_SS490533_HG-U133_Plus_2_HCHP-228071_.CEL.gz","945755f4c5de1fed43f879d1dbe939495284862197ec2ad051e2d12bbd10edd3","945755f4c5de1fed43f879d1dbe939495284862197ec2ad051e2d12bbd10edd3","5196743","5196743","unchanged",""
"01_raw_data\depression_MDD\supplementary\GSE98793\GSE98793_RAW\GSM2612267_GP2842_76_SS490544_HG-U133_Plus_2_HCHP-228072_.CEL.gz","a76496c5babfd028ec8fce7e40ebfe3a11fd3757f8e649a69e9d07c2d641c8d1","a76496c5babfd028ec8fce7e40ebfe3a11fd3757f8e649a69e9d07c2d641c8d1","4801489","4801489","unchanged",""
"01_raw_data\depression_MDD\supplementary\GSE98793\GSE98793_RAW\GSM2612268_GP2842_77_SS490486_HG-U133_Plus_2_HCHP-228073_.CEL.gz","d53abfb1d0154cb6c19a19365b079406e30a8c1884390c9b879e69f41935d90e","d53abfb1d0154cb6c19a19365b079406e30a8c1884390c9b879e69f41935d90e","5029809","5029809","unchanged",""
"01_raw_data\depression_MDD\supplementary\GSE98793\GSE98793_RAW\GSM2612269_GP2842_78_SS490526_HG-U133_Plus_2_HCHP-228074_.CEL.gz","92fda6f1f26df5840cf6f1774b3ed7dcd7613b72e50cb25c42a2b32300a82c62","92fda6f1f26df5840cf6f1774b3ed7dcd7613b72e50cb25c42a2b32300a82c62","5092866","5092866","unchanged",""
"01_raw_data\depression_MDD\supplementary\GSE98793\GSE98793_RAW\GSM2612270_GP2842_79_SS490496_HG-U133_Plus_2_HCHP-228075_.CEL.gz","66bd18a1ef2ed88b5857bcb88dae73a531891d3270e9c428619dec5f5fb6ff18","66bd18a1ef2ed88b5857bcb88dae73a531891d3270e9c428619dec5f5fb6ff18","5265295","5265295","unchanged",""
"01_raw_data\depression_MDD\supplementary\GSE98793\GSE98793_RAW\GSM2612271_GP2842_80_SS490511_HG-U133_Plus_2_HCHP-228076_.CEL.gz","721b4725d5ef88916e5c4d3a51dfe23a56afe14e25fa0615b83c05fc1b925853","721b4725d5ef88916e5c4d3a51dfe23a56afe14e25fa0615b83c05fc1b925853","5018525","5018525","unchanged",""
"01_raw_data\depression_MDD\supplementary\GSE98793\GSE98793_RAW\GSM2612272_GP2842_81_SS490537_HG-U133_Plus_2_HCHP-228077_.CEL.gz","2f1f17f6f916a92fadb513298da6a1364f71384873be385ad0fe222c904fc58c","2f1f17f6f916a92fadb513298da6a1364f71384873be385ad0fe222c904fc58c","4978459","4978459","unchanged",""
"01_raw_data\depression_MDD\supplementary\GSE98793\GSE98793_RAW\GSM2612273_GP2842_82_SS490539_HG-U133_Plus_2_HCHP-228078_.CEL.gz","8150d58eac4e89d38b51afa22bb6fe282413e7aafcc9338510675128d9910658","8150d58eac4e89d38b51afa22bb6fe282413e7aafcc9338510675128d9910658","4793102","4793102","unchanged",""
"01_raw_data\depression_MDD\supplementary\GSE98793\GSE98793_RAW\GSM2612274_GP2842_83_SS490516_HG-U133_Plus_2_HCHP-228079_.CEL.gz","523ed7cc5abd1a66bca8cfcd06f448347e38f73010888b64a7e44a0a8dd1a69e","523ed7cc5abd1a66bca8cfcd06f448347e38f73010888b64a7e44a0a8dd1a69e","4912330","4912330","unchanged",""
"01_raw_data\depression_MDD\supplementary\GSE98793\GSE98793_RAW\GSM2612275_GP2842_84_SS490517_HG-U133_Plus_2_HCHP-228080_.CEL.gz","e2123c2010f74617f154fce46168c947784623f3cf43f752619036a1fe9fa3f1","e2123c2010f74617f154fce46168c947784623f3cf43f752619036a1fe9fa3f1","5039883","5039883","unchanged",""
"01_raw_data\depression_MDD\supplementary\GSE98793\GSE98793_RAW\GSM2612276_GP2842_85_SS490548_HG-U133_Plus_2_HCHP-228081_.CEL.gz","f78c76084fa8311938ef62115aa306109ab9559ea85c4b5b7053b505bbe6eb6f","f78c76084fa8311938ef62115aa306109ab9559ea85c4b5b7053b505bbe6eb6f","5040502","5040502","unchanged",""
"01_raw_data\depression_MDD\supplementary\GSE98793\GSE98793_RAW\GSM2612277_GP2842_86_SS490482_HG-U133_Plus_2_HCHP-228082_.CEL.gz","5cac429c2bd95af8b9e1da9ac154c71c08bb6fb563e71000348f43786ae96abb","5cac429c2bd95af8b9e1da9ac154c71c08bb6fb563e71000348f43786ae96abb","5155893","5155893","unchanged",""
"01_raw_data\depression_MDD\supplementary\GSE98793\GSE98793_RAW\GSM2612278_GP2842_87_SS490565_HG-U133_Plus_2_HCHP-228083_.CEL.gz","8b6f3ebc9de44b2a46aaa930ee0c6e157caaf7e78e40018e47e0a247406bb3d1","8b6f3ebc9de44b2a46aaa930ee0c6e157caaf7e78e40018e47e0a247406bb3d1","5095732","5095732","unchanged",""
"01_raw_data\depression_MDD\supplementary\GSE98793\GSE98793_RAW\GSM2612279_GP2842_88_SS490523_HG-U133_Plus_2_HCHP-228084_.CEL.gz","7dc1c222a09aba829a784a548cca2078e32d02a55c48ce26f3a4e5763192a0a7","7dc1c222a09aba829a784a548cca2078e32d02a55c48ce26f3a4e5763192a0a7","5137520","5137520","unchanged",""
"01_raw_data\depression_MDD\supplementary\GSE98793\GSE98793_RAW\GSM2612280_GP2842_89_SS490547_HG-U133_Plus_2_HCHP-228085_.CEL.gz","b2d2fec15c9d438c5c750b93dfe35a84e7f86f6adf2a6cfbb9e93792cf6b52dd","b2d2fec15c9d438c5c750b93dfe35a84e7f86f6adf2a6cfbb9e93792cf6b52dd","5393780","5393780","unchanged",""
"01_raw_data\depression_MDD\supplementary\GSE98793\GSE98793_RAW\GSM2612281_GP2842_90_SS490551_HG-U133_Plus_2_HCHP-228086_.CEL.gz","92fbae0b4faab4422394b02ea5426dcc4ec5a4d1c530b8e928e90de2d22c07e7","92fbae0b4faab4422394b02ea5426dcc4ec5a4d1c530b8e928e90de2d22c07e7","4924964","4924964","unchanged",""
"01_raw_data\depression_MDD\supplementary\GSE98793\GSE98793_RAW\GSM2612282_GP2842_91_SS490502_HG-U133_Plus_2_HCHP-228087_.CEL.gz","6324e2897a24d2062ad50d99e36a780ffbfc543b6d77fafd673438f82f7cbf3b","6324e2897a24d2062ad50d99e36a780ffbfc543b6d77fafd673438f82f7cbf3b","5232164","5232164","unchanged",""
"01_raw_data\depression_MDD\supplementary\GSE98793\GSE98793_RAW\GSM2612283_GP2842_92_SS490556_HG-U133_Plus_2_HCHP-228088_.CEL.gz","aeddb15ec6ab9a432f0b7ed897694de25f7263a825b226db84faa795d89514db","aeddb15ec6ab9a432f0b7ed897694de25f7263a825b226db84faa795d89514db","5572278","5572278","unchanged",""
"01_raw_data\depression_MDD\supplementary\GSE98793\GSE98793_RAW\GSM2612284_GP2842_93_SS490485_HG-U133_Plus_2_HCHP-228089_.CEL.gz","4ca8ceff2240cca3f8c416273737e7c4d1328811b85b2088510788486f2f3d3a","4ca8ceff2240cca3f8c416273737e7c4d1328811b85b2088510788486f2f3d3a","5111612","5111612","unchanged",""
"01_raw_data\depression_MDD\supplementary\GSE98793\GSE98793_RAW\GSM2612285_GP2842_94_SS490481_HG-U133_Plus_2_HCHP-228090_.CEL.gz","565a4cedfba83c38fa810b900cd6eb5d0883fe58edf4374e8945f735492dc608","565a4cedfba83c38fa810b900cd6eb5d0883fe58edf4374e8945f735492dc608","5251879","5251879","unchanged",""
"01_raw_data\depression_MDD\supplementary\GSE98793\GSE98793_RAW\GSM2612286_GP2842_95_SS490555_HG-U133_Plus_2_HCHP-228091_.CEL.gz","33dacd6325145aa28d681a287c56735f42eb361e51b7a693a7bf5b218fefda6e","33dacd6325145aa28d681a287c56735f42eb361e51b7a693a7bf5b218fefda6e","5324280","5324280","unchanged",""
"01_raw_data\depression_MDD\supplementary\GSE98793\GSE98793_RAW\GSM2612287_GP2842_96_SS490560_HG-U133_Plus_2_HCHP-228092_.CEL.gz","9a1efeae0b4d251e3383d16358de1cd6f0f01404316329170796f263c823c767","9a1efeae0b4d251e3383d16358de1cd6f0f01404316329170796f263c823c767","5669335","5669335","unchanged",""
"01_raw_data\liver_NAFLD_MASLD\GSE126848\expression_matrix.rds","2bed88675e6b95033921aef041b07dc787a9a02f02d7c1f887ddad41a3c8af12","2bed88675e6b95033921aef041b07dc787a9a02f02d7c1f887ddad41a3c8af12","241","241","unchanged",""
"01_raw_data\liver_NAFLD_MASLD\GSE126848\pheno_data.rds","cd6bfd59d11d3e96641206572dff621d562d55dbc35d6c1df1e8a0abc03a2fba","cd6bfd59d11d3e96641206572dff621d562d55dbc35d6c1df1e8a0abc03a2fba","2726","2726","unchanged",""
"01_raw_data\liver_NAFLD_MASLD\GSE135251\expression_matrix.rds","452a81b88d1fce4cc51583664de48ce4187a484fba3af766758bc7f673f2db09","452a81b88d1fce4cc51583664de48ce4187a484fba3af766758bc7f673f2db09","571","571","unchanged",""
"01_raw_data\liver_NAFLD_MASLD\GSE135251\pheno_data.rds","84a663f865456bb935bcc291839298e095c39a5a482c0828331d94132e29f764","84a663f865456bb935bcc291839298e095c39a5a482c0828331d94132e29f764","11485","11485","unchanged",""
"01_raw_data\liver_NAFLD_MASLD\GSE167523\expression_matrix.rds","1799983fcbd211ea8aa859557aa0c4304316d75b360800118d1ecf67a8f8d3c9","1799983fcbd211ea8aa859557aa0c4304316d75b360800118d1ecf67a8f8d3c9","320","320","unchanged",""
"01_raw_data\liver_NAFLD_MASLD\GSE167523\pheno_data.rds","2a9a40277c2490442c1ba56639d1f66c92595a61e3924b169a12bceb4f1c2b73","2a9a40277c2490442c1ba56639d1f66c92595a61e3924b169a12bceb4f1c2b73","5702","5702","unchanged",""
"01_raw_data\liver_NAFLD_MASLD\supplementary\GSE126848\GSE126848_Gene_counts_raw.txt","1c0d42e5faef367e20b9930c860039c4faf62e0fa48da61165f1d1f5ab4c81c3","1c0d42e5faef367e20b9930c860039c4faf62e0fa48da61165f1d1f5ab4c81c3","1399485","1399485","unchanged",""
"01_raw_data\liver_NAFLD_MASLD\supplementary\GSE126848\GSE126848_Gene_counts_raw.txt.gz","8208defed61d1eb6a727723e8882e9f690e1277478d3ac7b2fd2c56c96aa0d3d","8208defed61d1eb6a727723e8882e9f690e1277478d3ac7b2fd2c56c96aa0d3d","1399252","1399252","unchanged",""
"01_raw_data\liver_NAFLD_MASLD\supplementary\GSE135251\GSE135251_RAW.tar","0f4527224ad66cfa9e3f1a603b2a460554876200b2e964e7b0c9798bf13537aa","0f4527224ad66cfa9e3f1a603b2a460554876200b2e964e7b0c9798bf13537aa","45854720","45854720","unchanged",""
"01_raw_data\liver_NAFLD_MASLD\supplementary\GSE135251\GSE135251_RAW\GSM3998167_017-Ann-Daly_S1.counts.txt.gz","9b8c1b9963a11e8db6f3a8e3b835981fb854cd90690e0e1d15e9b8c46de8853e","9b8c1b9963a11e8db6f3a8e3b835981fb854cd90690e0e1d15e9b8c46de8853e","212070","212070","unchanged",""
"01_raw_data\liver_NAFLD_MASLD\supplementary\GSE135251\GSE135251_RAW\GSM3998168_018-Ann-Daly_S2.counts.txt.gz","0af051bafbdca9ab34ce05a650137bf1acebc2558ab189373959d3f9c480aac5","0af051bafbdca9ab34ce05a650137bf1acebc2558ab189373959d3f9c480aac5","211405","211405","unchanged",""
"01_raw_data\liver_NAFLD_MASLD\supplementary\GSE135251\GSE135251_RAW\GSM3998169_029-Ann-Daly_S4.counts.txt.gz","a520eed73782c5e20e8cf60f927cca6298fbe613193b6e235c248c499ae62949","a520eed73782c5e20e8cf60f927cca6298fbe613193b6e235c248c499ae62949","212338","212338","unchanged",""
"01_raw_data\liver_NAFLD_MASLD\supplementary\GSE135251\GSE135251_RAW\GSM3998170_030-Ann-Daly_S5.counts.txt.gz","ce44f5a20e70d21cbdf9ffcdb0e00d438f391fb0a521743cc4f6d6702286fd52","ce44f5a20e70d21cbdf9ffcdb0e00d438f391fb0a521743cc4f6d6702286fd52","213435","213435","unchanged",""
"01_raw_data\liver_NAFLD_MASLD\supplementary\GSE135251\GSE135251_RAW\GSM3998171_031-Ann-Daly_S6.counts.txt.gz","0033dee437c6f388ec4770713a373446c79815bee249a4f8429678871c7f4ecc","0033dee437c6f388ec4770713a373446c79815bee249a4f8429678871c7f4ecc","213097","213097","unchanged",""
"01_raw_data\liver_NAFLD_MASLD\supplementary\GSE135251\GSE135251_RAW\GSM3998172_032-Ann-Daly_S7.counts.txt.gz","1674ca542c286a4a7ac852e040e645b771d49ff5806e4da22d1ebdddd92472aa","1674ca542c286a4a7ac852e040e645b771d49ff5806e4da22d1ebdddd92472aa","211053","211053","unchanged",""
"01_raw_data\liver_NAFLD_MASLD\supplementary\GSE135251\GSE135251_RAW\GSM3998173_033-Ann-Daly_S8.counts.txt.gz","3904d364618ee42fb1f74a50e347208f9bde99c8ab4efdaa60a6287b7ee45002","3904d364618ee42fb1f74a50e347208f9bde99c8ab4efdaa60a6287b7ee45002","212858","212858","unchanged",""
"01_raw_data\liver_NAFLD_MASLD\supplementary\GSE135251\GSE135251_RAW\GSM3998174_035-Ann-Daly_S10.counts.txt.gz","835cd125f7edf813e372ad501185521c5a95d54d5e62d666332a7cf87d3a2697","835cd125f7edf813e372ad501185521c5a95d54d5e62d666332a7cf87d3a2697","211412","211412","unchanged",""
"01_raw_data\liver_NAFLD_MASLD\supplementary\GSE135251\GSE135251_RAW\GSM3998175_036-Ann-Daly_S11.counts.txt.gz","9fe2839b176157e8fa03ba906c13902f802728b5aa13fafc9938eb17e3bbd40d","9fe2839b176157e8fa03ba906c13902f802728b5aa13fafc9938eb17e3bbd40d","208546","208546","unchanged",""
"01_raw_data\liver_NAFLD_MASLD\supplementary\GSE135251\GSE135251_RAW\GSM3998176_037-Ann-Daly_S12.counts.txt.gz","3df27d5338a978424e41d668539cc47c669e59bfb0a84cd4e7bebfab599ab939","3df27d5338a978424e41d668539cc47c669e59bfb0a84cd4e7bebfab599ab939","210315","210315","unchanged",""
"01_raw_data\liver_NAFLD_MASLD\supplementary\GSE135251\GSE135251_RAW\GSM3998177_038-Ann-Daly_S13.counts.txt.gz","095114043a3c7ee8ea66d1a80901411fe52d5574a7a262e10e0eadf4c0ae5999","095114043a3c7ee8ea66d1a80901411fe52d5574a7a262e10e0eadf4c0ae5999","211237","211237","unchanged",""
"01_raw_data\liver_NAFLD_MASLD\supplementary\GSE135251\GSE135251_RAW\GSM3998178_040-Ann-Daly_S14.counts.txt.gz","1ee394c5fc0aa10dc04fc436d36eaba01aa25f55d21f472490ff9192eaaeb8e8","1ee394c5fc0aa10dc04fc436d36eaba01aa25f55d21f472490ff9192eaaeb8e8","210792","210792","unchanged",""
"01_raw_data\liver_NAFLD_MASLD\supplementary\GSE135251\GSE135251_RAW\GSM3998179_041-Ann-Daly_S15.counts.txt.gz","e16bf40ac13a099064239dbd4e1f3cd1afbad075f264983092ff618c30052900","e16bf40ac13a099064239dbd4e1f3cd1afbad075f264983092ff618c30052900","210420","210420","unchanged",""
"01_raw_data\liver_NAFLD_MASLD\supplementary\GSE135251\GSE135251_RAW\GSM3998180_042-Ann-Daly_S16.counts.txt.gz","b834d30e7f7df3fe6459a74d33db3ff4dfb6f73cc39fcf81a492fe0d8656373b","b834d30e7f7df3fe6459a74d33db3ff4dfb6f73cc39fcf81a492fe0d8656373b","210813","210813","unchanged",""
"01_raw_data\liver_NAFLD_MASLD\supplementary\GSE135251\GSE135251_RAW\GSM3998181_043-Ann-Daly_S1.counts.txt.gz","27dde9b3136f1656006c676cca5080403dd302b7a0e6b11c131fda25d8ffa851","27dde9b3136f1656006c676cca5080403dd302b7a0e6b11c131fda25d8ffa851","210020","210020","unchanged",""
"01_raw_data\liver_NAFLD_MASLD\supplementary\GSE135251\GSE135251_RAW\GSM3998182_044-Ann-Daly_S2.counts.txt.gz","db07d4ce8958c82fd00590d56308ffb18cf5ba65ee3a5a452b8e088f71b5982d","db07d4ce8958c82fd00590d56308ffb18cf5ba65ee3a5a452b8e088f71b5982d","210376","210376","unchanged",""
"01_raw_data\liver_NAFLD_MASLD\supplementary\GSE135251\GSE135251_RAW\GSM3998183_046-Ann-Daly_S3.counts.txt.gz","7d60d335f7a77f0d68f860bac608089f80ec4fdaaa9793aa2147a9884cd6fb71","7d60d335f7a77f0d68f860bac608089f80ec4fdaaa9793aa2147a9884cd6fb71","209589","209589","unchanged",""
"01_raw_data\liver_NAFLD_MASLD\supplementary\GSE135251\GSE135251_RAW\GSM3998184_047-Ann-Daly_S4.counts.txt.gz","51c2343fb7e542f2d31a1cbd71bd3f6eb29004d67d70626fc09a52737fa14c1f","51c2343fb7e542f2d31a1cbd71bd3f6eb29004d67d70626fc09a52737fa14c1f","211839","211839","unchanged",""
"01_raw_data\liver_NAFLD_MASLD\supplementary\GSE135251\GSE135251_RAW\GSM3998185_048-Ann-Daly_S5.counts.txt.gz","eeb0296fa62b986ce5c359f8872d99d1646bbc6c696292f19cb8bdad19f27256","eeb0296fa62b986ce5c359f8872d99d1646bbc6c696292f19cb8bdad19f27256","211835","211835","unchanged",""
"01_raw_data\liver_NAFLD_MASLD\supplementary\GSE135251\GSE135251_RAW\GSM3998186_049-Ann-Daly_S6.counts.txt.gz","1a0840745a3dc5cbeed46037ad1faf3566909efaec5bde6fe72b374bc91c4ef5","1a0840745a3dc5cbeed46037ad1faf3566909efaec5bde6fe72b374bc91c4ef5","211118","211118","unchanged",""
"01_raw_data\liver_NAFLD_MASLD\supplementary\GSE135251\GSE135251_RAW\GSM3998187_051-Ann-Daly_S7.counts.txt.gz","964071a094c7f80776e7101b04c1a59750407a3512a5aaadb2a5c68219c92555","964071a094c7f80776e7101b04c1a59750407a3512a5aaadb2a5c68219c92555","211345","211345","unchanged",""
"01_raw_data\liver_NAFLD_MASLD\supplementary\GSE135251\GSE135251_RAW\GSM3998188_053-Ann-Daly_S9.counts.txt.gz","11a285686547a52c0010009def16778f469cd52c1edc0ff9c1e3c1d4d044d5f8","11a285686547a52c0010009def16778f469cd52c1edc0ff9c1e3c1d4d044d5f8","212807","212807","unchanged",""
"01_raw_data\liver_NAFLD_MASLD\supplementary\GSE135251\GSE135251_RAW\GSM3998189_054-Ann-Daly_S10.counts.txt.gz","a3a16796f05fbf333e44c84286e6c244e4f3018a7822891a164691b73e7e2f24","a3a16796f05fbf333e44c84286e6c244e4f3018a7822891a164691b73e7e2f24","211945","211945","unchanged",""
"01_raw_data\liver_NAFLD_MASLD\supplementary\GSE135251\GSE135251_RAW\GSM3998190_055-Ann-Daly_S11.counts.txt.gz","7b7329c029b8686555486ebaee3d7765e3a0e053aae747d3ab02b37cdf91afd5","7b7329c029b8686555486ebaee3d7765e3a0e053aae747d3ab02b37cdf91afd5","210359","210359","unchanged",""
"01_raw_data\liver_NAFLD_MASLD\supplementary\GSE135251\GSE135251_RAW\GSM3998191_059-Ann-Daly_S12.counts.txt.gz","989b7b7560588185c87afe9c523a08b4ff7536ca32adfad9079a05ddfd9fa0ae","989b7b7560588185c87afe9c523a08b4ff7536ca32adfad9079a05ddfd9fa0ae","213450","213450","unchanged",""
"01_raw_data\liver_NAFLD_MASLD\supplementary\GSE135251\GSE135251_RAW\GSM3998192_060-Ann-Daly_S13.counts.txt.gz","5f6b09d38aa094977a9d8b458bcbac5af952965ca903cc8f5f1d7bdb536c8f69","5f6b09d38aa094977a9d8b458bcbac5af952965ca903cc8f5f1d7bdb536c8f69","210935","210935","unchanged",""
"01_raw_data\liver_NAFLD_MASLD\supplementary\GSE135251\GSE135251_RAW\GSM3998193_061-Ann-Daly_S14.counts.txt.gz","46f66785c308c4797196f743deecea26bebbcac7948ff2d66e9d350adab893f4","46f66785c308c4797196f743deecea26bebbcac7948ff2d66e9d350adab893f4","210368","210368","unchanged",""
"01_raw_data\liver_NAFLD_MASLD\supplementary\GSE135251\GSE135251_RAW\GSM3998194_062-Ann-Daly_S15.counts.txt.gz","7ce35b10fb3c94b77b2185547bc4ee7c9f00813b4bb1d7274d377089ba621ebc","7ce35b10fb3c94b77b2185547bc4ee7c9f00813b4bb1d7274d377089ba621ebc","210536","210536","unchanged",""
"01_raw_data\liver_NAFLD_MASLD\supplementary\GSE135251\GSE135251_RAW\GSM3998195_075-Ann-Daly_S16.counts.txt.gz","e02be79ea4198a053140d174e0a7a52a10a959fd0cced87b0a6fda5b3bafc3f8","e02be79ea4198a053140d174e0a7a52a10a959fd0cced87b0a6fda5b3bafc3f8","212327","212327","unchanged",""
"01_raw_data\liver_NAFLD_MASLD\supplementary\GSE135251\GSE135251_RAW\GSM3998196_076-Ann-Daly_S3.counts.txt.gz","083a350db46064e844ac91eac8ac76134e6afdee71b7874d2bfa9ceddafac284","083a350db46064e844ac91eac8ac76134e6afdee71b7874d2bfa9ceddafac284","210695","210695","unchanged",""
"01_raw_data\liver_NAFLD_MASLD\supplementary\GSE135251\GSE135251_RAW\GSM3998197_1_20.counts.txt.gz","2bcbd6d0ece8df06ee61d5a83d174e08a306f64604e384841a2f293d2a0801ed","2bcbd6d0ece8df06ee61d5a83d174e08a306f64604e384841a2f293d2a0801ed","212835","212835","unchanged",""
"01_raw_data\liver_NAFLD_MASLD\supplementary\GSE135251\GSE135251_RAW\GSM3998198_10_352.counts.txt.gz","f00db3b8a286090b16afb1cbf3a787f9860e9956c9f08cd825e09686115b5396","f00db3b8a286090b16afb1cbf3a787f9860e9956c9f08cd825e09686115b5396","213520","213520","unchanged",""
"01_raw_data\liver_NAFLD_MASLD\supplementary\GSE135251\GSE135251_RAW\GSM3998199_101-Ann-Daly_S1.counts.txt.gz","e3b967fd68f71424dd3120114ebcb9e5593336bf0b26bd66ade3f7c85fae84aa","e3b967fd68f71424dd3120114ebcb9e5593336bf0b26bd66ade3f7c85fae84aa","213353","213353","unchanged",""
"01_raw_data\liver_NAFLD_MASLD\supplementary\GSE135251\GSE135251_RAW\GSM3998200_102-Ann-Daly_S2.counts.txt.gz","b70c0abe351c2995d464a605e32ded33b7af62d8bca1ac8f53d474300c6d30ac","b70c0abe351c2995d464a605e32ded33b7af62d8bca1ac8f53d474300c6d30ac","212225","212225","unchanged",""
"01_raw_data\liver_NAFLD_MASLD\supplementary\GSE135251\GSE135251_RAW\GSM3998201_103-Ann-Daly_S3.counts.txt.gz","d8afa0796992397124766b2f530585ddb4dbae72f30da2ffc976087d3b3476da","d8afa0796992397124766b2f530585ddb4dbae72f30da2ffc976087d3b3476da","212062","212062","unchanged",""
"01_raw_data\liver_NAFLD_MASLD\supplementary\GSE135251\GSE135251_RAW\GSM3998202_104-Ann-Daly_S4.counts.txt.gz","48f83f96b6b9ee67307833ed9982993667b5f0948525885830d57a066674831d","48f83f96b6b9ee67307833ed9982993667b5f0948525885830d57a066674831d","211290","211290","unchanged",""
"01_raw_data\liver_NAFLD_MASLD\supplementary\GSE135251\GSE135251_RAW\GSM3998203_105-Ann-Daly_S5.counts.txt.gz","4c10454f6398ec3d378867aaef0ea75994bd1c24237475c0016d1364ab4a40b4","4c10454f6398ec3d378867aaef0ea75994bd1c24237475c0016d1364ab4a40b4","211263","211263","unchanged",""
"01_raw_data\liver_NAFLD_MASLD\supplementary\GSE135251\GSE135251_RAW\GSM3998204_106-Ann-Daly_S6.counts.txt.gz","c3bf5468fc096f17362ca92e6d65936fb9392e7ad012af28d28f62caf6c33548","c3bf5468fc096f17362ca92e6d65936fb9392e7ad012af28d28f62caf6c33548","209697","209697","unchanged",""
"01_raw_data\liver_NAFLD_MASLD\supplementary\GSE135251\GSE135251_RAW\GSM3998205_108-Ann-Daly_S8.counts.txt.gz","352d42c3bfd7c0c6d538f2acbd4a31a17461b502ff96ea3521f495b198e3b3f1","352d42c3bfd7c0c6d538f2acbd4a31a17461b502ff96ea3521f495b198e3b3f1","210268","210268","unchanged",""
"01_raw_data\liver_NAFLD_MASLD\supplementary\GSE135251\GSE135251_RAW\GSM3998206_109-Ann-Daly_S1.counts.txt.gz","bf8d69c451b9928c9da948eaaa6c33c890816085c199d54985d200fb77e8c263","bf8d69c451b9928c9da948eaaa6c33c890816085c199d54985d200fb77e8c263","212031","212031","unchanged",""
"01_raw_data\liver_NAFLD_MASLD\supplementary\GSE135251\GSE135251_RAW\GSM3998207_110-Ann-Daly_S2.counts.txt.gz","8184b09fab9c3dea925b7acdd864408d046ae197604c3b99f3a44e0bcda140cf","8184b09fab9c3dea925b7acdd864408d046ae197604c3b99f3a44e0bcda140cf","212055","212055","unchanged",""
"01_raw_data\liver_NAFLD_MASLD\supplementary\GSE135251\GSE135251_RAW\GSM3998208_111-Ann-Daly_S3.counts.txt.gz","635fb02d2c9221091d52a19122faad5464909aa2eba30892b191c4e61ccfe537","635fb02d2c9221091d52a19122faad5464909aa2eba30892b191c4e61ccfe537","210722","210722","unchanged",""
"01_raw_data\liver_NAFLD_MASLD\supplementary\GSE135251\GSE135251_RAW\GSM3998209_112-Ann-Daly_S4.counts.txt.gz","13ec121238a387d9e240cbbdb827bf08cf1b760a33dc552aeee1c31cb55d8739","13ec121238a387d9e240cbbdb827bf08cf1b760a33dc552aeee1c31cb55d8739","212196","212196","unchanged",""
"01_raw_data\liver_NAFLD_MASLD\supplementary\GSE135251\GSE135251_RAW\GSM3998210_114-Ann-Daly_S5.counts.txt.gz","e82228f2b3207a31371f198dc5ff4a7bf34331cbcdf41369ea46d512e0a28027","e82228f2b3207a31371f198dc5ff4a7bf34331cbcdf41369ea46d512e0a28027","210352","210352","unchanged",""
"01_raw_data\liver_NAFLD_MASLD\supplementary\GSE135251\GSE135251_RAW\GSM3998211_115-Ann-Daly_S6.counts.txt.gz","09f88552b647094c9abdc3b33c42cd92b4931b6b5de224259ff536bb2abe3b7a","09f88552b647094c9abdc3b33c42cd92b4931b6b5de224259ff536bb2abe3b7a","210742","210742","unchanged",""
"01_raw_data\liver_NAFLD_MASLD\supplementary\GSE135251\GSE135251_RAW\GSM3998212_116-Ann-Daly_S7.counts.txt.gz","8396b17b4ff8d3cbe6954aae175223d2851038c5f36ad19f8266a5dbd49e74e4","8396b17b4ff8d3cbe6954aae175223d2851038c5f36ad19f8266a5dbd49e74e4","211179","211179","unchanged",""
"01_raw_data\liver_NAFLD_MASLD\supplementary\GSE135251\GSE135251_RAW\GSM3998213_12_469.counts.txt.gz","cc3db9f836296fa94341ae0b9b9a1b26bc0af1ab114c53872d907ef739840a92","cc3db9f836296fa94341ae0b9b9a1b26bc0af1ab114c53872d907ef739840a92","212433","212433","unchanged",""
"01_raw_data\liver_NAFLD_MASLD\supplementary\GSE135251\GSE135251_RAW\GSM3998214_120-Ann-Daly_S9.counts.txt.gz","10f73f7a6028a6df0beccba11779c549d1140e2e0036a817c4266e53d8b62f84","10f73f7a6028a6df0beccba11779c549d1140e2e0036a817c4266e53d8b62f84","210570","210570","unchanged",""
"01_raw_data\liver_NAFLD_MASLD\supplementary\GSE135251\GSE135251_RAW\GSM3998215_124-Ann-Daly_S10.counts.txt.gz","6ac50a61dfe414c184272c04b907737742c731cf2b81b2d7244c2a49b402bbf4","6ac50a61dfe414c184272c04b907737742c731cf2b81b2d7244c2a49b402bbf4","210645","210645","unchanged",""
"01_raw_data\liver_NAFLD_MASLD\supplementary\GSE135251\GSE135251_RAW\GSM3998216_127-Ann-Daly_S11.counts.txt.gz","1461352c31ac264c18a6bb402f3334d7a1b4f515d6cc44e677b7575e96cd014a","1461352c31ac264c18a6bb402f3334d7a1b4f515d6cc44e677b7575e96cd014a","211612","211612","unchanged",""
"01_raw_data\liver_NAFLD_MASLD\supplementary\GSE135251\GSE135251_RAW\GSM3998217_128-Ann-Daly_S12.counts.txt.gz","f40f8091ae2d9c325ea8d5272cffa39b499fb26134fb8b738284907ceb6d0aaf","f40f8091ae2d9c325ea8d5272cffa39b499fb26134fb8b738284907ceb6d0aaf","210134","210134","unchanged",""
"01_raw_data\liver_NAFLD_MASLD\supplementary\GSE135251\GSE135251_RAW\GSM3998218_129-Ann-Daly_S13.counts.txt.gz","c50c7925804c7a6c66ba6e09f9e13f1e41dc163c110e5fecafda38f8682a3909","c50c7925804c7a6c66ba6e09f9e13f1e41dc163c110e5fecafda38f8682a3909","212158","212158","unchanged",""
"01_raw_data\liver_NAFLD_MASLD\supplementary\GSE135251\GSE135251_RAW\GSM3998219_13_470.counts.txt.gz","ed360f518966e0bfca68aeb5e2118a832f00d70b310466c3a989fe9b8d83baa6","ed360f518966e0bfca68aeb5e2118a832f00d70b310466c3a989fe9b8d83baa6","211706","211706","unchanged",""
"01_raw_data\liver_NAFLD_MASLD\supplementary\GSE135251\GSE135251_RAW\GSM3998220_130-Ann-Daly_S14.counts.txt.gz","71abdca320fbb9e62a5712ad0f17ed3aaccb9224255216c1bd0617d028b7e879","71abdca320fbb9e62a5712ad0f17ed3aaccb9224255216c1bd0617d028b7e879","210108","210108","unchanged",""
"01_raw_data\liver_NAFLD_MASLD\supplementary\GSE135251\GSE135251_RAW\GSM3998221_132-Ann-Daly_S15.counts.txt.gz","fd91ccef18053ca700da7696412c5c12fea45a3bbed53e4d914fef2bf23ce3aa","fd91ccef18053ca700da7696412c5c12fea45a3bbed53e4d914fef2bf23ce3aa","209480","209480","unchanged",""
"01_raw_data\liver_NAFLD_MASLD\supplementary\GSE135251\GSE135251_RAW\GSM3998222_133-Ann-Daly_S16.counts.txt.gz","901ef1000d2c03d9e8fe8e28174793fc7f92eda8426540678756475f7f62d86a","901ef1000d2c03d9e8fe8e28174793fc7f92eda8426540678756475f7f62d86a","210163","210163","unchanged",""
"01_raw_data\liver_NAFLD_MASLD\supplementary\GSE135251\GSE135251_RAW\GSM3998223_134-Ann-Daly_S1.counts.txt.gz","73f829b177776e14a91cb73204441ac10b48541a16d0452280fd4dc8fab420b9","73f829b177776e14a91cb73204441ac10b48541a16d0452280fd4dc8fab420b9","211544","211544","unchanged",""
"01_raw_data\liver_NAFLD_MASLD\supplementary\GSE135251\GSE135251_RAW\GSM3998224_135-Ann-Daly_S2.counts.txt.gz","2a2d75aba5319b87c08bb8ccd6f87fe47ccd2765558e88aba679f9a0600467fc","2a2d75aba5319b87c08bb8ccd6f87fe47ccd2765558e88aba679f9a0600467fc","209682","209682","unchanged",""
"01_raw_data\liver_NAFLD_MASLD\supplementary\GSE135251\GSE135251_RAW\GSM3998225_136-Ann-Daly_S1.counts.txt.gz","206c4548039700ecfa9597ce26a26d1b466a1441ea14ad8aa45f65b2c9122298","206c4548039700ecfa9597ce26a26d1b466a1441ea14ad8aa45f65b2c9122298","216899","216899","unchanged",""
"01_raw_data\liver_NAFLD_MASLD\supplementary\GSE135251\GSE135251_RAW\GSM3998226_14_472.counts.txt.gz","8863c66080b178d31b5cce5db065f45a8aa133a026873c9a5b75b23d051570ce","8863c66080b178d31b5cce5db065f45a8aa133a026873c9a5b75b23d051570ce","213376","213376","unchanged",""
"01_raw_data\liver_NAFLD_MASLD\supplementary\GSE135251\GSE135251_RAW\GSM3998227_141-Ann-Daly_S2.counts.txt.gz","138004a47e79e586884f21e9c077d64ad33398b94784374ff866fc8c7e1dc637","138004a47e79e586884f21e9c077d64ad33398b94784374ff866fc8c7e1dc637","212547","212547","unchanged",""
"01_raw_data\liver_NAFLD_MASLD\supplementary\GSE135251\GSE135251_RAW\GSM3998228_15_473.counts.txt.gz","09a1eabfe21f15208a5682b722c17df32f1f7b3c918c07ca152196f01767852e","09a1eabfe21f15208a5682b722c17df32f1f7b3c918c07ca152196f01767852e","212285","212285","unchanged",""
"01_raw_data\liver_NAFLD_MASLD\supplementary\GSE135251\GSE135251_RAW\GSM3998229_152-Ann-Daly_S3.counts.txt.gz","f46f86271b9ad324ff82a3f34cfe86723937c5771eeea5e46122942076e112f4","f46f86271b9ad324ff82a3f34cfe86723937c5771eeea5e46122942076e112f4","211039","211039","unchanged",""
"01_raw_data\liver_NAFLD_MASLD\supplementary\GSE135251\GSE135251_RAW\GSM3998230_155-Ann-Daly_S4.counts.txt.gz","67a28658482664bf87e71115f36540b5d14c052e084e77364c23a347c9381a0a","67a28658482664bf87e71115f36540b5d14c052e084e77364c23a347c9381a0a","208264","208264","unchanged",""
"01_raw_data\liver_NAFLD_MASLD\supplementary\GSE135251\GSE135251_RAW\GSM3998231_169-Ann-Daly_S5.counts.txt.gz","eea2e0a2574acedc345e330aa4754a29550e87b4c802b9d34bd393f2bc2aafef","eea2e0a2574acedc345e330aa4754a29550e87b4c802b9d34bd393f2bc2aafef","210419","210419","unchanged",""
"01_raw_data\liver_NAFLD_MASLD\supplementary\GSE135251\GSE135251_RAW\GSM3998232_17_82.counts.txt.gz","c7606caf031e9999c0f46bede23a088a8d8bf7cef849fa6fe116ce4363597e3e","c7606caf031e9999c0f46bede23a088a8d8bf7cef849fa6fe116ce4363597e3e","211593","211593","unchanged",""
"01_raw_data\liver_NAFLD_MASLD\supplementary\GSE135251\GSE135251_RAW\GSM3998233_172-Ann-Daly_S6.counts.txt.gz","3a2e23927672ec9b97e805807ec4ea013bd0ac4ef90494c92078e7df60da3598","3a2e23927672ec9b97e805807ec4ea013bd0ac4ef90494c92078e7df60da3598","212925","212925","unchanged",""
"01_raw_data\liver_NAFLD_MASLD\supplementary\GSE135251\GSE135251_RAW\GSM3998234_176-Ann-Daly_S7.counts.txt.gz","be560f9c00bdb919f5a3ecc7ec14597207b9738e77dd5fcd6f4e4685b05d7d78","be560f9c00bdb919f5a3ecc7ec14597207b9738e77dd5fcd6f4e4685b05d7d78","210263","210263","unchanged",""
"01_raw_data\liver_NAFLD_MASLD\supplementary\GSE135251\GSE135251_RAW\GSM3998235_177-Ann-Daly_S8.counts.txt.gz","3796ce8ea1b7f8fec036397ff9ad3a41cebc7a360ec3f2d65f653c5f7e134401","3796ce8ea1b7f8fec036397ff9ad3a41cebc7a360ec3f2d65f653c5f7e134401","212794","212794","unchanged",""
"01_raw_data\liver_NAFLD_MASLD\supplementary\GSE135251\GSE135251_RAW\GSM3998236_179-Ann-Daly_S10.counts.txt.gz","ed11a698d58b46d00d36d0c2437b6594b0b7e511fe5b354f18c42a92eca4a92c","ed11a698d58b46d00d36d0c2437b6594b0b7e511fe5b354f18c42a92eca4a92c","211480","211480","unchanged",""
"01_raw_data\liver_NAFLD_MASLD\supplementary\GSE135251\GSE135251_RAW\GSM3998237_184-Ann-Daly_S11.counts.txt.gz","21421799dd4ee18769d8021a9970307946f5c5e4b4ae0511d45dde51756b2f31","21421799dd4ee18769d8021a9970307946f5c5e4b4ae0511d45dde51756b2f31","210420","210420","unchanged",""
"01_raw_data\liver_NAFLD_MASLD\supplementary\GSE135251\GSE135251_RAW\GSM3998238_185-Ann-Daly_S12.counts.txt.gz","7ee95a911d9a8b7e710f9ff03a4fa0493465c52a5ab0034bf48ba4cbeb6c12b9","7ee95a911d9a8b7e710f9ff03a4fa0493465c52a5ab0034bf48ba4cbeb6c12b9","211442","211442","unchanged",""
"01_raw_data\liver_NAFLD_MASLD\supplementary\GSE135251\GSE135251_RAW\GSM3998239_186-Ann-Daly_S13.counts.txt.gz","292e0dff215a9b534ea9965cde603151429aa0edb15d66d7e8e83edd2828887a","292e0dff215a9b534ea9965cde603151429aa0edb15d66d7e8e83edd2828887a","210297","210297","unchanged",""
"01_raw_data\liver_NAFLD_MASLD\supplementary\GSE135251\GSE135251_RAW\GSM3998240_187-Ann-Daly_S14.counts.txt.gz","f74d78c6c2cba1aac51ddac9b7e6be491f1dc74fada05988083a8dd171a7a85e","f74d78c6c2cba1aac51ddac9b7e6be491f1dc74fada05988083a8dd171a7a85e","211073","211073","unchanged",""
"01_raw_data\liver_NAFLD_MASLD\supplementary\GSE135251\GSE135251_RAW\GSM3998241_188-Ann-Daly_S15.counts.txt.gz","7833d136d4a426d387388e8932cff43a0f5ff1e2a2d19e3f6d7b699eb3a17ceb","7833d136d4a426d387388e8932cff43a0f5ff1e2a2d19e3f6d7b699eb3a17ceb","212040","212040","unchanged",""
"01_raw_data\liver_NAFLD_MASLD\supplementary\GSE135251\GSE135251_RAW\GSM3998242_19_138.counts.txt.gz","3641d9bbb2b65f0383defea87805bc34d1fdbbc5ea1fc128b92864d3a9915c12","3641d9bbb2b65f0383defea87805bc34d1fdbbc5ea1fc128b92864d3a9915c12","210566","210566","unchanged",""
"01_raw_data\liver_NAFLD_MASLD\supplementary\GSE135251\GSE135251_RAW\GSM3998243_191-Ann-Daly_S1.counts.txt.gz","411ac913cfedf81b3d17eb2fb42c1931d14d61c637c1cf021946ccbaae269763","411ac913cfedf81b3d17eb2fb42c1931d14d61c637c1cf021946ccbaae269763","211616","211616","unchanged",""
"01_raw_data\liver_NAFLD_MASLD\supplementary\GSE135251\GSE135251_RAW\GSM3998244_193-Ann-Daly_S2.counts.txt.gz","4a60507858235e96c0b8141e9fe5133051a687dd07294fe40d26ea4a4048c946","4a60507858235e96c0b8141e9fe5133051a687dd07294fe40d26ea4a4048c946","211094","211094","unchanged",""
"01_raw_data\liver_NAFLD_MASLD\supplementary\GSE135251\GSE135251_RAW\GSM3998245_197-Ann-Daly_S3.counts.txt.gz","225268498c33aaab5f6b5c9f386e7eee8e1ad333f8c89c33fa51cc28354d6b2c","225268498c33aaab5f6b5c9f386e7eee8e1ad333f8c89c33fa51cc28354d6b2c","212640","212640","unchanged",""
"01_raw_data\liver_NAFLD_MASLD\supplementary\GSE135251\GSE135251_RAW\GSM3998246_199-Ann-Daly_S4.counts.txt.gz","bed49def7866af9e14b69de5423a5ddf752ec0d4a30ba6dd84783f017af021a5","bed49def7866af9e14b69de5423a5ddf752ec0d4a30ba6dd84783f017af021a5","212444","212444","unchanged",""
"01_raw_data\liver_NAFLD_MASLD\supplementary\GSE135251\GSE135251_RAW\GSM3998247_2_23.counts.txt.gz","8c577b9fcd629c4eca13ee3d7fa42dd52197c928fbbe7a80f7f21900ac349844","8c577b9fcd629c4eca13ee3d7fa42dd52197c928fbbe7a80f7f21900ac349844","213211","213211","unchanged",""
"01_raw_data\liver_NAFLD_MASLD\supplementary\GSE135251\GSE135251_RAW\GSM3998248_200-Ann-Daly_S5.counts.txt.gz","57f0a5b80eb7648d9806f597f737cca832b9e6decebc32cbe59e2e8a44236773","57f0a5b80eb7648d9806f597f737cca832b9e6decebc32cbe59e2e8a44236773","213241","213241","unchanged",""
"01_raw_data\liver_NAFLD_MASLD\supplementary\GSE135251\GSE135251_RAW\GSM3998249_201-Ann-Daly_S6.counts.txt.gz","c27e5054a65569c7b28a7c4e5bf907e41c61ddd9a12680d041ca10f1cfce0fc3","c27e5054a65569c7b28a7c4e5bf907e41c61ddd9a12680d041ca10f1cfce0fc3","213630","213630","unchanged",""
"01_raw_data\liver_NAFLD_MASLD\supplementary\GSE135251\GSE135251_RAW\GSM3998250_202-Ann-Daly_S7.counts.txt.gz","c5bd431ac83eee4e04c7d02205f51f229f78de1d8ec9920fb50484df0eee3e4b","c5bd431ac83eee4e04c7d02205f51f229f78de1d8ec9920fb50484df0eee3e4b","213466","213466","unchanged",""
"01_raw_data\liver_NAFLD_MASLD\supplementary\GSE135251\GSE135251_RAW\GSM3998251_204-Ann-Daly_S8.counts.txt.gz","83006fdb7ff6df0f510aefc3a009d786be521bfeb7a7601cbe7e459a490380c8","83006fdb7ff6df0f510aefc3a009d786be521bfeb7a7601cbe7e459a490380c8","212983","212983","unchanged",""
"01_raw_data\liver_NAFLD_MASLD\supplementary\GSE135251\GSE135251_RAW\GSM3998252_205-Ann-Daly_S9.counts.txt.gz","c13ea3dd44ecd7ab9a5b7d86a827bb41cd40a9e9e0b061b07c2d618d825084ca","c13ea3dd44ecd7ab9a5b7d86a827bb41cd40a9e9e0b061b07c2d618d825084ca","210707","210707","unchanged",""
"01_raw_data\liver_NAFLD_MASLD\supplementary\GSE135251\GSE135251_RAW\GSM3998253_207-Ann-Daly_S10.counts.txt.gz","3d3d576cb33069fa183c89f735ea8e3007b40dc6c8d853e0314fd71c38ab3c48","3d3d576cb33069fa183c89f735ea8e3007b40dc6c8d853e0314fd71c38ab3c48","210425","210425","unchanged",""
"01_raw_data\liver_NAFLD_MASLD\supplementary\GSE135251\GSE135251_RAW\GSM3998254_208-Ann-Daly_S11.counts.txt.gz","1e8c937115e932434991834f6ba7e6dadc261c8242c3856feb069d4a8f894b56","1e8c937115e932434991834f6ba7e6dadc261c8242c3856feb069d4a8f894b56","213750","213750","unchanged",""
"01_raw_data\liver_NAFLD_MASLD\supplementary\GSE135251\GSE135251_RAW\GSM3998255_211-Ann-Daly_S13.counts.txt.gz","12b5caa49a71d38c795794ad04bace2f182c5cdbac30acbeb6827563004f2c6e","12b5caa49a71d38c795794ad04bace2f182c5cdbac30acbeb6827563004f2c6e","211599","211599","unchanged",""
"01_raw_data\liver_NAFLD_MASLD\supplementary\GSE135251\GSE135251_RAW\GSM3998256_214-Ann-Daly_S15.counts.txt.gz","d2243747ca58802c4170e508d33600e0c7852063845f6f9ec94b56507dd42fe1","d2243747ca58802c4170e508d33600e0c7852063845f6f9ec94b56507dd42fe1","209857","209857","unchanged",""
"01_raw_data\liver_NAFLD_MASLD\supplementary\GSE135251\GSE135251_RAW\GSM3998257_215-Ann-Daly_S16.counts.txt.gz","a1687722457260c627c1bcb3c79ec1eed75be1ddd29723899c7ad093db390b7f","a1687722457260c627c1bcb3c79ec1eed75be1ddd29723899c7ad093db390b7f","213400","213400","unchanged",""
"01_raw_data\liver_NAFLD_MASLD\supplementary\GSE135251\GSE135251_RAW\GSM3998258_216-Ann-Daly_S1.counts.txt.gz","1854e0b7a61f3eb694e1b51f3fcce75fc16b9739374d21219401adb29d46a1de","1854e0b7a61f3eb694e1b51f3fcce75fc16b9739374d21219401adb29d46a1de","214621","214621","unchanged",""
"01_raw_data\liver_NAFLD_MASLD\supplementary\GSE135251\GSE135251_RAW\GSM3998259_22_151.counts.txt.gz","62169ad10d2dd0b0e9ad21e404a27184093c8e78df03a24597c28262c7f25ccb","62169ad10d2dd0b0e9ad21e404a27184093c8e78df03a24597c28262c7f25ccb","207799","207799","unchanged",""
"01_raw_data\liver_NAFLD_MASLD\supplementary\GSE135251\GSE135251_RAW\GSM3998260_23_154.counts.txt.gz","74fc83c0f368fa7c8827f1f28c4608d1e8526ab8959ce5643b9a222571de9761","74fc83c0f368fa7c8827f1f28c4608d1e8526ab8959ce5643b9a222571de9761","211963","211963","unchanged",""
"01_raw_data\liver_NAFLD_MASLD\supplementary\GSE135251\GSE135251_RAW\GSM3998261_233-Ann-Daly_S3.counts.txt.gz","e0d07821b5985b9ec62f95ed597e8f6ecfd8f1b7c866ab317473b9e20f197c22","e0d07821b5985b9ec62f95ed597e8f6ecfd8f1b7c866ab317473b9e20f197c22","211520","211520","unchanged",""
"01_raw_data\liver_NAFLD_MASLD\supplementary\GSE135251\GSE135251_RAW\GSM3998262_234-Ann-Daly_S4.counts.txt.gz","ed7241139bfc22e143495f0e678d42d9eee9493c4a7834dc8ad82f6641947bf1","ed7241139bfc22e143495f0e678d42d9eee9493c4a7834dc8ad82f6641947bf1","211456","211456","unchanged",""
"01_raw_data\liver_NAFLD_MASLD\supplementary\GSE135251\GSE135251_RAW\GSM3998263_235-Ann-Daly_S5.counts.txt.gz","b738ce3b7bff6025007043934af298c3a6d7816cc40156514a59bf6af04854ea","b738ce3b7bff6025007043934af298c3a6d7816cc40156514a59bf6af04854ea","212385","212385","unchanged",""
"01_raw_data\liver_NAFLD_MASLD\supplementary\GSE135251\GSE135251_RAW\GSM3998264_236-Ann-Daly_S6.counts.txt.gz","258709378b885b7ca48ef7d850dc0b873d5523df94d41cc31f4af289444f2927","258709378b885b7ca48ef7d850dc0b873d5523df94d41cc31f4af289444f2927","212405","212405","unchanged",""
"01_raw_data\liver_NAFLD_MASLD\supplementary\GSE135251\GSE135251_RAW\GSM3998265_237-Ann-Daly_S7.counts.txt.gz","9c8a597d6ecfe8771c892838b889ce1a2f078325155d0a416068d98afe44d930","9c8a597d6ecfe8771c892838b889ce1a2f078325155d0a416068d98afe44d930","210640","210640","unchanged",""
"01_raw_data\liver_NAFLD_MASLD\supplementary\GSE135251\GSE135251_RAW\GSM3998266_238-Ann-Daly_S8.counts.txt.gz","26051731482441a62ad8263f28efcb666c82d7664ea497bb0c0192b0e6208847","26051731482441a62ad8263f28efcb666c82d7664ea497bb0c0192b0e6208847","209732","209732","unchanged",""
"01_raw_data\liver_NAFLD_MASLD\supplementary\GSE135251\GSE135251_RAW\GSM3998267_239-Ann-Daly_S9.counts.txt.gz","4307677a3ad1a70228b4a3c1bd0135f24d42fbb74a223d954460c83b70a7a410","4307677a3ad1a70228b4a3c1bd0135f24d42fbb74a223d954460c83b70a7a410","211575","211575","unchanged",""
"01_raw_data\liver_NAFLD_MASLD\supplementary\GSE135251\GSE135251_RAW\GSM3998268_24_160.counts.txt.gz","1bef0ad86bcb1b19b57cb29a94cb5334ffb07524232ea059ebc7f9be9b0b2741","1bef0ad86bcb1b19b57cb29a94cb5334ffb07524232ea059ebc7f9be9b0b2741","209624","209624","unchanged",""
"01_raw_data\liver_NAFLD_MASLD\supplementary\GSE135251\GSE135251_RAW\GSM3998269_240-Ann-Daly_S1.counts.txt.gz","6bb1a349c170e34462d9ec11810b5629f8ee177aa950fc139d7291931687330b","6bb1a349c170e34462d9ec11810b5629f8ee177aa950fc139d7291931687330b","211945","211945","unchanged",""
"01_raw_data\liver_NAFLD_MASLD\supplementary\GSE135251\GSE135251_RAW\GSM3998270_241-Ann-Daly_S2.counts.txt.gz","564408a33613a2d9380ed44b8b221306f480020aa7b10f9e8047c29fa77012a4","564408a33613a2d9380ed44b8b221306f480020aa7b10f9e8047c29fa77012a4","212683","212683","unchanged",""
"01_raw_data\liver_NAFLD_MASLD\supplementary\GSE135251\GSE135251_RAW\GSM3998271_242-Ann-Daly_S10.counts.txt.gz","68a673bc0b4d0ee66b7243845a0a3bf020d78052e06a57e8eacb653b8113f68a","68a673bc0b4d0ee66b7243845a0a3bf020d78052e06a57e8eacb653b8113f68a","213398","213398","unchanged",""
"01_raw_data\liver_NAFLD_MASLD\supplementary\GSE135251\GSE135251_RAW\GSM3998272_243-Ann-Daly_S11.counts.txt.gz","a23c7c0c0014d6664cfff7a94049e87c52a8b0a7cf00af374f052accdcd5a32c","a23c7c0c0014d6664cfff7a94049e87c52a8b0a7cf00af374f052accdcd5a32c","210142","210142","unchanged",""
"01_raw_data\liver_NAFLD_MASLD\supplementary\GSE135251\GSE135251_RAW\GSM3998273_244-Ann-Daly_S12.counts.txt.gz","3f490881077c23e209b60ffbbd9e147e54e70cb75376509fb485eac7e0115f9b","3f490881077c23e209b60ffbbd9e147e54e70cb75376509fb485eac7e0115f9b","207395","207395","unchanged",""
"01_raw_data\liver_NAFLD_MASLD\supplementary\GSE135251\GSE135251_RAW\GSM3998274_245-Ann-Daly_S13.counts.txt.gz","7f827fa6ce894d60b0d4ad83f6714a8d2b44e003ec0082b6e1c8ff3f656e8440","7f827fa6ce894d60b0d4ad83f6714a8d2b44e003ec0082b6e1c8ff3f656e8440","210457","210457","unchanged",""
"01_raw_data\liver_NAFLD_MASLD\supplementary\GSE135251\GSE135251_RAW\GSM3998275_246-Ann-Daly_S14.counts.txt.gz","fc55b3a9e0c399defd6c47efa61632a6a91c1504ae064fe29e0725ac7db78a34","fc55b3a9e0c399defd6c47efa61632a6a91c1504ae064fe29e0725ac7db78a34","210737","210737","unchanged",""
"01_raw_data\liver_NAFLD_MASLD\supplementary\GSE135251\GSE135251_RAW\GSM3998276_247-Ann-Daly_S15.counts.txt.gz","e81da1f6e5eea4a7751204bfc80046b4d71d7fdf0e1f0eedf47014ede40a73f9","e81da1f6e5eea4a7751204bfc80046b4d71d7fdf0e1f0eedf47014ede40a73f9","210861","210861","unchanged",""
"01_raw_data\liver_NAFLD_MASLD\supplementary\GSE135251\GSE135251_RAW\GSM3998277_25_164.counts.txt.gz","85be2692e2709c97e7f2a503ce4c8207af87eede91280056f2e685b415c1af0b","85be2692e2709c97e7f2a503ce4c8207af87eede91280056f2e685b415c1af0b","208018","208018","unchanged",""
"01_raw_data\liver_NAFLD_MASLD\supplementary\GSE135251\GSE135251_RAW\GSM3998278_252-Ann-Daly_S16.counts.txt.gz","de2b027ee4e0bd3159b695871bd0e06a79f9d643fdf74b3def6a7617e82937e5","de2b027ee4e0bd3159b695871bd0e06a79f9d643fdf74b3def6a7617e82937e5","209076","209076","unchanged",""
"01_raw_data\liver_NAFLD_MASLD\supplementary\GSE135251\GSE135251_RAW\GSM3998279_255-Ann-Daly_S3.counts.txt.gz","9307bd7d334128320af955fdc9c86b9069b489af055eaf02b35ac566008a69cc","9307bd7d334128320af955fdc9c86b9069b489af055eaf02b35ac566008a69cc","210255","210255","unchanged",""
"01_raw_data\liver_NAFLD_MASLD\supplementary\GSE135251\GSE135251_RAW\GSM3998280_26_171.counts.txt.gz","04388af90f64b245a2d175e7cd85dd5788b72812e420a3898c464b02f6140f66","04388af90f64b245a2d175e7cd85dd5788b72812e420a3898c464b02f6140f66","206206","206206","unchanged",""
"01_raw_data\liver_NAFLD_MASLD\supplementary\GSE135251\GSE135251_RAW\GSM3998281_260-Ann-Daly_S4.counts.txt.gz","81c9b135e4d9a02d84375517615d5f48014f95d2dc96c106f518a7f7c5945126","81c9b135e4d9a02d84375517615d5f48014f95d2dc96c106f518a7f7c5945126","212118","212118","unchanged",""
"01_raw_data\liver_NAFLD_MASLD\supplementary\GSE135251\GSE135251_RAW\GSM3998282_264-Ann-Daly_S5.counts.txt.gz","06b5f9f8ea7f90728c7ac98f353b93b5d3985ba6fc29a194805d58f80699baa0","06b5f9f8ea7f90728c7ac98f353b93b5d3985ba6fc29a194805d58f80699baa0","211924","211924","unchanged",""
"01_raw_data\liver_NAFLD_MASLD\supplementary\GSE135251\GSE135251_RAW\GSM3998283_266-Ann-Daly_S7.counts.txt.gz","1cbcbcb72d20da6e56782c848af1ab073b75acee2f9d7c363f25561217859cae","1cbcbcb72d20da6e56782c848af1ab073b75acee2f9d7c363f25561217859cae","207622","207622","unchanged",""
"01_raw_data\liver_NAFLD_MASLD\supplementary\GSE135251\GSE135251_RAW\GSM3998284_268-Ann-Daly_S8.counts.txt.gz","48431cb97f7bf1670f3aab55eafa50f73867c4d8ec3ef9715a5767ea0584ac08","48431cb97f7bf1670f3aab55eafa50f73867c4d8ec3ef9715a5767ea0584ac08","209991","209991","unchanged",""
"01_raw_data\liver_NAFLD_MASLD\supplementary\GSE135251\GSE135251_RAW\GSM3998285_27_181.counts.txt.gz","5f265f2731465ad8d601c5e32c2916956579c546447e7a060ca3266fc8f859d0","5f265f2731465ad8d601c5e32c2916956579c546447e7a060ca3266fc8f859d0","212490","212490","unchanged",""
"01_raw_data\liver_NAFLD_MASLD\supplementary\GSE135251\GSE135251_RAW\GSM3998286_274-Ann-Daly_S10.counts.txt.gz","2949e64549bc4797b97c87c8fd010c7f20b313d4304e24349c36dbb7f1b59691","2949e64549bc4797b97c87c8fd010c7f20b313d4304e24349c36dbb7f1b59691","212490","212490","unchanged",""
"01_raw_data\liver_NAFLD_MASLD\supplementary\GSE135251\GSE135251_RAW\GSM3998287_277-Ann-Daly_S11.counts.txt.gz","85bee2cadabf96b6e70a644ef94ec23efdb8f9bd4199b12e8a4dc2813ddaea3f","85bee2cadabf96b6e70a644ef94ec23efdb8f9bd4199b12e8a4dc2813ddaea3f","212606","212606","unchanged",""
"01_raw_data\liver_NAFLD_MASLD\supplementary\GSE135251\GSE135251_RAW\GSM3998288_278-Ann-Daly_S12.counts.txt.gz","2df01e8e0106c595fa8ac3985b3eeae18d03f1a3c48f75f4322811cc580f064a","2df01e8e0106c595fa8ac3985b3eeae18d03f1a3c48f75f4322811cc580f064a","209861","209861","unchanged",""
"01_raw_data\liver_NAFLD_MASLD\supplementary\GSE135251\GSE135251_RAW\GSM3998289_279-Ann-Daly_S13.counts.txt.gz","0a8f0fdf3fd0b2adeef736c04b7562adfea3d48e9a028bd07297f21124668f48","0a8f0fdf3fd0b2adeef736c04b7562adfea3d48e9a028bd07297f21124668f48","210711","210711","unchanged",""
"01_raw_data\liver_NAFLD_MASLD\supplementary\GSE135251\GSE135251_RAW\GSM3998290_280-Ann-Daly_S14.counts.txt.gz","573197b731d0f6e50695c4914ac87a4f17d4b60cd8ace0bbb665f057cd005c83","573197b731d0f6e50695c4914ac87a4f17d4b60cd8ace0bbb665f057cd005c83","215599","215599","unchanged",""
"01_raw_data\liver_NAFLD_MASLD\supplementary\GSE135251\GSE135251_RAW\GSM3998291_281-Ann-Daly_S15.counts.txt.gz","24d02389f3996fe93081ae7c0e77f3cdfa1c825b32b06e5a7b00197bc89d7c2d","24d02389f3996fe93081ae7c0e77f3cdfa1c825b32b06e5a7b00197bc89d7c2d","212439","212439","unchanged",""
"01_raw_data\liver_NAFLD_MASLD\supplementary\GSE135251\GSE135251_RAW\GSM3998292_282-Ann-Daly_S16.counts.txt.gz","4b2c1ca7093bcd8e7438f74fce6f3c4eb0907f0adc5b239472b82019482a573c","4b2c1ca7093bcd8e7438f74fce6f3c4eb0907f0adc5b239472b82019482a573c","209808","209808","unchanged",""
"01_raw_data\liver_NAFLD_MASLD\supplementary\GSE135251\GSE135251_RAW\GSM3998293_284-Ann-Daly_S2.counts.txt.gz","884a27f97072c5978875d0e5f34186f712a805bad35a0acf124e4e5e43a85eb5","884a27f97072c5978875d0e5f34186f712a805bad35a0acf124e4e5e43a85eb5","209275","209275","unchanged",""
"01_raw_data\liver_NAFLD_MASLD\supplementary\GSE135251\GSE135251_RAW\GSM3998294_285-Ann-Daly_S3.counts.txt.gz","c95f38538d6767ab48c3eb33ddef087df03e47c96b03b6bfb52a2a1c729dc3b3","c95f38538d6767ab48c3eb33ddef087df03e47c96b03b6bfb52a2a1c729dc3b3","210349","210349","unchanged",""
"01_raw_data\liver_NAFLD_MASLD\supplementary\GSE135251\GSE135251_RAW\GSM3998295_286-Ann-Daly_S4.counts.txt.gz","4b4aab6495f192ff31ccaa2c34f8d92da02915d844ed9b6e2ae3a8d53a58c62b","4b4aab6495f192ff31ccaa2c34f8d92da02915d844ed9b6e2ae3a8d53a58c62b","209971","209971","unchanged",""
"01_raw_data\liver_NAFLD_MASLD\supplementary\GSE135251\GSE135251_RAW\GSM3998296_287-Ann-Daly_S5.counts.txt.gz","ddb1ffba3e0fe27774b0b8f15c6e251dda5a803df724c7eb172a7be5bf1e5486","ddb1ffba3e0fe27774b0b8f15c6e251dda5a803df724c7eb172a7be5bf1e5486","210631","210631","unchanged",""
"01_raw_data\liver_NAFLD_MASLD\supplementary\GSE135251\GSE135251_RAW\GSM3998297_288-Ann-Daly_S6.counts.txt.gz","3ce1e5f04aabe87806ae5c95d9743665f4bb7d606e33def0696acb6dcb826e29","3ce1e5f04aabe87806ae5c95d9743665f4bb7d606e33def0696acb6dcb826e29","210304","210304","unchanged",""
"01_raw_data\liver_NAFLD_MASLD\supplementary\GSE135251\GSE135251_RAW\GSM3998298_289-Ann-Daly_S7.counts.txt.gz","ac0b08fdc13a09af63d6d219d3affda6cb4f266749e3bb09cf0917577b07a544","ac0b08fdc13a09af63d6d219d3affda6cb4f266749e3bb09cf0917577b07a544","211780","211780","unchanged",""
"01_raw_data\liver_NAFLD_MASLD\supplementary\GSE135251\GSE135251_RAW\GSM3998299_29_474.counts.txt.gz","476aa0c712df0c20ccf1421863605b6a5a91ef5547136f7810596ef867d21073","476aa0c712df0c20ccf1421863605b6a5a91ef5547136f7810596ef867d21073","210897","210897","unchanged",""
"01_raw_data\liver_NAFLD_MASLD\supplementary\GSE135251\GSE135251_RAW\GSM3998300_290-Ann-Daly_S8.counts.txt.gz","0648a17d7e9b465aa7db7526e5b2887fe9d11a49e0c0c55581db0de85b5710b5","0648a17d7e9b465aa7db7526e5b2887fe9d11a49e0c0c55581db0de85b5710b5","212051","212051","unchanged",""
"01_raw_data\liver_NAFLD_MASLD\supplementary\GSE135251\GSE135251_RAW\GSM3998301_291-Ann-Daly_S9.counts.txt.gz","0e2124cc00b4117f597f1d239e5539e4ddcfb12af40dbc9cf02113d1da97aefa","0e2124cc00b4117f597f1d239e5539e4ddcfb12af40dbc9cf02113d1da97aefa","212652","212652","unchanged",""
"01_raw_data\liver_NAFLD_MASLD\supplementary\GSE135251\GSE135251_RAW\GSM3998302_293-Ann-Daly_S10.counts.txt.gz","2242a92f141becf4584fcc759fe3fcad1a712480206b5edcdd88bea2ac3038fe","2242a92f141becf4584fcc759fe3fcad1a712480206b5edcdd88bea2ac3038fe","211723","211723","unchanged",""
"01_raw_data\liver_NAFLD_MASLD\supplementary\GSE135251\GSE135251_RAW\GSM3998303_295-Ann-Daly_S11.counts.txt.gz","b64a997a9022280eb751510d69a333730b12f8d309d983a66512b451e8f05048","b64a997a9022280eb751510d69a333730b12f8d309d983a66512b451e8f05048","211445","211445","unchanged",""
"01_raw_data\liver_NAFLD_MASLD\supplementary\GSE135251\GSE135251_RAW\GSM3998304_296-Ann-Daly_S12.counts.txt.gz","7f570246c0269c14eaca1cd763ea53df8c54fa44ab44b0e081fe681a4c14b943","7f570246c0269c14eaca1cd763ea53df8c54fa44ab44b0e081fe681a4c14b943","211589","211589","unchanged",""
"01_raw_data\liver_NAFLD_MASLD\supplementary\GSE135251\GSE135251_RAW\GSM3998305_299-Ann-Daly_S13.counts.txt.gz","eb516921364075bc151fb7c62b8bcdb07aa8b264eef06a509205f7b98a667604","eb516921364075bc151fb7c62b8bcdb07aa8b264eef06a509205f7b98a667604","212975","212975","unchanged",""
"01_raw_data\liver_NAFLD_MASLD\supplementary\GSE135251\GSE135251_RAW\GSM3998306_3_45.counts.txt.gz","e157df3eb2f33f03e44ad74c523b921e974f1f4bdce07f9df120d62ce2161965","e157df3eb2f33f03e44ad74c523b921e974f1f4bdce07f9df120d62ce2161965","210697","210697","unchanged",""
"01_raw_data\liver_NAFLD_MASLD\supplementary\GSE135251\GSE135251_RAW\GSM3998307_300-Ann-Daly_S14.counts.txt.gz","753f103aca86413774c2e963ad48ee557961e346e2b8955598b450d74d7b3fae","753f103aca86413774c2e963ad48ee557961e346e2b8955598b450d74d7b3fae","213411","213411","unchanged",""
"01_raw_data\liver_NAFLD_MASLD\supplementary\GSE135251\GSE135251_RAW\GSM3998308_303-Ann-Daly_S15.counts.txt.gz","79d7b617f439f2bda630b8498601edd6e15d255099abb42d35c59127fd52c9e4","79d7b617f439f2bda630b8498601edd6e15d255099abb42d35c59127fd52c9e4","213166","213166","unchanged",""
"01_raw_data\liver_NAFLD_MASLD\supplementary\GSE135251\GSE135251_RAW\GSM3998309_304-Ann-Daly_S1.counts.txt.gz","cd86acc2e798d92074e4a3828902e0d85a98e92a652144f9cc907e161cf28098","cd86acc2e798d92074e4a3828902e0d85a98e92a652144f9cc907e161cf28098","212121","212121","unchanged",""
"01_raw_data\liver_NAFLD_MASLD\supplementary\GSE135251\GSE135251_RAW\GSM3998310_306-Ann-Daly_S1.counts.txt.gz","131d52f9602a193d747cea23db46315c1c4759c8a718397a92fd2429e8a75c9c","131d52f9602a193d747cea23db46315c1c4759c8a718397a92fd2429e8a75c9c","210015","210015","unchanged",""
"01_raw_data\liver_NAFLD_MASLD\supplementary\GSE135251\GSE135251_RAW\GSM3998311_31_477.counts.txt.gz","58e7755cf85a7679e01719d19c5e46795ff4261759cba09fad1a50cefcd6be93","58e7755cf85a7679e01719d19c5e46795ff4261759cba09fad1a50cefcd6be93","213327","213327","unchanged",""
"01_raw_data\liver_NAFLD_MASLD\supplementary\GSE135251\GSE135251_RAW\GSM3998312_319-Ann-Daly_S2.counts.txt.gz","69cb394aeaf74a46ccaeb04fb340d10162733c40e4c374b407e04e04b0bc87e0","69cb394aeaf74a46ccaeb04fb340d10162733c40e4c374b407e04e04b0bc87e0","212300","212300","unchanged",""
"01_raw_data\liver_NAFLD_MASLD\supplementary\GSE135251\GSE135251_RAW\GSM3998313_32_478.counts.txt.gz","89c88d5cdcfa67553c07ba5e3e980cbca6fb2c8e34b82fff2cdca93ef516ebba","89c88d5cdcfa67553c07ba5e3e980cbca6fb2c8e34b82fff2cdca93ef516ebba","212100","212100","unchanged",""
"01_raw_data\liver_NAFLD_MASLD\supplementary\GSE135251\GSE135251_RAW\GSM3998314_345-Ann-Daly_S3.counts.txt.gz","a2fa9e3a0935ebb70e1658ff92dd1f6dbc03783a015f1cb87c74b3fcf72fd6d3","a2fa9e3a0935ebb70e1658ff92dd1f6dbc03783a015f1cb87c74b3fcf72fd6d3","212635","212635","unchanged",""
"01_raw_data\liver_NAFLD_MASLD\supplementary\GSE135251\GSE135251_RAW\GSM3998315_350-Ann-Daly_S4.counts.txt.gz","d1779f14f8809178924eb171377d5c68295f3efb281bb20d2bd567167cf974fd","d1779f14f8809178924eb171377d5c68295f3efb281bb20d2bd567167cf974fd","211655","211655","unchanged",""
"01_raw_data\liver_NAFLD_MASLD\supplementary\GSE135251\GSE135251_RAW\GSM3998316_354-Ann-Daly_S5.counts.txt.gz","812915a810948a415b0de372130583d454a9271ecac6a497fa3af8c495861f2a","812915a810948a415b0de372130583d454a9271ecac6a497fa3af8c495861f2a","212413","212413","unchanged",""
"01_raw_data\liver_NAFLD_MASLD\supplementary\GSE135251\GSE135251_RAW\GSM3998317_355-Ann-Daly_S6.counts.txt.gz","3db3d805dc0f9a984933eac0bdf6b59ed635be1266858cce40f3ac91b66bbce8","3db3d805dc0f9a984933eac0bdf6b59ed635be1266858cce40f3ac91b66bbce8","212603","212603","unchanged",""
"01_raw_data\liver_NAFLD_MASLD\supplementary\GSE135251\GSE135251_RAW\GSM3998318_361-Ann-Daly_S7.counts.txt.gz","bb344ade310ddee7d0a2761bc9c33dd464e9ac4cf47a06534b918f24be7849c6","bb344ade310ddee7d0a2761bc9c33dd464e9ac4cf47a06534b918f24be7849c6","213155","213155","unchanged",""
"01_raw_data\liver_NAFLD_MASLD\supplementary\GSE135251\GSE135251_RAW\GSM3998319_373-Ann-Daly_S8.counts.txt.gz","dcc01aec586628a8e41894552d0374aadf7d89a6e48e0b538dfeca498b520b69","dcc01aec586628a8e41894552d0374aadf7d89a6e48e0b538dfeca498b520b69","209613","209613","unchanged",""
"01_raw_data\liver_NAFLD_MASLD\supplementary\GSE135251\GSE135251_RAW\GSM3998320_384-Ann-Daly_S10.counts.txt.gz","16f04d2a883e7231a330077aa3eb55c793484a6ffaa6bf5cc886d1906d7c63ce","16f04d2a883e7231a330077aa3eb55c793484a6ffaa6bf5cc886d1906d7c63ce","212506","212506","unchanged",""
"01_raw_data\liver_NAFLD_MASLD\supplementary\GSE135251\GSE135251_RAW\GSM3998321_4_67.counts.txt.gz","45d23170119b286184c050c0c2aed18707c0055b8b7f3d0ef441e9f0e6a2e622","45d23170119b286184c050c0c2aed18707c0055b8b7f3d0ef441e9f0e6a2e622","212386","212386","unchanged",""
"01_raw_data\liver_NAFLD_MASLD\supplementary\GSE135251\GSE135251_RAW\GSM3998322_402-Ann-Daly_S11.counts.txt.gz","71d2fec528d48d0bbe7a00525dc2a2893bbbbe4d06301f7807c7f0057e43e6e2","71d2fec528d48d0bbe7a00525dc2a2893bbbbe4d06301f7807c7f0057e43e6e2","212199","212199","unchanged",""
"01_raw_data\liver_NAFLD_MASLD\supplementary\GSE135251\GSE135251_RAW\GSM3998323_407-Ann-Daly_S13.counts.txt.gz","0d9bc842e02cc7141850fbc36221c41d7a5fd1e05e6ae1ccf9685fae43405549","0d9bc842e02cc7141850fbc36221c41d7a5fd1e05e6ae1ccf9685fae43405549","210718","210718","unchanged",""
"01_raw_data\liver_NAFLD_MASLD\supplementary\GSE135251\GSE135251_RAW\GSM3998324_408-Ann-Daly_S14.counts.txt.gz","6f5e3ee10b8e2d45144d93686e06201959f62c9a7d1ab1cf54e5ad4fd4e5e9a1","6f5e3ee10b8e2d45144d93686e06201959f62c9a7d1ab1cf54e5ad4fd4e5e9a1","213177","213177","unchanged",""
"01_raw_data\liver_NAFLD_MASLD\supplementary\GSE135251\GSE135251_RAW\GSM3998325_416-Ann-Daly_S2.counts.txt.gz","7987a4e58d0a5153ef95ebd83a6b249eef7db55b45b627f11a87bd071a2fb9fd","7987a4e58d0a5153ef95ebd83a6b249eef7db55b45b627f11a87bd071a2fb9fd","212245","212245","unchanged",""
"01_raw_data\liver_NAFLD_MASLD\supplementary\GSE135251\GSE135251_RAW\GSM3998326_418-Ann-Daly_S15.counts.txt.gz","a465eb2ce90bc298f3f392195f59e65d92e4bef7ab8265ec8c05deb553ebec80","a465eb2ce90bc298f3f392195f59e65d92e4bef7ab8265ec8c05deb553ebec80","211111","211111","unchanged",""
"01_raw_data\liver_NAFLD_MASLD\supplementary\GSE135251\GSE135251_RAW\GSM3998327_424-Ann-Daly_S16.counts.txt.gz","f67b506753e449cd941543bd5987b67e71ba79651feb2d58a04248230f357c48","f67b506753e449cd941543bd5987b67e71ba79651feb2d58a04248230f357c48","214473","214473","unchanged",""
"01_raw_data\liver_NAFLD_MASLD\supplementary\GSE135251\GSE135251_RAW\GSM3998328_425-Ann-Daly_S3.counts.txt.gz","e56b3077ce75145abc63ea83cfab37768b849e36b4bfa6de1c7207a1a9858fca","e56b3077ce75145abc63ea83cfab37768b849e36b4bfa6de1c7207a1a9858fca","213497","213497","unchanged",""
"01_raw_data\liver_NAFLD_MASLD\supplementary\GSE135251\GSE135251_RAW\GSM3998329_431-Ann-Daly_S4.counts.txt.gz","c085daca0db03367f9d3f184ab977010596ea564bdf929ae275c767f258a8b15","c085daca0db03367f9d3f184ab977010596ea564bdf929ae275c767f258a8b15","212723","212723","unchanged",""
"01_raw_data\liver_NAFLD_MASLD\supplementary\GSE135251\GSE135251_RAW\GSM3998330_443-Ann-Daly_S5.counts.txt.gz","b2a8c70af8625a304ce487c05dd378799ee0da773d142bc27d9c1a2ffc59e8b3","b2a8c70af8625a304ce487c05dd378799ee0da773d142bc27d9c1a2ffc59e8b3","208870","208870","unchanged",""
"01_raw_data\liver_NAFLD_MASLD\supplementary\GSE135251\GSE135251_RAW\GSM3998331_5_74.counts.txt.gz","bc8f85069952e93623aa515fa8a2c4221e279f3a62c0ee2df0e9dd4064ac8b7e","bc8f85069952e93623aa515fa8a2c4221e279f3a62c0ee2df0e9dd4064ac8b7e","212959","212959","unchanged",""
"01_raw_data\liver_NAFLD_MASLD\supplementary\GSE135251\GSE135251_RAW\GSM3998332_6_139.counts.txt.gz","25f3317fcd2ae3fa47cc750fe135214643fd1e8c4a78d9bf42b00b20d9463ef8","25f3317fcd2ae3fa47cc750fe135214643fd1e8c4a78d9bf42b00b20d9463ef8","215330","215330","unchanged",""
"01_raw_data\liver_NAFLD_MASLD\supplementary\GSE135251\GSE135251_RAW\GSM3998333_7_162.counts.txt.gz","d05f26843848c6ae482988c0c490f9fa79b283126769a7aeed89c7a76254e398","d05f26843848c6ae482988c0c490f9fa79b283126769a7aeed89c7a76254e398","211732","211732","unchanged",""
"01_raw_data\liver_NAFLD_MASLD\supplementary\GSE135251\GSE135251_RAW\GSM3998334_8_344.counts.txt.gz","f9108a44052296954fd24ded4eb8880a738efd70c6a72219925e62f1e032ed17","f9108a44052296954fd24ded4eb8880a738efd70c6a72219925e62f1e032ed17","213888","213888","unchanged",""
"01_raw_data\liver_NAFLD_MASLD\supplementary\GSE135251\GSE135251_RAW\GSM3998335_84-Ann-Daly_S9.counts.txt.gz","d9e866ab7dd5687673d3468a37631b5c32b342eb3be95f84773853981c75b2de","d9e866ab7dd5687673d3468a37631b5c32b342eb3be95f84773853981c75b2de","210703","210703","unchanged",""
"01_raw_data\liver_NAFLD_MASLD\supplementary\GSE135251\GSE135251_RAW\GSM3998336_85-Ann-Daly_S10.counts.txt.gz","4c86bdbbcce7fd40760c197ef281d754d653ee1a5ab37ed75206d1ae63d90304","4c86bdbbcce7fd40760c197ef281d754d653ee1a5ab37ed75206d1ae63d90304","210141","210141","unchanged",""
"01_raw_data\liver_NAFLD_MASLD\supplementary\GSE135251\GSE135251_RAW\GSM3998337_9_346.counts.txt.gz","dd37c71ec9c5cba28ef8aebf870eeb71b6de3577c34da52724807449e2af4e2f","dd37c71ec9c5cba28ef8aebf870eeb71b6de3577c34da52724807449e2af4e2f","212129","212129","unchanged",""
"01_raw_data\liver_NAFLD_MASLD\supplementary\GSE135251\GSE135251_RAW\GSM3998338_98-Ann-Daly_S13.counts.txt.gz","af4e16154d6ad2c018b0432e1f6736a15bd0a757a56deb28540710145718b19c","af4e16154d6ad2c018b0432e1f6736a15bd0a757a56deb28540710145718b19c","209816","209816","unchanged",""
"01_raw_data\liver_NAFLD_MASLD\supplementary\GSE135251\GSE135251_RAW\GSM3998339_s5_Olivier-Govaere_S5.counts.txt.gz","2e45830dc9fe660a360d8c36371c51893a8524d8d72eb20b671ed0d0e172aeb4","2e45830dc9fe660a360d8c36371c51893a8524d8d72eb20b671ed0d0e172aeb4","214061","214061","unchanged",""
"01_raw_data\liver_NAFLD_MASLD\supplementary\GSE135251\GSE135251_RAW\GSM3998340_s2_Olivier-Govaere_S2.counts.txt.gz","f4227dd853ab90181bc993898a2adff22fc3e806be7a0a0a68158b8a18f985c7","f4227dd853ab90181bc993898a2adff22fc3e806be7a0a0a68158b8a18f985c7","213290","213290","unchanged",""
"01_raw_data\liver_NAFLD_MASLD\supplementary\GSE135251\GSE135251_RAW\GSM3998341_078-Ann-Daly_S14.counts.txt.gz","c1f951e449491978186fe6330fd74ab5f8a3458c17303e80ccf2ea278afb8dc8","c1f951e449491978186fe6330fd74ab5f8a3458c17303e80ccf2ea278afb8dc8","208196","208196","unchanged",""
"01_raw_data\liver_NAFLD_MASLD\supplementary\GSE135251\GSE135251_RAW\GSM3998342_085-Ann-Daly_S16.counts.txt.gz","5714f689846f63ea205b3b94222200cd2a306d64c3a5e1919a548baac31f0e7f","5714f689846f63ea205b3b94222200cd2a306d64c3a5e1919a548baac31f0e7f","213018","213018","unchanged",""
"01_raw_data\liver_NAFLD_MASLD\supplementary\GSE135251\GSE135251_RAW\GSM3998343_C100-Ann-Daly_S1.counts.txt.gz","9d3e385803e5f3b785d3c412834d4edb511140bcd618898a986401e68b43229b","9d3e385803e5f3b785d3c412834d4edb511140bcd618898a986401e68b43229b","208624","208624","unchanged",""
"01_raw_data\liver_NAFLD_MASLD\supplementary\GSE135251\GSE135251_RAW\GSM3998344_C101-Ann-Daly_S2.counts.txt.gz","29b01000bd391860bc6b37032814eb949785dca1da17c7199c88aa659f8bfba3","29b01000bd391860bc6b37032814eb949785dca1da17c7199c88aa659f8bfba3","211124","211124","unchanged",""
"01_raw_data\liver_NAFLD_MASLD\supplementary\GSE135251\GSE135251_RAW\GSM3998345_C102-Ann-Daly_S3.counts.txt.gz","118f6a2d149dbc58c11db2db172f8792f52fdf4f3740377884d3ce00549aefb4","118f6a2d149dbc58c11db2db172f8792f52fdf4f3740377884d3ce00549aefb4","209151","209151","unchanged",""
"01_raw_data\liver_NAFLD_MASLD\supplementary\GSE135251\GSE135251_RAW\GSM3998346_C103-Ann-Daly_S4.counts.txt.gz","5e0e77a29585769fbb4bfcdc7aa30b43d8f2466881e8fe3abbe03e726f155099","5e0e77a29585769fbb4bfcdc7aa30b43d8f2466881e8fe3abbe03e726f155099","211867","211867","unchanged",""
"01_raw_data\liver_NAFLD_MASLD\supplementary\GSE135251\GSE135251_RAW\GSM3998347_C107-Ann-Daly_S5.counts.txt.gz","72346dfd9428599ae591e60d21c3644188cea76ef13dfa1e0316038c58d0b665","72346dfd9428599ae591e60d21c3644188cea76ef13dfa1e0316038c58d0b665","211111","211111","unchanged",""
"01_raw_data\liver_NAFLD_MASLD\supplementary\GSE135251\GSE135251_RAW\GSM3998348_C108-Ann-Daly_S6.counts.txt.gz","3d7ba12b0f32bcd7bb4cf7558755afeb86c4951c9242ec7ca031622450481451","3d7ba12b0f32bcd7bb4cf7558755afeb86c4951c9242ec7ca031622450481451","212201","212201","unchanged",""
"01_raw_data\liver_NAFLD_MASLD\supplementary\GSE135251\GSE135251_RAW\GSM3998349_C109-Ann-Daly_S7.counts.txt.gz","72e047c7a82d804f512360f63d91f3d92e4b5c4e1c6f3057e813ec95f3b8f4f8","72e047c7a82d804f512360f63d91f3d92e4b5c4e1c6f3057e813ec95f3b8f4f8","212345","212345","unchanged",""
"01_raw_data\liver_NAFLD_MASLD\supplementary\GSE135251\GSE135251_RAW\GSM3998350_C110-Ann-Daly_S8.counts.txt.gz","0e49c217aec70018d6f81e9543cfc85831a2a434741a82e37f184acc9ded6d7d","0e49c217aec70018d6f81e9543cfc85831a2a434741a82e37f184acc9ded6d7d","210942","210942","unchanged",""
"01_raw_data\liver_NAFLD_MASLD\supplementary\GSE135251\GSE135251_RAW\GSM3998351_C122-Ann-Daly_S10.counts.txt.gz","65019bd346ab6be811a96a75118dabb25f7564fa1f4ac4806c18385fe024c261","65019bd346ab6be811a96a75118dabb25f7564fa1f4ac4806c18385fe024c261","211404","211404","unchanged",""
"01_raw_data\liver_NAFLD_MASLD\supplementary\GSE135251\GSE135251_RAW\GSM3998352_C123-Ann-Daly_S11.counts.txt.gz","6402014949d6a55aed67f40b1c5fe1a7ac2db4e9e4c0acb66c9817bf9afd4057","6402014949d6a55aed67f40b1c5fe1a7ac2db4e9e4c0acb66c9817bf9afd4057","212770","212770","unchanged",""
"01_raw_data\liver_NAFLD_MASLD\supplementary\GSE135251\GSE135251_RAW\GSM3998353_C124-Ann-Daly_S12.counts.txt.gz","9cccef5a57063c999d846b6dd8c447a96e831f644073f3a7c8137fe394bd65d2","9cccef5a57063c999d846b6dd8c447a96e831f644073f3a7c8137fe394bd65d2","209700","209700","unchanged",""
"01_raw_data\liver_NAFLD_MASLD\supplementary\GSE135251\GSE135251_RAW\GSM3998354_C125-Ann-Daly_S13.counts.txt.gz","b008210b902b06beeeb74e9aefb27212ed011ea1edc054e05ae39d0fd9a50448","b008210b902b06beeeb74e9aefb27212ed011ea1edc054e05ae39d0fd9a50448","211682","211682","unchanged",""
"01_raw_data\liver_NAFLD_MASLD\supplementary\GSE135251\GSE135251_RAW\GSM3998355_C126-Ann-Daly_S14.counts.txt.gz","727a3406e34a07139c66d5e61d766005c76dcb7f3d2ec84ebd08cdfa6c32d585","727a3406e34a07139c66d5e61d766005c76dcb7f3d2ec84ebd08cdfa6c32d585","211362","211362","unchanged",""
"01_raw_data\liver_NAFLD_MASLD\supplementary\GSE135251\GSE135251_RAW\GSM3998356_C128-Ann-Daly_S1.counts.txt.gz","2c39234b1d88f15427e68322c07af86d71f9e5122b2a084acdde2de0984cc6cb","2c39234b1d88f15427e68322c07af86d71f9e5122b2a084acdde2de0984cc6cb","210704","210704","unchanged",""
"01_raw_data\liver_NAFLD_MASLD\supplementary\GSE135251\GSE135251_RAW\GSM3998357_C129-Ann-Daly_S2.counts.txt.gz","ebae4c6e93b7005c2eab11afe314d6c4951405242f7c11d4e41a2194bb6b6934","ebae4c6e93b7005c2eab11afe314d6c4951405242f7c11d4e41a2194bb6b6934","210093","210093","unchanged",""
"01_raw_data\liver_NAFLD_MASLD\supplementary\GSE135251\GSE135251_RAW\GSM3998358_C131-Ann-Daly_S3.counts.txt.gz","d827889099a8c3dd8bae1dc8422be0fd4f24ab899e4b33e551cac8c2ef8f71d5","d827889099a8c3dd8bae1dc8422be0fd4f24ab899e4b33e551cac8c2ef8f71d5","212867","212867","unchanged",""
"01_raw_data\liver_NAFLD_MASLD\supplementary\GSE135251\GSE135251_RAW\GSM3998359_C133-Ann-Daly_S4.counts.txt.gz","257e94ebbf9548498dcd1eb54fb2c23d51a877b3f06e97482d5d05d9b426d6ab","257e94ebbf9548498dcd1eb54fb2c23d51a877b3f06e97482d5d05d9b426d6ab","214777","214777","unchanged",""
"01_raw_data\liver_NAFLD_MASLD\supplementary\GSE135251\GSE135251_RAW\GSM3998360_C134_S5.counts.txt.gz","75525ee02e08cd08219da179733414d36d45b11dfebf85bbe50e793132262d69","75525ee02e08cd08219da179733414d36d45b11dfebf85bbe50e793132262d69","209627","209627","unchanged",""
"01_raw_data\liver_NAFLD_MASLD\supplementary\GSE135251\GSE135251_RAW\GSM3998361_C135-Ann-Daly_S6.counts.txt.gz","d12a19a063857c25746bb7c108a3febc8bb53f36de6b4189b3e88a58f9114da1","d12a19a063857c25746bb7c108a3febc8bb53f36de6b4189b3e88a58f9114da1","207904","207904","unchanged",""
"01_raw_data\liver_NAFLD_MASLD\supplementary\GSE135251\GSE135251_RAW\GSM3998362_C136-Ann-Daly_S7.counts.txt.gz","b022cdf99144d3b594d19e4fde974c56ea4258a8ff53e59a2023e8ebb4c20caf","b022cdf99144d3b594d19e4fde974c56ea4258a8ff53e59a2023e8ebb4c20caf","209240","209240","unchanged",""
"01_raw_data\liver_NAFLD_MASLD\supplementary\GSE135251\GSE135251_RAW\GSM3998363_C137-Ann-Daly_S8.counts.txt.gz","b45fb4bae0348603aff5ffc6645661fcc993124f1d055c077c9be00bb0de6012","b45fb4bae0348603aff5ffc6645661fcc993124f1d055c077c9be00bb0de6012","210958","210958","unchanged",""
"01_raw_data\liver_NAFLD_MASLD\supplementary\GSE135251\GSE135251_RAW\GSM3998364_C139-Ann-Daly_S9.counts.txt.gz","2eee6752125f838a34dc04db22f9af4abf46ae97230e260ea7dccb56e8f3a0a1","2eee6752125f838a34dc04db22f9af4abf46ae97230e260ea7dccb56e8f3a0a1","210807","210807","unchanged",""
"01_raw_data\liver_NAFLD_MASLD\supplementary\GSE135251\GSE135251_RAW\GSM3998365_C143-Ann-Daly_S11.counts.txt.gz","2b18cfe266e3af37f5c5e9604029d315617e31b4c737928ed02a7b2f46cedc71","2b18cfe266e3af37f5c5e9604029d315617e31b4c737928ed02a7b2f46cedc71","212447","212447","unchanged",""
"01_raw_data\liver_NAFLD_MASLD\supplementary\GSE135251\GSE135251_RAW\GSM3998366_C145-Ann-Daly_S12.counts.txt.gz","0a7876172cffd8822fc04100ff3b9b25c7bc53916a05402ad6d6dfc92aa609bb","0a7876172cffd8822fc04100ff3b9b25c7bc53916a05402ad6d6dfc92aa609bb","210749","210749","unchanged",""
"01_raw_data\liver_NAFLD_MASLD\supplementary\GSE135251\GSE135251_RAW\GSM3998367_C150-Ann-Daly_S13.counts.txt.gz","657411d578fd621ae5d260373430d9f0b64d4638569c623949797de99f4dd2b7","657411d578fd621ae5d260373430d9f0b64d4638569c623949797de99f4dd2b7","212231","212231","unchanged",""
"01_raw_data\liver_NAFLD_MASLD\supplementary\GSE135251\GSE135251_RAW\GSM3998368_C171-Ann-Daly_S16.counts.txt.gz","95fed17f52375b255cf4893940d0ee2cbbef18a28c30476498914bde7c9afbe1","95fed17f52375b255cf4893940d0ee2cbbef18a28c30476498914bde7c9afbe1","212304","212304","unchanged",""
"01_raw_data\liver_NAFLD_MASLD\supplementary\GSE135251\GSE135251_RAW\GSM3998369_C173-Ann-Daly_S16.counts.txt.gz","30f433b5c631c9229ddf5bf7ceed006ad64873f6fbcb84c9e3be3c0cd86eee5d","30f433b5c631c9229ddf5bf7ceed006ad64873f6fbcb84c9e3be3c0cd86eee5d","208795","208795","unchanged",""
"01_raw_data\liver_NAFLD_MASLD\supplementary\GSE135251\GSE135251_RAW\GSM3998370_C18-Ann-Daly_S3.counts.txt.gz","92a2c23244ad92f67b775192e34211e6166362d1f0aa3839f4b51ea9988f47f8","92a2c23244ad92f67b775192e34211e6166362d1f0aa3839f4b51ea9988f47f8","214589","214589","unchanged",""
"01_raw_data\liver_NAFLD_MASLD\supplementary\GSE135251\GSE135251_RAW\GSM3998371_C29-Ann-Daly_S4.counts.txt.gz","aef9bfaaec5f4daa26a70ae97fb38176999615ce8a4be414321a357aabbe9f1c","aef9bfaaec5f4daa26a70ae97fb38176999615ce8a4be414321a357aabbe9f1c","212196","212196","unchanged",""
"01_raw_data\liver_NAFLD_MASLD\supplementary\GSE135251\GSE135251_RAW\GSM3998372_C61-Ann-Daly_S5.counts.txt.gz","c3bd007edc80017765c70cfdc1517f8f4ec8b17a92ac0f56912a999f5450f602","c3bd007edc80017765c70cfdc1517f8f4ec8b17a92ac0f56912a999f5450f602","213131","213131","unchanged",""
"01_raw_data\liver_NAFLD_MASLD\supplementary\GSE135251\GSE135251_RAW\GSM3998373_C68-Ann-Daly_S6.counts.txt.gz","967b1bc57d16b812473ec89f2a47ead58409d9575bdda188d7034edc7d9d2cf0","967b1bc57d16b812473ec89f2a47ead58409d9575bdda188d7034edc7d9d2cf0","211404","211404","unchanged",""
"01_raw_data\liver_NAFLD_MASLD\supplementary\GSE135251\GSE135251_RAW\GSM3998374_C69-Ann-Daly_S7.counts.txt.gz","1a3a0104c4a0d0534d9262cf9f5ef105ddb6019964f414f9a414a2bb815b685d","1a3a0104c4a0d0534d9262cf9f5ef105ddb6019964f414f9a414a2bb815b685d","211289","211289","unchanged",""
"01_raw_data\liver_NAFLD_MASLD\supplementary\GSE135251\GSE135251_RAW\GSM3998375_C73-Ann-Daly_S8.counts.txt.gz","683db94924314dd3a95c250860d4169f2a7ddd1907a5e3e7bab977a9693c82ce","683db94924314dd3a95c250860d4169f2a7ddd1907a5e3e7bab977a9693c82ce","212294","212294","unchanged",""
"01_raw_data\liver_NAFLD_MASLD\supplementary\GSE135251\GSE135251_RAW\GSM3998376_C76-Ann-Daly_S9.counts.txt.gz","2e8e56f7ec9ef7dbe36630a1437f03874555d5b76e8546a5b1687141ac42b463","2e8e56f7ec9ef7dbe36630a1437f03874555d5b76e8546a5b1687141ac42b463","212397","212397","unchanged",""
"01_raw_data\liver_NAFLD_MASLD\supplementary\GSE135251\GSE135251_RAW\GSM3998377_C81-Ann-Daly_S10.counts.txt.gz","33bab050b9a2471c0a3eea08d033a307350f020957ac9d83bcde8c9f9a31bd01","33bab050b9a2471c0a3eea08d033a307350f020957ac9d83bcde8c9f9a31bd01","213210","213210","unchanged",""
"01_raw_data\liver_NAFLD_MASLD\supplementary\GSE135251\GSE135251_RAW\GSM3998378_C82-Ann-Daly_S11.counts.txt.gz","e1092d0f723bd30bad29b686ed8d8937e313198fc6d9d33ab89c935816cfc58d","e1092d0f723bd30bad29b686ed8d8937e313198fc6d9d33ab89c935816cfc58d","212034","212034","unchanged",""
"01_raw_data\liver_NAFLD_MASLD\supplementary\GSE135251\GSE135251_RAW\GSM3998379_C90-Ann-Daly_S12.counts.txt.gz","c6c5a6ac8fba931f0400e22a090f1d1055129670921e6432234c403008fc0ba0","c6c5a6ac8fba931f0400e22a090f1d1055129670921e6432234c403008fc0ba0","213256","213256","unchanged",""
"01_raw_data\liver_NAFLD_MASLD\supplementary\GSE135251\GSE135251_RAW\GSM3998380_C93-Ann-Daly_S13.counts.txt.gz","601dbb17ea24013afbeeb2cf08f4218d9e0b07b114c0b24edc54145e31743c70","601dbb17ea24013afbeeb2cf08f4218d9e0b07b114c0b24edc54145e31743c70","212756","212756","unchanged",""
"01_raw_data\liver_NAFLD_MASLD\supplementary\GSE135251\GSE135251_RAW\GSM3998381_C94-Ann-Daly_S15.counts.txt.gz","382a19490e476a937dd3078d077634700c3f29a63f9ae906c207f76cc804f00e","382a19490e476a937dd3078d077634700c3f29a63f9ae906c207f76cc804f00e","212494","212494","unchanged",""
"01_raw_data\liver_NAFLD_MASLD\supplementary\GSE135251\GSE135251_RAW\GSM3998382_C99-Ann-Daly_S16.counts.txt.gz","4347de941a3dfc37b5ae3b582657616b8941d570ae2819ae01d8a8305c203d51","4347de941a3dfc37b5ae3b582657616b8941d570ae2819ae01d8a8305c203d51","214497","214497","unchanged",""
"01_raw_data\liver_NAFLD_MASLD\supplementary\GSE167523\GSE167523_RAW.tar","c41e89396867fe3844b858becee7ed0541cd8bf15f2d3a38f868dcfd96adfd3f","c41e89396867fe3844b858becee7ed0541cd8bf15f2d3a38f868dcfd96adfd3f","14571520","14571520","unchanged",""
"01_raw_data\liver_NAFLD_MASLD\supplementary\GSE167523\GSE167523_RAW\GSM5106590_NAFLD01_FPKM.txt.gz","fa2a99c4b0f2cc0e55aadcbe577f9a7aa90c07fd39a3695b41139d0acb6ab8ec","fa2a99c4b0f2cc0e55aadcbe577f9a7aa90c07fd39a3695b41139d0acb6ab8ec","145283","145283","unchanged",""
"01_raw_data\liver_NAFLD_MASLD\supplementary\GSE167523\GSE167523_RAW\GSM5106591_NAFLD02_FPKM.txt.gz","b27795f4421208409cfa2c2a526fa3ce6924f08eb9af0eb4e9d840a2086ecb5a","b27795f4421208409cfa2c2a526fa3ce6924f08eb9af0eb4e9d840a2086ecb5a","146037","146037","unchanged",""
"01_raw_data\liver_NAFLD_MASLD\supplementary\GSE167523\GSE167523_RAW\GSM5106592_NAFLD03_FPKM.txt.gz","a9f15523c0b55a4250b080dd31916f9d8923d926e90d1a921c8dcf5003e0d441","a9f15523c0b55a4250b080dd31916f9d8923d926e90d1a921c8dcf5003e0d441","141749","141749","unchanged",""
"01_raw_data\liver_NAFLD_MASLD\supplementary\GSE167523\GSE167523_RAW\GSM5106593_NAFLD04_FPKM.txt.gz","b2fb54abe120718c3d7491a076c7aede63af46003f4473911d1479ad169ae350","b2fb54abe120718c3d7491a076c7aede63af46003f4473911d1479ad169ae350","147677","147677","unchanged",""
"01_raw_data\liver_NAFLD_MASLD\supplementary\GSE167523\GSE167523_RAW\GSM5106594_NAFLD05_FPKM.txt.gz","da1924e64a21fc509d4fbbe6e16b5ae1cc8d3a12869a97592f53e0b3016a0d0e","da1924e64a21fc509d4fbbe6e16b5ae1cc8d3a12869a97592f53e0b3016a0d0e","148205","148205","unchanged",""
"01_raw_data\liver_NAFLD_MASLD\supplementary\GSE167523\GSE167523_RAW\GSM5106595_NAFLD06_FPKM.txt.gz","c9067dc317dd81055d9dbea0872a8880c46bad3c866c02bb6128a2ab41896a6b","c9067dc317dd81055d9dbea0872a8880c46bad3c866c02bb6128a2ab41896a6b","147915","147915","unchanged",""
"01_raw_data\liver_NAFLD_MASLD\supplementary\GSE167523\GSE167523_RAW\GSM5106596_NAFLD07_FPKM.txt.gz","4900f81e9dd7594ee443c80ab5dff3983ce7ca285301e39ed59d7c1631615047","4900f81e9dd7594ee443c80ab5dff3983ce7ca285301e39ed59d7c1631615047","146838","146838","unchanged",""
"01_raw_data\liver_NAFLD_MASLD\supplementary\GSE167523\GSE167523_RAW\GSM5106597_NAFLD08_FPKM.txt.gz","c6ea8bdbf0f04976db466f01c5b8d270861a2dfc5627aeb117b384f48716a840","c6ea8bdbf0f04976db466f01c5b8d270861a2dfc5627aeb117b384f48716a840","149367","149367","unchanged",""
"01_raw_data\liver_NAFLD_MASLD\supplementary\GSE167523\GSE167523_RAW\GSM5106598_NAFLD09_FPKM.txt.gz","4f2d4dac84c4da849d67ee512b8f784d7f25b0104fd202667945bc6b936b4f52","4f2d4dac84c4da849d67ee512b8f784d7f25b0104fd202667945bc6b936b4f52","149061","149061","unchanged",""
"01_raw_data\liver_NAFLD_MASLD\supplementary\GSE167523\GSE167523_RAW\GSM5106599_NAFLD10_FPKM.txt.gz","14d3afc9a221c972c92dd4e578a2bd767577f9d0bb6ff28512d63ec9ac748e54","14d3afc9a221c972c92dd4e578a2bd767577f9d0bb6ff28512d63ec9ac748e54","147328","147328","unchanged",""
"01_raw_data\liver_NAFLD_MASLD\supplementary\GSE167523\GSE167523_RAW\GSM5106600_NAFLD11_FPKM.txt.gz","998fb098281f8028b426981c59cbfe83d35484f6e9b887b1c3977cece4424cbd","998fb098281f8028b426981c59cbfe83d35484f6e9b887b1c3977cece4424cbd","148795","148795","unchanged",""
"01_raw_data\liver_NAFLD_MASLD\supplementary\GSE167523\GSE167523_RAW\GSM5106601_NAFLD12_FPKM.txt.gz","4f84d9e6910406611d45fc68bd4d235a03821bb980625316d728c48730aa85fe","4f84d9e6910406611d45fc68bd4d235a03821bb980625316d728c48730aa85fe","148660","148660","unchanged",""
"01_raw_data\liver_NAFLD_MASLD\supplementary\GSE167523\GSE167523_RAW\GSM5106602_NAFLD13_FPKM.txt.gz","cbe2b45e0f53a0012c8b1c8bc36b8529d67a4f966f744198cc17cbeecd2e4219","cbe2b45e0f53a0012c8b1c8bc36b8529d67a4f966f744198cc17cbeecd2e4219","149010","149010","unchanged",""
"01_raw_data\liver_NAFLD_MASLD\supplementary\GSE167523\GSE167523_RAW\GSM5106603_NAFLD14_FPKM.txt.gz","db584dae20fbc0b8b658a55252a1531f351732eba00a109a594458384cf5e615","db584dae20fbc0b8b658a55252a1531f351732eba00a109a594458384cf5e615","147708","147708","unchanged",""
"01_raw_data\liver_NAFLD_MASLD\supplementary\GSE167523\GSE167523_RAW\GSM5106604_NAFLD15_FPKM.txt.gz","ab1452f724c3ca063c4d6eae3600163e2edcfdd8b68d46d732fe0a90ffbaa55b","ab1452f724c3ca063c4d6eae3600163e2edcfdd8b68d46d732fe0a90ffbaa55b","147400","147400","unchanged",""
"01_raw_data\liver_NAFLD_MASLD\supplementary\GSE167523\GSE167523_RAW\GSM5106605_NAFLD16_FPKM.txt.gz","928ac68f07609ef7b68d611ca5433d93e519b8e4249e7fd7cf1ddeb5d926e833","928ac68f07609ef7b68d611ca5433d93e519b8e4249e7fd7cf1ddeb5d926e833","147526","147526","unchanged",""
"01_raw_data\liver_NAFLD_MASLD\supplementary\GSE167523\GSE167523_RAW\GSM5106606_NAFLD17_FPKM.txt.gz","aa1338c1400e7d98a12452d2dded7019752714376d35bfbdc87238fc3eb9a45d","aa1338c1400e7d98a12452d2dded7019752714376d35bfbdc87238fc3eb9a45d","148168","148168","unchanged",""
"01_raw_data\liver_NAFLD_MASLD\supplementary\GSE167523\GSE167523_RAW\GSM5106607_NAFLD18_FPKM.txt.gz","a5effb1204fdfb17c8e86b3fc8cb18eb7cb58b2aa0c11c3c74c185b9d77ca7e0","a5effb1204fdfb17c8e86b3fc8cb18eb7cb58b2aa0c11c3c74c185b9d77ca7e0","147317","147317","unchanged",""
"01_raw_data\liver_NAFLD_MASLD\supplementary\GSE167523\GSE167523_RAW\GSM5106608_NAFLD19_FPKM.txt.gz","6d357c0f21e7a6e66046cb145bf0656986e8d6e4529ec1b7eb24a08cccc874d1","6d357c0f21e7a6e66046cb145bf0656986e8d6e4529ec1b7eb24a08cccc874d1","150497","150497","unchanged",""
"01_raw_data\liver_NAFLD_MASLD\supplementary\GSE167523\GSE167523_RAW\GSM5106609_NAFLD20_FPKM.txt.gz","c443398d7d6921f0578f0e85d951dd172e19691e9113fd02f6568cc284687c2a","c443398d7d6921f0578f0e85d951dd172e19691e9113fd02f6568cc284687c2a","147871","147871","unchanged",""
"01_raw_data\liver_NAFLD_MASLD\supplementary\GSE167523\GSE167523_RAW\GSM5106610_NAFLD21_FPKM.txt.gz","5871b71c9e1ed0ec61b4350c53080d9b7bf2ada9781e83cd9af5d81a04f8e671","5871b71c9e1ed0ec61b4350c53080d9b7bf2ada9781e83cd9af5d81a04f8e671","147701","147701","unchanged",""
"01_raw_data\liver_NAFLD_MASLD\supplementary\GSE167523\GSE167523_RAW\GSM5106611_NAFLD22_FPKM.txt.gz","1506eb0806ffde562b21580544d0ce162e6b13158bb72c46b175af24c451923e","1506eb0806ffde562b21580544d0ce162e6b13158bb72c46b175af24c451923e","147782","147782","unchanged",""
"01_raw_data\liver_NAFLD_MASLD\supplementary\GSE167523\GSE167523_RAW\GSM5106612_NAFLD23_FPKM.txt.gz","d81037664648598a9324a69acb0e51319578a2af178c7fae8bb22e903c4500ff","d81037664648598a9324a69acb0e51319578a2af178c7fae8bb22e903c4500ff","148784","148784","unchanged",""
"01_raw_data\liver_NAFLD_MASLD\supplementary\GSE167523\GSE167523_RAW\GSM5106613_NAFLD24_FPKM.txt.gz","9789aaf3ac04713e69677015e292e16a32edd5c473f78084e57b86ee27ccb86d","9789aaf3ac04713e69677015e292e16a32edd5c473f78084e57b86ee27ccb86d","149409","149409","unchanged",""
"01_raw_data\liver_NAFLD_MASLD\supplementary\GSE167523\GSE167523_RAW\GSM5106614_NAFLD25_FPKM.txt.gz","43320a9a404fce7d66f3047839ffc5c617c02178bbc0d55895994f096a96fee7","43320a9a404fce7d66f3047839ffc5c617c02178bbc0d55895994f096a96fee7","149816","149816","unchanged",""
"01_raw_data\liver_NAFLD_MASLD\supplementary\GSE167523\GSE167523_RAW\GSM5106615_NAFLD26_FPKM.txt.gz","bb5c59e18bb6a9d90696edb0d04d388f0f7c0f19a454b3a271febd787742fc76","bb5c59e18bb6a9d90696edb0d04d388f0f7c0f19a454b3a271febd787742fc76","146731","146731","unchanged",""
"01_raw_data\liver_NAFLD_MASLD\supplementary\GSE167523\GSE167523_RAW\GSM5106616_NAFLD27_FPKM.txt.gz","406865ba8c879461043f55cc3afe471ae14ec423a71114bbd76974ce4badbf76","406865ba8c879461043f55cc3afe471ae14ec423a71114bbd76974ce4badbf76","146690","146690","unchanged",""
"01_raw_data\liver_NAFLD_MASLD\supplementary\GSE167523\GSE167523_RAW\GSM5106617_NAFLD28_FPKM.txt.gz","16b0a4f03544bb3fea14e476a3578271dbcf0c665c2c285f07cd7320fd426103","16b0a4f03544bb3fea14e476a3578271dbcf0c665c2c285f07cd7320fd426103","148223","148223","unchanged",""
"01_raw_data\liver_NAFLD_MASLD\supplementary\GSE167523\GSE167523_RAW\GSM5106618_NAFLD29_FPKM.txt.gz","8a3cc550754db035cf3b31031cab9f7c71bfa7112669afad4c4f5972a4d68753","8a3cc550754db035cf3b31031cab9f7c71bfa7112669afad4c4f5972a4d68753","147152","147152","unchanged",""
"01_raw_data\liver_NAFLD_MASLD\supplementary\GSE167523\GSE167523_RAW\GSM5106619_NAFLD30_FPKM.txt.gz","780c6920f9939f2fa3465c6d3bdeb1f7b2de461eaba009424a4ea2def997fd77","780c6920f9939f2fa3465c6d3bdeb1f7b2de461eaba009424a4ea2def997fd77","146378","146378","unchanged",""
"01_raw_data\liver_NAFLD_MASLD\supplementary\GSE167523\GSE167523_RAW\GSM5106620_NAFLD31_FPKM.txt.gz","0ba5e22d6a6489ea3d36c198dc40a94d51aa8c9bea3a26a65f95f9567c46ea87","0ba5e22d6a6489ea3d36c198dc40a94d51aa8c9bea3a26a65f95f9567c46ea87","148831","148831","unchanged",""
"01_raw_data\liver_NAFLD_MASLD\supplementary\GSE167523\GSE167523_RAW\GSM5106621_NAFLD32_FPKM.txt.gz","9fddda4e3bea91166deb8a368245353c39ae141788cb2db516f5c95560f4cd32","9fddda4e3bea91166deb8a368245353c39ae141788cb2db516f5c95560f4cd32","146974","146974","unchanged",""
"01_raw_data\liver_NAFLD_MASLD\supplementary\GSE167523\GSE167523_RAW\GSM5106622_NAFLD33_FPKM.txt.gz","0ef943132bbfd4c68e79881af68b6d3ac03d199863a818fbf8b0a26b5dde7cf9","0ef943132bbfd4c68e79881af68b6d3ac03d199863a818fbf8b0a26b5dde7cf9","147759","147759","unchanged",""
"01_raw_data\liver_NAFLD_MASLD\supplementary\GSE167523\GSE167523_RAW\GSM5106623_NAFLD34_FPKM.txt.gz","1e3f360bef9935f18f0f3b9a17a137cd67ac3b3d958e722a4a8db46983fa8901","1e3f360bef9935f18f0f3b9a17a137cd67ac3b3d958e722a4a8db46983fa8901","147493","147493","unchanged",""
"01_raw_data\liver_NAFLD_MASLD\supplementary\GSE167523\GSE167523_RAW\GSM5106624_NAFLD35_FPKM.txt.gz","ec8f52180825e4d723c89c640f8ad6a4d7293df2902cde1077e96ae003fbc643","ec8f52180825e4d723c89c640f8ad6a4d7293df2902cde1077e96ae003fbc643","146614","146614","unchanged",""
"01_raw_data\liver_NAFLD_MASLD\supplementary\GSE167523\GSE167523_RAW\GSM5106625_NAFLD36_FPKM.txt.gz","4082edc1397b4339fe176115ec195752eadbcb5137d9cead341b6059feb8d6eb","4082edc1397b4339fe176115ec195752eadbcb5137d9cead341b6059feb8d6eb","149051","149051","unchanged",""
"01_raw_data\liver_NAFLD_MASLD\supplementary\GSE167523\GSE167523_RAW\GSM5106626_NAFLD37_FPKM.txt.gz","d8c51300a97a0c6be0d3f8f02f6e8baf3904943b68d18f16e9f80bf9d918b5e6","d8c51300a97a0c6be0d3f8f02f6e8baf3904943b68d18f16e9f80bf9d918b5e6","147108","147108","unchanged",""
"01_raw_data\liver_NAFLD_MASLD\supplementary\GSE167523\GSE167523_RAW\GSM5106627_NAFLD38_FPKM.txt.gz","96a411c0cd1346b8b7a90a6922e13a662a1513998c645b7971697eddd886ccc1","96a411c0cd1346b8b7a90a6922e13a662a1513998c645b7971697eddd886ccc1","147516","147516","unchanged",""
"01_raw_data\liver_NAFLD_MASLD\supplementary\GSE167523\GSE167523_RAW\GSM5106628_NAFLD39_FPKM.txt.gz","ac4dd4d9274fe83287568e1baf6cc219d861114d817fb41b5e3e01b0783ca061","ac4dd4d9274fe83287568e1baf6cc219d861114d817fb41b5e3e01b0783ca061","148476","148476","unchanged",""
"01_raw_data\liver_NAFLD_MASLD\supplementary\GSE167523\GSE167523_RAW\GSM5106629_NAFLD40_FPKM.txt.gz","4c75445532cc164c47177fa0db4d4f063e9c7c21fdcfcbf62e122ba46fc01f90","4c75445532cc164c47177fa0db4d4f063e9c7c21fdcfcbf62e122ba46fc01f90","148266","148266","unchanged",""
"01_raw_data\liver_NAFLD_MASLD\supplementary\GSE167523\GSE167523_RAW\GSM5106630_NAFLD41_FPKM.txt.gz","0239919ab70a7c9905e8013baaf5290d109d446342fe839723bd0dc59d9292a9","0239919ab70a7c9905e8013baaf5290d109d446342fe839723bd0dc59d9292a9","147526","147526","unchanged",""
"01_raw_data\liver_NAFLD_MASLD\supplementary\GSE167523\GSE167523_RAW\GSM5106631_NAFLD42_FPKM.txt.gz","c5705ce5f2f88ed901c8bb1bd18eac22494dbe44e5a628c81f6dbbd3cf342395","c5705ce5f2f88ed901c8bb1bd18eac22494dbe44e5a628c81f6dbbd3cf342395","148606","148606","unchanged",""
"01_raw_data\liver_NAFLD_MASLD\supplementary\GSE167523\GSE167523_RAW\GSM5106632_NAFLD43_FPKM.txt.gz","d61b63de4499aef23401a2e99fa66020c9c2067e258987adb2ec6d843450dbcb","d61b63de4499aef23401a2e99fa66020c9c2067e258987adb2ec6d843450dbcb","141538","141538","unchanged",""
"01_raw_data\liver_NAFLD_MASLD\supplementary\GSE167523\GSE167523_RAW\GSM5106633_NAFLD44_FPKM.txt.gz","418ba90bbe7d7ce5a18abc00f65a1c76f75ff9e9e84344f3d0fc1da7af249415","418ba90bbe7d7ce5a18abc00f65a1c76f75ff9e9e84344f3d0fc1da7af249415","146326","146326","unchanged",""
"01_raw_data\liver_NAFLD_MASLD\supplementary\GSE167523\GSE167523_RAW\GSM5106634_NAFLD45_FPKM.txt.gz","21d08d6adcd7eb772eafc10f823a26fe5f9676dfb77f4e9799d3f2713de75fb5","21d08d6adcd7eb772eafc10f823a26fe5f9676dfb77f4e9799d3f2713de75fb5","147243","147243","unchanged",""
"01_raw_data\liver_NAFLD_MASLD\supplementary\GSE167523\GSE167523_RAW\GSM5106635_NAFLD46_FPKM.txt.gz","3ad8282c6f7841af5f07c2fa0a4ea4ffba2663f18aa702be7f7772a03312f128","3ad8282c6f7841af5f07c2fa0a4ea4ffba2663f18aa702be7f7772a03312f128","145488","145488","unchanged",""
"01_raw_data\liver_NAFLD_MASLD\supplementary\GSE167523\GSE167523_RAW\GSM5106636_NAFLD47_FPKM.txt.gz","26deb9991309f1c3d1c6679b64a4f800a029de8f6d1ce2c103ac528dec6578e8","26deb9991309f1c3d1c6679b64a4f800a029de8f6d1ce2c103ac528dec6578e8","149213","149213","unchanged",""
"01_raw_data\liver_NAFLD_MASLD\supplementary\GSE167523\GSE167523_RAW\GSM5106637_NAFLD48_FPKM.txt.gz","11d7b70f6f2ce6181b0c7cb2eb203c6289f242c05d43b766b308e177c21680ec","11d7b70f6f2ce6181b0c7cb2eb203c6289f242c05d43b766b308e177c21680ec","150380","150380","unchanged",""
"01_raw_data\liver_NAFLD_MASLD\supplementary\GSE167523\GSE167523_RAW\GSM5106638_NAFLD49_FPKM.txt.gz","26e674894af6f2c7ee5ba9191257e159529799444a96a4f459cfae58e2c1d0ac","26e674894af6f2c7ee5ba9191257e159529799444a96a4f459cfae58e2c1d0ac","147806","147806","unchanged",""
"01_raw_data\liver_NAFLD_MASLD\supplementary\GSE167523\GSE167523_RAW\GSM5106639_NAFLD50_FPKM.txt.gz","25a6c52c55be94176fe69dc2cb206e2bbc6f51c905dd86e6d9e030eee97909bb","25a6c52c55be94176fe69dc2cb206e2bbc6f51c905dd86e6d9e030eee97909bb","147420","147420","unchanged",""
"01_raw_data\liver_NAFLD_MASLD\supplementary\GSE167523\GSE167523_RAW\GSM5106640_NAFLD51_FPKM.txt.gz","dc9b8c718826380cbaff3a6e32ff928bdf0dc9b45188be1c487fd0c29138516a","dc9b8c718826380cbaff3a6e32ff928bdf0dc9b45188be1c487fd0c29138516a","148789","148789","unchanged",""
"01_raw_data\liver_NAFLD_MASLD\supplementary\GSE167523\GSE167523_RAW\GSM5106641_NAFLD52_FPKM.txt.gz","48fba691340990c8c6d868e35b8c37e8aaf8243c79712815a021547b2a4350fe","48fba691340990c8c6d868e35b8c37e8aaf8243c79712815a021547b2a4350fe","148175","148175","unchanged",""
"01_raw_data\liver_NAFLD_MASLD\supplementary\GSE167523\GSE167523_RAW\GSM5106642_NAFLD53_FPKM.txt.gz","97911592af712191c2a7100db2e1c6231c2eae0aa3ef882dbb760b41b2422cc0","97911592af712191c2a7100db2e1c6231c2eae0aa3ef882dbb760b41b2422cc0","146269","146269","unchanged",""
"01_raw_data\liver_NAFLD_MASLD\supplementary\GSE167523\GSE167523_RAW\GSM5106643_NAFLD54_FPKM.txt.gz","c3a3c2e80ee650ff7f61de397aab86d6f446ceb0238383fd8390a93a782f067d","c3a3c2e80ee650ff7f61de397aab86d6f446ceb0238383fd8390a93a782f067d","149328","149328","unchanged",""
"01_raw_data\liver_NAFLD_MASLD\supplementary\GSE167523\GSE167523_RAW\GSM5106644_NAFLD55_FPKM.txt.gz","fa603b05ec58a8779ff90badf9ca8a360addd567627faa57b0788a039b8cce46","fa603b05ec58a8779ff90badf9ca8a360addd567627faa57b0788a039b8cce46","147405","147405","unchanged",""
"01_raw_data\liver_NAFLD_MASLD\supplementary\GSE167523\GSE167523_RAW\GSM5106645_NAFLD56_FPKM.txt.gz","52c74639dd688a9e4ab1d0f12d24634d72b770a7cb8742beda71151cb7584673","52c74639dd688a9e4ab1d0f12d24634d72b770a7cb8742beda71151cb7584673","147915","147915","unchanged",""
"01_raw_data\liver_NAFLD_MASLD\supplementary\GSE167523\GSE167523_RAW\GSM5106646_NAFLD57_FPKM.txt.gz","81a1329801f629b26748dc439519b4be393db012a052ed67020418164ed2f05a","81a1329801f629b26748dc439519b4be393db012a052ed67020418164ed2f05a","148882","148882","unchanged",""
"01_raw_data\liver_NAFLD_MASLD\supplementary\GSE167523\GSE167523_RAW\GSM5106647_NAFLD58_FPKM.txt.gz","f06f308bfa97ddc27fae504ccdc490db9d90a4f9a6da05765a6eab1bbb13dc03","f06f308bfa97ddc27fae504ccdc490db9d90a4f9a6da05765a6eab1bbb13dc03","149624","149624","unchanged",""
"01_raw_data\liver_NAFLD_MASLD\supplementary\GSE167523\GSE167523_RAW\GSM5106648_NAFLD59_FPKM.txt.gz","a9a8113c09215eaedf61425e80c8a3517c8f0c59981d41601480c8f260eef6ec","a9a8113c09215eaedf61425e80c8a3517c8f0c59981d41601480c8f260eef6ec","150003","150003","unchanged",""
"01_raw_data\liver_NAFLD_MASLD\supplementary\GSE167523\GSE167523_RAW\GSM5106649_NAFLD60_FPKM.txt.gz","220efa982714f0a18542d9b4466d405fed8e7387f9b30659c6d81281d25c61d9","220efa982714f0a18542d9b4466d405fed8e7387f9b30659c6d81281d25c61d9","148601","148601","unchanged",""
"01_raw_data\liver_NAFLD_MASLD\supplementary\GSE167523\GSE167523_RAW\GSM5106650_NAFLD61_FPKM.txt.gz","96a8deebc8973fef4d965e393db072374b4bb57c25b6bd3965d597f6c4391649","96a8deebc8973fef4d965e393db072374b4bb57c25b6bd3965d597f6c4391649","148565","148565","unchanged",""
"01_raw_data\liver_NAFLD_MASLD\supplementary\GSE167523\GSE167523_RAW\GSM5106651_NAFLD62_FPKM.txt.gz","b7a8223837bf6e68464cf74399f47b942221f579e07ead301515332cef57f84e","b7a8223837bf6e68464cf74399f47b942221f579e07ead301515332cef57f84e","148070","148070","unchanged",""
"01_raw_data\liver_NAFLD_MASLD\supplementary\GSE167523\GSE167523_RAW\GSM5106652_NAFLD63_FPKM.txt.gz","2d9e3995c984f08638a19431b7f8683d931bed6617611e82e8b691a839a397d6","2d9e3995c984f08638a19431b7f8683d931bed6617611e82e8b691a839a397d6","147554","147554","unchanged",""
"01_raw_data\liver_NAFLD_MASLD\supplementary\GSE167523\GSE167523_RAW\GSM5106653_NAFLD64_FPKM.txt.gz","11f3fdc951f5e6141ded2bed22deaf21c9d2123a66d62241d38fe6cdc0e0d1a9","11f3fdc951f5e6141ded2bed22deaf21c9d2123a66d62241d38fe6cdc0e0d1a9","148453","148453","unchanged",""
"01_raw_data\liver_NAFLD_MASLD\supplementary\GSE167523\GSE167523_RAW\GSM5106654_NAFLD65_FPKM.txt.gz","b6e6131b6bb989b6148e48f6377d5a0d43281ad4fc8af05e24aa58abae3ea48b","b6e6131b6bb989b6148e48f6377d5a0d43281ad4fc8af05e24aa58abae3ea48b","147251","147251","unchanged",""
"01_raw_data\liver_NAFLD_MASLD\supplementary\GSE167523\GSE167523_RAW\GSM5106655_NAFLD66_FPKM.txt.gz","d70051a864080792b23209511bdf80fd11cea0294c269b5ab9b7b8ae7377e360","d70051a864080792b23209511bdf80fd11cea0294c269b5ab9b7b8ae7377e360","147416","147416","unchanged",""
"01_raw_data\liver_NAFLD_MASLD\supplementary\GSE167523\GSE167523_RAW\GSM5106656_NAFLD67_FPKM.txt.gz","77dc45308927880bbeacce13164e5cb427b1bd40c057fdec3efebb04d8584042","77dc45308927880bbeacce13164e5cb427b1bd40c057fdec3efebb04d8584042","148915","148915","unchanged",""
"01_raw_data\liver_NAFLD_MASLD\supplementary\GSE167523\GSE167523_RAW\GSM5106657_NAFLD68_FPKM.txt.gz","ec02174b91da1cef7f86a05a4ec2b8b360426d22c34302c1d2155a62fa49758d","ec02174b91da1cef7f86a05a4ec2b8b360426d22c34302c1d2155a62fa49758d","147786","147786","unchanged",""
"01_raw_data\liver_NAFLD_MASLD\supplementary\GSE167523\GSE167523_RAW\GSM5106658_NAFLD69_FPKM.txt.gz","67ae8e6ca1e9e261f84ceaac6033f2ebb418fc51c4a613aabb43a9c1b79f8e3e","67ae8e6ca1e9e261f84ceaac6033f2ebb418fc51c4a613aabb43a9c1b79f8e3e","147510","147510","unchanged",""
"01_raw_data\liver_NAFLD_MASLD\supplementary\GSE167523\GSE167523_RAW\GSM5106659_NAFLD70_FPKM.txt.gz","d277dfeffb64e4cebff1b0c2740e93f76f0f815d3eab62a03bcfd60fb9ca5b2e","d277dfeffb64e4cebff1b0c2740e93f76f0f815d3eab62a03bcfd60fb9ca5b2e","146658","146658","unchanged",""
"01_raw_data\liver_NAFLD_MASLD\supplementary\GSE167523\GSE167523_RAW\GSM5106660_NAFLD71_FPKM.txt.gz","9f73fc525205ff430bda9db8fc88a42d81664537fb5cbe8c2894fa1e53b5c2c5","9f73fc525205ff430bda9db8fc88a42d81664537fb5cbe8c2894fa1e53b5c2c5","148342","148342","unchanged",""
"01_raw_data\liver_NAFLD_MASLD\supplementary\GSE167523\GSE167523_RAW\GSM5106661_NAFLD72_FPKM.txt.gz","373705549ba73fa74bbb2d339a9186bb322be5bc292fa0b38e7cc25ab60f5d20","373705549ba73fa74bbb2d339a9186bb322be5bc292fa0b38e7cc25ab60f5d20","147980","147980","unchanged",""
"01_raw_data\liver_NAFLD_MASLD\supplementary\GSE167523\GSE167523_RAW\GSM5106662_NAFLD73_FPKM.txt.gz","42f8f7f7aa572e952121b03495d107f7f856e775e18beef9244e8350bd525382","42f8f7f7aa572e952121b03495d107f7f856e775e18beef9244e8350bd525382","146688","146688","unchanged",""
"01_raw_data\liver_NAFLD_MASLD\supplementary\GSE167523\GSE167523_RAW\GSM5106663_NAFLD74_FPKM.txt.gz","29db328efb8f7b01edd727e3b1995253995dfe4ed0d83ddd4440f1140f0d3afe","29db328efb8f7b01edd727e3b1995253995dfe4ed0d83ddd4440f1140f0d3afe","149358","149358","unchanged",""
"01_raw_data\liver_NAFLD_MASLD\supplementary\GSE167523\GSE167523_RAW\GSM5106664_NAFLD75_FPKM.txt.gz","92080da82e605fa37224375fd53afac4ae4315e97719bbdd09f357c80a30d4e1","92080da82e605fa37224375fd53afac4ae4315e97719bbdd09f357c80a30d4e1","148419","148419","unchanged",""
"01_raw_data\liver_NAFLD_MASLD\supplementary\GSE167523\GSE167523_RAW\GSM5106665_NAFLD76_FPKM.txt.gz","9e215920944b2d3a0324917fa4c1be1df84c2a4a64d851f3f79ead880da19d60","9e215920944b2d3a0324917fa4c1be1df84c2a4a64d851f3f79ead880da19d60","146829","146829","unchanged",""
"01_raw_data\liver_NAFLD_MASLD\supplementary\GSE167523\GSE167523_RAW\GSM5106666_NAFLD77_FPKM.txt.gz","bc8c1591670f151993d077044cc79dbc07ae4c6f910f312cf94408107d667b96","bc8c1591670f151993d077044cc79dbc07ae4c6f910f312cf94408107d667b96","147476","147476","unchanged",""
"01_raw_data\liver_NAFLD_MASLD\supplementary\GSE167523\GSE167523_RAW\GSM5106667_NAFLD78_FPKM.txt.gz","a4537ac92934b75b16025ea71b086c530e8c92664f6c1e0ffc9a1770adc37094","a4537ac92934b75b16025ea71b086c530e8c92664f6c1e0ffc9a1770adc37094","147392","147392","unchanged",""
"01_raw_data\liver_NAFLD_MASLD\supplementary\GSE167523\GSE167523_RAW\GSM5106668_NAFLD79_FPKM.txt.gz","06496f4ae53052d4db939e1413bcab94cb4cb2cae9796eed1a71039e076d55d4","06496f4ae53052d4db939e1413bcab94cb4cb2cae9796eed1a71039e076d55d4","148250","148250","unchanged",""
"01_raw_data\liver_NAFLD_MASLD\supplementary\GSE167523\GSE167523_RAW\GSM5106669_NAFLD80_FPKM.txt.gz","5002115d695ec1a936a5410a53f090dd1f1821d3e2fe0926907a802f172d6a47","5002115d695ec1a936a5410a53f090dd1f1821d3e2fe0926907a802f172d6a47","147718","147718","unchanged",""
"01_raw_data\liver_NAFLD_MASLD\supplementary\GSE167523\GSE167523_RAW\GSM5106670_NAFLD81_FPKM.txt.gz","f8c4f66b361819bd91f28743861bc9ebb7289306808d693d9e5b2699e646ad19","f8c4f66b361819bd91f28743861bc9ebb7289306808d693d9e5b2699e646ad19","147503","147503","unchanged",""
"01_raw_data\liver_NAFLD_MASLD\supplementary\GSE167523\GSE167523_RAW\GSM5106671_NAFLD82_FPKM.txt.gz","d681ede628a13e45376c1bd13366ac20f95bc520ed2f3ef9642744f674dfa0a2","d681ede628a13e45376c1bd13366ac20f95bc520ed2f3ef9642744f674dfa0a2","147854","147854","unchanged",""
"01_raw_data\liver_NAFLD_MASLD\supplementary\GSE167523\GSE167523_RAW\GSM5106672_NAFLD83_FPKM.txt.gz","5949ff8adc8ac4824cce0f4cdc5023180de1a4af0ffce3e29c551eb74928d3ee","5949ff8adc8ac4824cce0f4cdc5023180de1a4af0ffce3e29c551eb74928d3ee","145939","145939","unchanged",""
"01_raw_data\liver_NAFLD_MASLD\supplementary\GSE167523\GSE167523_RAW\GSM5106673_NAFLD84_FPKM.txt.gz","c72b01cf88b59bb5e7c7dc4c841a114b7203b3e5ad2f9e4a239e8c5136f62379","c72b01cf88b59bb5e7c7dc4c841a114b7203b3e5ad2f9e4a239e8c5136f62379","147116","147116","unchanged",""
"01_raw_data\liver_NAFLD_MASLD\supplementary\GSE167523\GSE167523_RAW\GSM5106674_NAFLD85_FPKM.txt.gz","47b32aedf8fcd92f6efa16ba8ac84114a140cbd0df1e706c343191286504d58c","47b32aedf8fcd92f6efa16ba8ac84114a140cbd0df1e706c343191286504d58c","147640","147640","unchanged",""
"01_raw_data\liver_NAFLD_MASLD\supplementary\GSE167523\GSE167523_RAW\GSM5106675_NAFLD86_FPKM.txt.gz","56668b8b27004f28458418711354388eda1f21a642264f67e6587610a3ab4929","56668b8b27004f28458418711354388eda1f21a642264f67e6587610a3ab4929","148270","148270","unchanged",""
"01_raw_data\liver_NAFLD_MASLD\supplementary\GSE167523\GSE167523_RAW\GSM5106676_NAFLD87_FPKM.txt.gz","accf0846992be22b31e71c799f3c5badfaf75250e58fd7df3993ca1e4a7b0864","accf0846992be22b31e71c799f3c5badfaf75250e58fd7df3993ca1e4a7b0864","149228","149228","unchanged",""
"01_raw_data\liver_NAFLD_MASLD\supplementary\GSE167523\GSE167523_RAW\GSM5106677_NAFLD88_FPKM.txt.gz","867f3ca7807aa5052a19d6fc53ee9341be2c2167e95c1a8d89b1e8324181cd71","867f3ca7807aa5052a19d6fc53ee9341be2c2167e95c1a8d89b1e8324181cd71","146900","146900","unchanged",""
"01_raw_data\liver_NAFLD_MASLD\supplementary\GSE167523\GSE167523_RAW\GSM5106678_NAFLD89_FPKM.txt.gz","c02c778ea87654052aeb77681cba84e96c7790fa2248037589f6125951c52454","c02c778ea87654052aeb77681cba84e96c7790fa2248037589f6125951c52454","148066","148066","unchanged",""
"01_raw_data\liver_NAFLD_MASLD\supplementary\GSE167523\GSE167523_RAW\GSM5106679_NAFLD90_FPKM.txt.gz","73d547841a3fd3000b29065478aaa26b5477516f5d7123d4d0004b5d9861d80b","73d547841a3fd3000b29065478aaa26b5477516f5d7123d4d0004b5d9861d80b","147020","147020","unchanged",""
"01_raw_data\liver_NAFLD_MASLD\supplementary\GSE167523\GSE167523_RAW\GSM5106680_NAFLD91_FPKM.txt.gz","be7166fd653e7cdb975d5316f636876e64f990a0e257d0097026d25df3955cfd","be7166fd653e7cdb975d5316f636876e64f990a0e257d0097026d25df3955cfd","147674","147674","unchanged",""
"01_raw_data\liver_NAFLD_MASLD\supplementary\GSE167523\GSE167523_RAW\GSM5106681_NAFLD92_FPKM.txt.gz","6edd84949b5b2823025d6d862ba1101ab2c25ffcaccd36cb90664f54fc2923a6","6edd84949b5b2823025d6d862ba1101ab2c25ffcaccd36cb90664f54fc2923a6","148148","148148","unchanged",""
"01_raw_data\liver_NAFLD_MASLD\supplementary\GSE167523\GSE167523_RAW\GSM5106682_NAFLD93_FPKM.txt.gz","5c00dd35f3d639efb4ef044ef742746ead5a2c09db8043972cd8992168a71521","5c00dd35f3d639efb4ef044ef742746ead5a2c09db8043972cd8992168a71521","148681","148681","unchanged",""
"01_raw_data\liver_NAFLD_MASLD\supplementary\GSE167523\GSE167523_RAW\GSM5106683_NAFLD94_FPKM.txt.gz","62bb746e794a9d33a677ec0a51bfa08199e1480f833221c567805a887eb22110","62bb746e794a9d33a677ec0a51bfa08199e1480f833221c567805a887eb22110","148959","148959","unchanged",""
"01_raw_data\liver_NAFLD_MASLD\supplementary\GSE167523\GSE167523_RAW\GSM5106684_NAFLD95_FPKM.txt.gz","270de858bf2cc07d4811bc033f2c73179eb8c54d17b0ee9a5dbb2f0f072e6d79","270de858bf2cc07d4811bc033f2c73179eb8c54d17b0ee9a5dbb2f0f072e6d79","147743","147743","unchanged",""
"01_raw_data\liver_NAFLD_MASLD\supplementary\GSE167523\GSE167523_RAW\GSM5106685_NAFLD96_FPKM.txt.gz","b87bb995f5347911bb5014c6f330d721e096a9c6e0c5be903dd43040a6cb0630","b87bb995f5347911bb5014c6f330d721e096a9c6e0c5be903dd43040a6cb0630","149117","149117","unchanged",""
"01_raw_data\liver_NAFLD_MASLD\supplementary\GSE167523\GSE167523_RAW\GSM5106686_NAFLD97_FPKM.txt.gz","0e7be91a0c820672e702716bf76b0e4239c5559964a88a97af1b285d467221c2","0e7be91a0c820672e702716bf76b0e4239c5559964a88a97af1b285d467221c2","149669","149669","unchanged",""
"01_raw_data\liver_NAFLD_MASLD\supplementary\GSE167523\GSE167523_RAW\GSM5106687_NAFLD98_FPKM.txt.gz","da5ca325830a3d8174dfc22df5af10c90427a69351f13351d05b89f5432d97d8","da5ca325830a3d8174dfc22df5af10c90427a69351f13351d05b89f5432d97d8","148792","148792","unchanged",""
"01_raw_data\liver_NAFLD_MASLD\supplementary\GSE167523\GSE167523_Raw_gene_counts_matrix.txt","8d82ecfea0655eb0e42f474d7cc6d7c173a7c7a90b3d7137ecbe671a04dc6ccf","8d82ecfea0655eb0e42f474d7cc6d7c173a7c7a90b3d7137ecbe671a04dc6ccf","2652430","2652430","unchanged",""
"01_raw_data\liver_NAFLD_MASLD\supplementary\GSE167523\GSE167523_Raw_gene_counts_matrix.txt.gz","7714aa32816f4a377fcdba03eddbe2caa91f0fd92ee0ea7a926f107b17f94fbc","7714aa32816f4a377fcdba03eddbe2caa91f0fd92ee0ea7a926f107b17f94fbc","2652007","2652007","unchanged",""
"01_raw_data\liver_NAFLD_MASLD\supplementary\GSE167523\GSE167523_Sample_phenotype_correspondence.xlsx","bee26e98858fc8f9452f6f030f20abbad4505c780926000fa07140c657735bb0","bee26e98858fc8f9452f6f030f20abbad4505c780926000fa07140c657735bb0","11131","11131","unchanged",""
"01_raw_data\README_raw_data.md","675f7ba604d481e801ea19e6c80d649a17d239f48b2503c5662c2ef15f7e6adb","675f7ba604d481e801ea19e6c80d649a17d239f48b2503c5662c2ef15f7e6adb","3487","3487","unchanged",""
"01_raw_data\single_cell_snRNA\GSE144136\expression_matrix.rds","dfbe99ab0d9c01e16187c4cc8531654a817d70aad35962c9fdcdf65a43b148d0","dfbe99ab0d9c01e16187c4cc8531654a817d70aad35962c9fdcdf65a43b148d0","191","191","unchanged",""
"01_raw_data\single_cell_snRNA\GSE144136\pheno_data.rds","da87004307e3a94d7ae1a790f68178d146b344f9b046de7e90016b98bd17370b","da87004307e3a94d7ae1a790f68178d146b344f9b046de7e90016b98bd17370b","2413","2413","unchanged",""
"01_raw_data\single_cell_snRNA\supplementary\GSE144136\GSE144136_Astros_3_filtered_cells.csv","3fe7b75ca79965384d8558d51797c40e06be9ab2d3f243d9eff5a912c2ec0b9c","3fe7b75ca79965384d8558d51797c40e06be9ab2d3f243d9eff5a912c2ec0b9c","6053","6053","unchanged",""
"01_raw_data\single_cell_snRNA\supplementary\GSE144136\GSE144136_Astros_3_filtered_cells.csv.gz","66e99ce9a1aa3063e4bda6d503bac4ed71b691da5d2c3f8c8eef2fb60ea56914","66e99ce9a1aa3063e4bda6d503bac4ed71b691da5d2c3f8c8eef2fb60ea56914","6178","6178","unchanged",""
"01_raw_data\single_cell_snRNA\supplementary\GSE144136\GSE144136_CellNames.csv","dea868f54f5e5048000fb866d6f768460463c880617da952bbc0954ab4f4d13f","dea868f54f5e5048000fb866d6f768460463c880617da952bbc0954ab4f4d13f","687443","687443","unchanged",""
"01_raw_data\single_cell_snRNA\supplementary\GSE144136\GSE144136_CellNames.csv.gz","5cda02a21cee1bc89e1290c99010b1f1305bc9eb5ec3e7d595a8f5786f735cc9","5cda02a21cee1bc89e1290c99010b1f1305bc9eb5ec3e7d595a8f5786f735cc9","687372","687372","unchanged",""
"01_raw_data\single_cell_snRNA\supplementary\GSE144136\GSE144136_Ex_1_L5_6_filtered_cells.csv","ee1221f52208968969b5537a89c51b86b523f6e03c985799bc2e177c7c8ab6e4","ee1221f52208968969b5537a89c51b86b523f6e03c985799bc2e177c7c8ab6e4","6273","6273","unchanged",""
"01_raw_data\single_cell_snRNA\supplementary\GSE144136\GSE144136_Ex_1_L5_6_filtered_cells.csv.gz","44188b795863d3b7308f151ca807fe10e9d19a30bda4fe6b5994107611273212","44188b795863d3b7308f151ca807fe10e9d19a30bda4fe6b5994107611273212","6332","6332","unchanged",""
"01_raw_data\single_cell_snRNA\supplementary\GSE144136\GSE144136_Ex_10_L2_4_filtered_cells.csv","4c9befe0d7bb1d307673b14b700457b33f2b521f8ce8bd2407bb7363f80ecf49","4c9befe0d7bb1d307673b14b700457b33f2b521f8ce8bd2407bb7363f80ecf49","122628","122628","unchanged",""
"01_raw_data\single_cell_snRNA\supplementary\GSE144136\GSE144136_Ex_10_L2_4_filtered_cells.csv.gz","ed782a87a5dc95c7b3731884d5033942e034ae91e325c37970ee669b9d8d90a1","ed782a87a5dc95c7b3731884d5033942e034ae91e325c37970ee669b9d8d90a1","135369","135369","unchanged",""
"01_raw_data\single_cell_snRNA\supplementary\GSE144136\GSE144136_Ex_3_L4_5_filtered_cells.csv","b9ef39e9688e9b383ecc1246a7755fd88423b117a915f3905e940c7d0078b36c","b9ef39e9688e9b383ecc1246a7755fd88423b117a915f3905e940c7d0078b36c","44760","44760","unchanged",""
"01_raw_data\single_cell_snRNA\supplementary\GSE144136\GSE144136_Ex_3_L4_5_filtered_cells.csv.gz","39df3c95af6c75ecb015100537743a18a422ba4594c2fb0afa091ba58c83798e","39df3c95af6c75ecb015100537743a18a422ba4594c2fb0afa091ba58c83798e","47522","47522","unchanged",""
"01_raw_data\single_cell_snRNA\supplementary\GSE144136\GSE144136_Ex_4_L_6_filtered_cells.csv","08e5e0f0614659913a4fce8516c0dfba72f812de3502cfcff121bcfcb7581b1e","08e5e0f0614659913a4fce8516c0dfba72f812de3502cfcff121bcfcb7581b1e","5149","5149","unchanged",""
"01_raw_data\single_cell_snRNA\supplementary\GSE144136\GSE144136_Ex_4_L_6_filtered_cells.csv.gz","3ae33ff4b05172f297f5ab25f6a9bf286337cbb8ca6ed1ea0f285577dfc5d369","3ae33ff4b05172f297f5ab25f6a9bf286337cbb8ca6ed1ea0f285577dfc5d369","5158","5158","unchanged",""
"01_raw_data\single_cell_snRNA\supplementary\GSE144136\GSE144136_Ex_5_L5_filtered_cells.csv","4e45d8fab39b1e75b2f02d5247c3806064993842b1c7d581144b1f91b4e3cad4","4e45d8fab39b1e75b2f02d5247c3806064993842b1c7d581144b1f91b4e3cad4","22545","22545","unchanged",""
"01_raw_data\single_cell_snRNA\supplementary\GSE144136\GSE144136_Ex_5_L5_filtered_cells.csv.gz","57a7125e60c5dba1c7fb9bb9302f19bad5183cfe111ac32a4a3d1687b427a7a8","57a7125e60c5dba1c7fb9bb9302f19bad5183cfe111ac32a4a3d1687b427a7a8","23395","23395","unchanged",""
"01_raw_data\single_cell_snRNA\supplementary\GSE144136\GSE144136_Ex_6_L4_6_filtered_cells.csv","d8a5fb61213e7bfae3eb1f61162a455e09c7482382fd121d7655cb214b96ad25","d8a5fb61213e7bfae3eb1f61162a455e09c7482382fd121d7655cb214b96ad25","20229","20229","unchanged",""
"01_raw_data\single_cell_snRNA\supplementary\GSE144136\GSE144136_Ex_6_L4_6_filtered_cells.csv.gz","3c0df0cfbf54df6bbf35184ad15086082618573c95ec233165ba6e321d596f3a","3c0df0cfbf54df6bbf35184ad15086082618573c95ec233165ba6e321d596f3a","21229","21229","unchanged",""
"01_raw_data\single_cell_snRNA\supplementary\GSE144136\GSE144136_Ex_7_L4_6_filtered_cells.csv","fd3362d3e590198789111bf2dd9afc0ead6040c29103518dac866d6f3fa464a0","fd3362d3e590198789111bf2dd9afc0ead6040c29103518dac866d6f3fa464a0","29334","29334","unchanged",""
"01_raw_data\single_cell_snRNA\supplementary\GSE144136\GSE144136_Ex_7_L4_6_filtered_cells.csv.gz","7ab39c15f7b43ba5bf4c9554d3f42cece09dd1442d75a423f23223b941d842c0","7ab39c15f7b43ba5bf4c9554d3f42cece09dd1442d75a423f23223b941d842c0","31009","31009","unchanged",""
"01_raw_data\single_cell_snRNA\supplementary\GSE144136\GSE144136_Ex_8_L5_6_filtered_cells.csv","5660d13e10083113591e7159ae088b713aeac013d5d735ba2f121ed3b2c74410","5660d13e10083113591e7159ae088b713aeac013d5d735ba2f121ed3b2c74410","15180","15180","unchanged",""
"01_raw_data\single_cell_snRNA\supplementary\GSE144136\GSE144136_Ex_8_L5_6_filtered_cells.csv.gz","a3dba5ba180f0126cbf70cd628894d1a0fae844473a78092fef634177b4a3a84","a3dba5ba180f0126cbf70cd628894d1a0fae844473a78092fef634177b4a3a84","15698","15698","unchanged",""
"01_raw_data\single_cell_snRNA\supplementary\GSE144136\GSE144136_Ex_9_L5_6_filtered_cells.csv","3f6d62c611c24984016640fcd5303cc772e030c2961e6f9563599ec2ec036afc","3f6d62c611c24984016640fcd5303cc772e030c2961e6f9563599ec2ec036afc","2020","2020","unchanged",""
"01_raw_data\single_cell_snRNA\supplementary\GSE144136\GSE144136_Ex_9_L5_6_filtered_cells.csv.gz","13e40174f5653f86ea1b0c9d488d52c021a6913a67b1603f3c03cd21e585f5c4","13e40174f5653f86ea1b0c9d488d52c021a6913a67b1603f3c03cd21e585f5c4","1997","1997","unchanged",""
"01_raw_data\single_cell_snRNA\supplementary\GSE144136\GSE144136_GeneBarcodeMatrix_Annotated.mtx","3318d409dbb12e3fb76a989ea6bc1b68e80184e0497026efeef18741bd437251","3318d409dbb12e3fb76a989ea6bc1b68e80184e0497026efeef18741bd437251","433554226","433554226","unchanged",""
"01_raw_data\single_cell_snRNA\supplementary\GSE144136\GSE144136_GeneBarcodeMatrix_Annotated.mtx.gz","1ef75029aa844385a0d53b5485179da86917d7ff0df7bebbf114453ec9b08b7c","1ef75029aa844385a0d53b5485179da86917d7ff0df7bebbf114453ec9b08b7c","433491143","433491143","unchanged",""
"01_raw_data\single_cell_snRNA\supplementary\GSE144136\GSE144136_GeneNames.csv","a1cb7198491d327be78a5dbf84d4281009154842368c91d0ae35bae6c7751ba6","a1cb7198491d327be78a5dbf84d4281009154842368c91d0ae35bae6c7751ba6","189788","189788","unchanged",""
"01_raw_data\single_cell_snRNA\supplementary\GSE144136\GSE144136_GeneNames.csv.gz","afa091c9c350ee9246b06493320bfd1cd21353414d5a9845a933c65ad4abaf93","afa091c9c350ee9246b06493320bfd1cd21353414d5a9845a933c65ad4abaf93","189740","189740","unchanged",""
"01_raw_data\single_cell_snRNA\supplementary\GSE144136\GSE144136_GRCh38-1.2.0_premrna.tar.gz","72bd3d3fd61b6fa3af8a65e71222de00c0b7e977994b7eb225bbfb9ef97eda95","72bd3d3fd61b6fa3af8a65e71222de00c0b7e977994b7eb225bbfb9ef97eda95","10741990070","10741990070","unchanged",""
"01_raw_data\single_cell_snRNA\supplementary\GSE144136\GSE144136_GRCh38-1.2.0_premrna\GRCh38-1.2.0_premrna\fasta\genome.fa","78777b0886e8dfa5e14e4957fbbaa53736fcbaa5668d59e09b6b7945fca93d8c","78777b0886e8dfa5e14e4957fbbaa53736fcbaa5668d59e09b6b7945fca93d8c","3151425857","3151425857","unchanged",""
"01_raw_data\single_cell_snRNA\supplementary\GSE144136\GSE144136_GRCh38-1.2.0_premrna\GRCh38-1.2.0_premrna\genes\genes.gtf","f389646a15443d80ae49ad2f2ae258ecd6a7170095b6da656a5b7cf90a511630","f389646a15443d80ae49ad2f2ae258ecd6a7170095b6da656a5b7cf90a511630","81976566","81976566","unchanged",""
"01_raw_data\single_cell_snRNA\supplementary\GSE144136\GSE144136_GRCh38-1.2.0_premrna\GRCh38-1.2.0_premrna\pickle\genes.pickle","390cb222c3fb66f64d87953c045a088135ef912317a8f76cdc0388b8390b21db","390cb222c3fb66f64d87953c045a088135ef912317a8f76cdc0388b8390b21db","18451767","18451767","unchanged",""
"01_raw_data\single_cell_snRNA\supplementary\GSE144136\GSE144136_GRCh38-1.2.0_premrna\GRCh38-1.2.0_premrna\reference.json","bb2da118105155709438fbf963ccb8ebcc28d812443d99775120d41d002c9d6f","bb2da118105155709438fbf963ccb8ebcc28d812443d99775120d41d002c9d6f","395","395","unchanged",""
"01_raw_data\single_cell_snRNA\supplementary\GSE144136\GSE144136_GRCh38-1.2.0_premrna\GRCh38-1.2.0_premrna\star\chrLength.txt","b297c2398f93cd3d4c8aa1d4e10d6148c9550a1c2175139c29f9aab505422a17","b297c2398f93cd3d4c8aa1d4e10d6148c9550a1c2175139c29f9aab505422a17","1200","1200","unchanged",""
"01_raw_data\single_cell_snRNA\supplementary\GSE144136\GSE144136_GRCh38-1.2.0_premrna\GRCh38-1.2.0_premrna\star\chrName.txt","bee61239ec4d9bf9f50d8280593b087d6878c43c47ddbef43e7a3969fc78846c","bee61239ec4d9bf9f50d8280593b087d6878c43c47ddbef43e7a3969fc78846c","1923","1923","unchanged",""
"01_raw_data\single_cell_snRNA\supplementary\GSE144136\GSE144136_GRCh38-1.2.0_premrna\GRCh38-1.2.0_premrna\star\chrNameLength.txt","26a124ac4de12e274957140f47cddc96c3b6cd4d228b16c8564439303d6d9e29","26a124ac4de12e274957140f47cddc96c3b6cd4d228b16c8564439303d6d9e29","3123","3123","unchanged",""
"01_raw_data\single_cell_snRNA\supplementary\GSE144136\GSE144136_GRCh38-1.2.0_premrna\GRCh38-1.2.0_premrna\star\chrStart.txt","09e1d0f13d91fd4540be6e87c62f05c57bb54e465ea67bc1e24d347f623ea121","09e1d0f13d91fd4540be6e87c62f05c57bb54e465ea67bc1e24d347f623ea121","2129","2129","unchanged",""
"01_raw_data\single_cell_snRNA\supplementary\GSE144136\GSE144136_GRCh38-1.2.0_premrna\GRCh38-1.2.0_premrna\star\exonGeTrInfo.tab","06a3ea16a0359d9b37fe17d1f8124728b52f95786dc3eed616bc31d7ea8d43e9","06a3ea16a0359d9b37fe17d1f8124728b52f95786dc3eed616bc31d7ea8d43e9","5891239","5891239","unchanged",""
"01_raw_data\single_cell_snRNA\supplementary\GSE144136\GSE144136_GRCh38-1.2.0_premrna\GRCh38-1.2.0_premrna\star\exonInfo.tab","3656796c8c78ac7e2b5f57ce3a93b1eb6c0759df49bda5318c0664605470b530","3656796c8c78ac7e2b5f57ce3a93b1eb6c0759df49bda5318c0664605470b530","1605623","1605623","unchanged",""
"01_raw_data\single_cell_snRNA\supplementary\GSE144136\GSE144136_GRCh38-1.2.0_premrna\GRCh38-1.2.0_premrna\star\geneInfo.tab","a4a6bd06b4728e137543f8dc3365104073310390e0676001002b2313e0994a2e","a4a6bd06b4728e137543f8dc3365104073310390e0676001002b2313e0994a2e","539110","539110","unchanged",""
"01_raw_data\single_cell_snRNA\supplementary\GSE144136\GSE144136_GRCh38-1.2.0_premrna\GRCh38-1.2.0_premrna\star\Genome","0d29d1e23a3d78f33458cde111a5b50f47f80be863a71a97655c6e07756688c2","0d29d1e23a3d78f33458cde111a5b50f47f80be863a71a97655c6e07756688c2","3138387968","3138387968","unchanged",""
"01_raw_data\single_cell_snRNA\supplementary\GSE144136\GSE144136_GRCh38-1.2.0_premrna\GRCh38-1.2.0_premrna\star\genomeParameters.txt","639ba95742610b70ddaeb4c08f361ee9a4c166db9809442b7b981cea92806d1f","639ba95742610b70ddaeb4c08f361ee9a4c166db9809442b7b981cea92806d1f","1003","1003","unchanged",""
"01_raw_data\single_cell_snRNA\supplementary\GSE144136\GSE144136_GRCh38-1.2.0_premrna\GRCh38-1.2.0_premrna\star\SA","1a0dbd83cce9537e89645ebcca01ea3d74645242a6132f5bb14853fa1fdfb495","1a0dbd83cce9537e89645ebcca01ea3d74645242a6132f5bb14853fa1fdfb495","8101084896","8101084896","unchanged",""
"01_raw_data\single_cell_snRNA\supplementary\GSE144136\GSE144136_GRCh38-1.2.0_premrna\GRCh38-1.2.0_premrna\star\SAindex","99d674732d1f7cedabeb0ebdca7b9a1a46508bc7bd69c5c605cd2626a3cb523a","99d674732d1f7cedabeb0ebdca7b9a1a46508bc7bd69c5c605cd2626a3cb523a","1565873619","1565873619","unchanged",""
"01_raw_data\single_cell_snRNA\supplementary\GSE144136\GSE144136_GRCh38-1.2.0_premrna\GRCh38-1.2.0_premrna\star\sjdbInfo.txt","ccb7eae74554d9ae10f46ddfe96979d6aa5ab45aa0b647795aa11faa3399da7c","ccb7eae74554d9ae10f46ddfe96979d6aa5ab45aa0b647795aa11faa3399da7c","6","6","unchanged",""
"01_raw_data\single_cell_snRNA\supplementary\GSE144136\GSE144136_GRCh38-1.2.0_premrna\GRCh38-1.2.0_premrna\star\sjdbList.fromGTF.out.tab","e3b0c44298fc1c149afbf4c8996fb92427ae41e4649b934ca495991b7852b855","e3b0c44298fc1c149afbf4c8996fb92427ae41e4649b934ca495991b7852b855","0","0","unchanged",""
"01_raw_data\single_cell_snRNA\supplementary\GSE144136\GSE144136_GRCh38-1.2.0_premrna\GRCh38-1.2.0_premrna\star\sjdbList.out.tab","e3b0c44298fc1c149afbf4c8996fb92427ae41e4649b934ca495991b7852b855","e3b0c44298fc1c149afbf4c8996fb92427ae41e4649b934ca495991b7852b855","0","0","unchanged",""
"01_raw_data\single_cell_snRNA\supplementary\GSE144136\GSE144136_GRCh38-1.2.0_premrna\GRCh38-1.2.0_premrna\star\transcriptInfo.tab","d393655b4f03ae498bb63461efcb0eaed858fcba467a9c10dfbd8815cbdc4262","d393655b4f03ae498bb63461efcb0eaed858fcba467a9c10dfbd8815cbdc4262","9729615","9729615","unchanged",""
"01_raw_data\single_cell_snRNA\supplementary\GSE144136\GSE144136_Inhib_1_filtered_cells.csv","0188b4804e7ed0fee244ef5494dc9354efd3c9ede63aa2ac1c934a05308f2802","0188b4804e7ed0fee244ef5494dc9354efd3c9ede63aa2ac1c934a05308f2802","16505","16505","unchanged",""
"01_raw_data\single_cell_snRNA\supplementary\GSE144136\GSE144136_Inhib_1_filtered_cells.csv.gz","80a427a875e8d799436e27c00b94d65703010c3e3f7e8939831adfb5e15f1108","80a427a875e8d799436e27c00b94d65703010c3e3f7e8939831adfb5e15f1108","16894","16894","unchanged",""
"01_raw_data\single_cell_snRNA\supplementary\GSE144136\GSE144136_Inhib_2_VIP_filtered_cells.csv","760c24892d4c6bfa5d544f57a73ee92794c9a2c3ab52e570fbdb19f3ba6e8e2d","760c24892d4c6bfa5d544f57a73ee92794c9a2c3ab52e570fbdb19f3ba6e8e2d","25216","25216","unchanged",""
"01_raw_data\single_cell_snRNA\supplementary\GSE144136\GSE144136_Inhib_2_VIP_filtered_cells.csv.gz","f7ff98587e87e9c5da1007c7497ca0c4f1122d24d9ebe9495aeae68d59b10485","f7ff98587e87e9c5da1007c7497ca0c4f1122d24d9ebe9495aeae68d59b10485","27124","27124","unchanged",""
"01_raw_data\single_cell_snRNA\supplementary\GSE144136\GSE144136_Inhib_3_SST_filtered_cells.csv","57ae4ddd4cd6518c076699f64590f9024a5cd1fa30c7c61625f7d49aa27ec95b","57ae4ddd4cd6518c076699f64590f9024a5cd1fa30c7c61625f7d49aa27ec95b","6454","6454","unchanged",""
"01_raw_data\single_cell_snRNA\supplementary\GSE144136\GSE144136_Inhib_3_SST_filtered_cells.csv.gz","ccf5599cbe72d30cf74e9051a6781861a138047f4c41b06766efb1618d1b5289","ccf5599cbe72d30cf74e9051a6781861a138047f4c41b06766efb1618d1b5289","6627","6627","unchanged",""
"01_raw_data\single_cell_snRNA\supplementary\GSE144136\GSE144136_Inhib_5_filtered_cells.csv","e07d95c2806bc892eb5b52d2e93c59ed3c1b727f4e40b4f81a2bae957f101a4c","e07d95c2806bc892eb5b52d2e93c59ed3c1b727f4e40b4f81a2bae957f101a4c","26734","26734","unchanged",""
"01_raw_data\single_cell_snRNA\supplementary\GSE144136\GSE144136_Inhib_5_filtered_cells.csv.gz","49c08461e15664cbf7e8f9af68544e532573f2227987ce172a9472c2653e9cb9","49c08461e15664cbf7e8f9af68544e532573f2227987ce172a9472c2653e9cb9","27779","27779","unchanged",""
"01_raw_data\single_cell_snRNA\supplementary\GSE144136\GSE144136_Inhib_6_SST_filtered_cells.csv","cf625c9ba2abf4a41b80ac9cf8eadb2c958ee078b2295cfd3f05bbb264a28cac","cf625c9ba2abf4a41b80ac9cf8eadb2c958ee078b2295cfd3f05bbb264a28cac","18684","18684","unchanged",""
"01_raw_data\single_cell_snRNA\supplementary\GSE144136\GSE144136_Inhib_6_SST_filtered_cells.csv.gz","ce2fa858d268dc40c24a0b5baea73027f238268bc7b86a566f5de5b5f3bf3c80","ce2fa858d268dc40c24a0b5baea73027f238268bc7b86a566f5de5b5f3bf3c80","19811","19811","unchanged",""
"01_raw_data\single_cell_snRNA\supplementary\GSE144136\GSE144136_Inhib_7_PVALB_filtered_cells.csv","5841b5db80fc33ccad0a67303000f8f7bb9ece4710bd4dc7cf4a11b61e30cd13","5841b5db80fc33ccad0a67303000f8f7bb9ece4710bd4dc7cf4a11b61e30cd13","4950","4950","unchanged",""
"01_raw_data\single_cell_snRNA\supplementary\GSE144136\GSE144136_Inhib_7_PVALB_filtered_cells.csv.gz","0c79b98636a3401da5d690a42beb8a413d4f84120f72c73e740247ac17520964","0c79b98636a3401da5d690a42beb8a413d4f84120f72c73e740247ac17520964","5026","5026","unchanged",""
"01_raw_data\single_cell_snRNA\supplementary\GSE144136\GSE144136_Inhib_8_PVALB_filtered_cells.csv","29bbf7552c7859f8d4513f17c5a0ec97a548255827370409ed7e76b4f901eb97","29bbf7552c7859f8d4513f17c5a0ec97a548255827370409ed7e76b4f901eb97","6083","6083","unchanged",""
"01_raw_data\single_cell_snRNA\supplementary\GSE144136\GSE144136_Inhib_8_PVALB_filtered_cells.csv.gz","5e0fe4cde3ff6130527d6c437b5cd088a261e71675efdecaa54bad8d69e39dbe","5e0fe4cde3ff6130527d6c437b5cd088a261e71675efdecaa54bad8d69e39dbe","6244","6244","unchanged",""
"01_raw_data\single_cell_snRNA\supplementary\GSE144136\GSE144136_Micro_Macro_filtered_cells.csv","648bfc3882f45090dc4a44dda8db645e7c0a32837cfbc19bab91e5026fb837ce","648bfc3882f45090dc4a44dda8db645e7c0a32837cfbc19bab91e5026fb837ce","8350","8350","unchanged",""
"01_raw_data\single_cell_snRNA\supplementary\GSE144136\GSE144136_Micro_Macro_filtered_cells.csv.gz","89cc620ebed2c18397c57b98738601dd1c7736e82cfd4ab8c06b3411055e2a57","89cc620ebed2c18397c57b98738601dd1c7736e82cfd4ab8c06b3411055e2a57","8726","8726","unchanged",""
"01_raw_data\single_cell_snRNA\supplementary\GSE144136\GSE144136_Oligos_1_filtered_cells.csv","9effd03f6f6eda97734ff302f3b16ebf6f6a83de01a02f4082d5f3da8f4b9d53","9effd03f6f6eda97734ff302f3b16ebf6f6a83de01a02f4082d5f3da8f4b9d53","2506","2506","unchanged",""
"01_raw_data\single_cell_snRNA\supplementary\GSE144136\GSE144136_Oligos_1_filtered_cells.csv.gz","333e86295be1498b437937bf3c8004f922c1fe5c2bdd2a093bfb195963358011","333e86295be1498b437937bf3c8004f922c1fe5c2bdd2a093bfb195963358011","2483","2483","unchanged",""
"01_raw_data\single_cell_snRNA\supplementary\GSE144136\GSE144136_Oligos_3_filtered_cells.csv","9e5c88555f44374756a215cf85525a7b42ea2ad5f3ddcaf06f8f4d6a10333d0e","9e5c88555f44374756a215cf85525a7b42ea2ad5f3ddcaf06f8f4d6a10333d0e","31489","31489","unchanged",""
"01_raw_data\single_cell_snRNA\supplementary\GSE144136\GSE144136_Oligos_3_filtered_cells.csv.gz","645472a797097c6455f69c5d9cdc2a5aa4a60e764df519ada75629c52122439a","645472a797097c6455f69c5d9cdc2a5aa4a60e764df519ada75629c52122439a","32696","32696","unchanged",""
"01_raw_data\single_cell_snRNA\supplementary\GSE144136\GSE144136_OPCs_1_filtered_cells.csv","8f7a89a0b6ea3462349d681ae2dabd58357c1aed69b454f606cca30e0c3843b1","8f7a89a0b6ea3462349d681ae2dabd58357c1aed69b454f606cca30e0c3843b1","15325","15325","unchanged",""
"01_raw_data\single_cell_snRNA\supplementary\GSE144136\GSE144136_OPCs_1_filtered_cells.csv.gz","b05db2dc29043bdc3400ad328c66b4f3c965bb6831f17a0c394d1168e97604e0","b05db2dc29043bdc3400ad328c66b4f3c965bb6831f17a0c394d1168e97604e0","15634","15634","unchanged",""
"01_raw_data\single_cell_snRNA\supplementary\GSE144136\GSE144136_OPCs_2_filtered_cells.csv","9289162cb4f65fb5ff37fe8861bfd42beec20a006001ac30d6db9911cbaf01ca","9289162cb4f65fb5ff37fe8861bfd42beec20a006001ac30d6db9911cbaf01ca","4746","4746","unchanged",""
"01_raw_data\single_cell_snRNA\supplementary\GSE144136\GSE144136_OPCs_2_filtered_cells.csv.gz","358ee5e73645e50e0840375d0fe5bc7b4cd6687e9061cfa11ef8c43e46f98a38","358ee5e73645e50e0840375d0fe5bc7b4cd6687e9061cfa11ef8c43e46f98a38","4753","4753","unchanged",""
